id,osm_id,nombre,latitud,longitud,tipo
PLANTA_QUILLACOLLO,PLANTA,Planta Agregados Zambrana,-17.39228,-66.27838,planta
INTER_309139566,309139566,Intersección 309139566,-17.3496648,-66.2874389,interseccion
INTER_309139569,309139569,Intersección 309139569,-17.3562517,-66.2863423,interseccion
INTER_309139570,309139570,Intersección 309139570,-17.361091,-66.2858147,interseccion
INTER_309139579,309139579,Intersección 309139579,-17.3834355,-66.2839841,interseccion
INTER_309139581,309139581,Intersección 309139581,-17.3836257,-66.2848351,interseccion
INTER_309139587,309139587,Intersección 309139587,-17.3932093,-66.2846576,interseccion
INTER_309139637,309139637,Intersección 309139637,-17.3930765,-66.2828923,interseccion
INTER_309139663,309139663,Intersección 309139663,-17.3951823,-66.2815078,interseccion
INTER_309139665,309139665,Intersección 309139665,-17.3929911,-66.2816969,interseccion
INTER_319770603,319770603,Intersección 319770603,-17.395352,-66.3038799,interseccion
INTER_319770804,319770804,Intersección 319770804,-17.3945958,-66.2862169,interseccion
INTER_319770806,319770806,Intersección 319770806,-17.3945051,-66.2846089,interseccion
INTER_319770860,319770860,Intersección 319770860,-17.3942302,-66.2846215,interseccion
INTER_319771123,319771123,Intersección 319771123,-17.3944173,-66.2829966,interseccion
INTER_319771124,319771124,Intersección 319771124,-17.3943417,-66.2815709,interseccion
INTER_319771126,319771126,Intersección 319771126,-17.394282,-66.2806245,interseccion
INTER_319771168,319771168,Intersección 319771168,-17.3940055,-66.2806406,interseccion
INTER_319771170,319771170,Intersección 319771170,-17.3940668,-66.2816,interseccion
INTER_319771172,319771172,Intersección 319771172,-17.3941538,-66.2829891,interseccion
INTER_319771811,319771811,Intersección 319771811,-17.3932457,-66.2729057,interseccion
INTER_319772443,319772443,Intersección 319772443,-17.3977485,-66.3247534,interseccion
INTER_319772448,319772448,Intersección 319772448,-17.3972711,-66.3239313,interseccion
INTER_319772454,319772454,Intersección 319772454,-17.3963003,-66.3209654,interseccion
INTER_319772617,319772617,Intersección 319772617,-17.3921344,-66.2596226,interseccion
INTER_319772622,319772622,Intersección 319772622,-17.3919906,-66.2596078,interseccion
INTER_319773759,319773759,Intersección 319773759,-17.3907244,-66.2439573,interseccion
INTER_319773760,319773760,Intersección 319773760,-17.3907364,-66.2444669,interseccion
INTER_319773765,319773765,Intersección 319773765,-17.3910616,-66.2506914,interseccion
INTER_319773766,319773766,Intersección 319773766,-17.3910637,-66.2508008,interseccion
INTER_617198358,617198358,Intersección 617198358,-17.420169,-66.2837693,interseccion
INTER_617198364,617198364,Intersección 617198364,-17.4179014,-66.2872118,interseccion
INTER_617198365,617198365,Intersección 617198365,-17.4180618,-66.2870725,interseccion
INTER_617198366,617198366,Intersección 617198366,-17.4183003,-66.2864048,interseccion
INTER_617198370,617198370,Intersección 617198370,-17.4184311,-66.2857831,interseccion
INTER_617198376,617198376,Intersección 617198376,-17.4183385,-66.2821195,interseccion
INTER_617198380,617198380,Intersección 617198380,-17.4170675,-66.279167,interseccion
INTER_617198395,617198395,Intersección 617198395,-17.4104271,-66.2808438,interseccion
INTER_617198410,617198410,Intersección 617198410,-17.4011718,-66.2810727,interseccion
INTER_617198439,617198439,Intersección 617198439,-17.3940994,-66.2787977,interseccion
INTER_617198520,617198520,Intersección 617198520,-17.4152203,-66.2765287,interseccion
INTER_617198522,617198522,Intersección 617198522,-17.4148566,-66.2735908,interseccion
INTER_617198531,617198531,Intersección 617198531,-17.4102986,-66.2729259,interseccion
INTER_617198543,617198543,Intersección 617198543,-17.4151041,-66.2771222,interseccion
INTER_617198554,617198554,Intersección 617198554,-17.41029,-66.2730175,interseccion
INTER_617198577,617198577,Intersección 617198577,-17.3932307,-66.2611147,interseccion
INTER_617198579,617198579,Intersección 617198579,-17.3933517,-66.2561504,interseccion
INTER_617198582,617198582,Intersección 617198582,-17.3935053,-66.2468285,interseccion
INTER_617198583,617198583,Intersección 617198583,-17.3936132,-66.2439128,interseccion
INTER_617198585,617198585,Intersección 617198585,-17.3934768,-66.2395957,interseccion
INTER_617198588,617198588,Intersección 617198588,-17.3932473,-66.2370797,interseccion
INTER_617198627,617198627,Intersección 617198627,-17.3938889,-66.2684442,interseccion
INTER_617198633,617198633,Intersección 617198633,-17.3933078,-66.2621563,interseccion
INTER_617198634,617198634,Intersección 617198634,-17.3933273,-66.2611167,interseccion
INTER_617198636,617198636,Intersección 617198636,-17.3934609,-66.2561767,interseccion
INTER_617198640,617198640,Intersección 617198640,-17.3937271,-66.2439063,interseccion
INTER_617198642,617198642,Intersección 617198642,-17.3935893,-66.239602,interseccion
INTER_617198645,617198645,Intersección 617198645,-17.3933435,-66.2369965,interseccion
INTER_617200541,617200541,Intersección 617200541,-17.4007281,-66.273782,interseccion
INTER_617200550,617200550,Intersección 617200550,-17.3934995,-66.2726613,interseccion
INTER_617200563,617200563,Intersección 617200563,-17.377152,-66.2819842,interseccion
INTER_617323506,617323506,Intersección 617323506,-17.3996571,-66.3034442,interseccion
INTER_617323508,617323508,Intersección 617323508,-17.3992973,-66.3010943,interseccion
INTER_617323513,617323513,Intersección 617323513,-17.3987586,-66.2916782,interseccion
INTER_617323518,617323518,Intersección 617323518,-17.398444,-66.2861817,interseccion
INTER_617323523,617323523,Intersección 617323523,-17.3983911,-66.2842369,interseccion
INTER_617323525,617323525,Intersección 617323525,-17.3979572,-66.2817599,interseccion
INTER_617323526,617323526,Intersección 617323526,-17.3978998,-66.2813511,interseccion
INTER_617323972,617323972,Intersección 617323972,-17.399748,-66.2931669,interseccion
INTER_617324013,617324013,Intersección 617324013,-17.3998222,-66.2931711,interseccion
INTER_617331594,617331594,Intersección 617331594,-17.3996005,-66.2862686,interseccion
INTER_617331595,617331595,Intersección 617331595,-17.3995008,-66.2862657,interseccion
INTER_617331602,617331602,Intersección 617331602,-17.3995138,-66.2862807,interseccion
INTER_617331605,617331605,Intersección 617331605,-17.3995053,-66.2861898,interseccion
INTER_617331613,617331613,Intersección 617331613,-17.3996019,-66.2861953,interseccion
INTER_617331619,617331619,Intersección 617331619,-17.399538,-66.2861689,interseccion
INTER_617331625,617331625,Intersección 617331625,-17.3994847,-66.2847938,interseccion
INTER_617331659,617331659,Intersección 617331659,-17.3959125,-66.2790567,interseccion
INTER_617331660,617331660,Intersección 617331660,-17.3945142,-66.2743907,interseccion
INTER_617332167,617332167,Intersección 617332167,-17.380229,-66.2698829,interseccion
INTER_617332200,617332200,Intersección 617332200,-17.3802359,-66.2699768,interseccion
INTER_617332208,617332208,Intersección 617332208,-17.3986102,-66.2726374,interseccion
INTER_617332211,617332211,Intersección 617332211,-17.3988006,-66.2700834,interseccion
INTER_617332251,617332251,Intersección 617332251,-17.3986785,-66.2726546,interseccion
INTER_617337143,617337143,Intersección 617337143,-17.3899357,-66.29174,interseccion
INTER_617337146,617337146,Intersección 617337146,-17.3995004,-66.2834942,interseccion
INTER_617337147,617337147,Intersección 617337147,-17.3982398,-66.2835807,interseccion
INTER_617337148,617337148,Intersección 617337148,-17.399526,-66.282526,interseccion
INTER_617337149,617337149,Intersección 617337149,-17.3993745,-66.2819077,interseccion
INTER_617337151,617337151,Intersección 617337151,-17.3976436,-66.2806087,interseccion
INTER_617337159,617337159,Intersección 617337159,-17.3978145,-66.2793361,interseccion
INTER_617337160,617337160,Intersección 617337160,-17.3979763,-66.2781143,interseccion
INTER_617337161,617337161,Intersección 617337161,-17.3984739,-66.2737834,interseccion
INTER_617337162,617337162,Intersección 617337162,-17.398483,-66.2736945,interseccion
INTER_617337163,617337163,Intersección 617337163,-17.398559,-66.2737061,interseccion
INTER_617337164,617337164,Intersección 617337164,-17.3985485,-66.2737957,interseccion
INTER_617337174,617337174,Intersección 617337174,-17.3943532,-66.2701725,interseccion
INTER_617337175,617337175,Intersección 617337175,-17.3942377,-66.2701755,interseccion
INTER_617337177,617337177,Intersección 617337177,-17.3943203,-66.2700701,interseccion
INTER_617337178,617337178,Intersección 617337178,-17.3942028,-66.2700496,interseccion
INTER_617337190,617337190,Intersección 617337190,-17.3931509,-66.2699556,interseccion
INTER_617337192,617337192,Intersección 617337192,-17.3931644,-66.2701132,interseccion
INTER_617337194,617337194,Intersección 617337194,-17.3930492,-66.2701093,interseccion
INTER_617337196,617337196,Intersección 617337196,-17.3930396,-66.2699511,interseccion
INTER_617337199,617337199,Intersección 617337199,-17.3895605,-66.286348,interseccion
INTER_617337206,617337206,Intersección 617337206,-17.3894556,-66.2847328,interseccion
INTER_617337207,617337207,Intersección 617337207,-17.3894036,-66.2836469,interseccion
INTER_617337208,617337208,Intersección 617337208,-17.3892727,-66.2810051,interseccion
INTER_617337216,617337216,Intersección 617337216,-17.3859974,-66.2838103,interseccion
INTER_617337223,617337223,Intersección 617337223,-17.3886676,-66.2748025,interseccion
INTER_617337226,617337226,Intersección 617337226,-17.3885449,-66.2734723,interseccion
INTER_617339372,617339372,Intersección 617339372,-17.4150443,-66.2792847,interseccion
INTER_617339984,617339984,Intersección 617339984,-17.4149896,-66.2815051,interseccion
INTER_617339985,617339985,Intersección 617339985,-17.4133943,-66.2812649,interseccion
INTER_617339988,617339988,Intersección 617339988,-17.41415,-66.2748268,interseccion
INTER_617339989,617339989,Intersección 617339989,-17.4131077,-66.2828192,interseccion
INTER_617339990,617339990,Intersección 617339990,-17.4127536,-66.2856977,interseccion
INTER_617344288,617344288,Intersección 617344288,-17.4171848,-66.2818433,interseccion
INTER_617344289,617344289,Intersección 617344289,-17.4169089,-66.2833435,interseccion
INTER_617344290,617344290,Intersección 617344290,-17.413982,-66.2813448,interseccion
INTER_617344292,617344292,Intersección 617344292,-17.4150314,-66.2795962,interseccion
INTER_617344295,617344295,Intersección 617344295,-17.413749,-66.2785441,interseccion
INTER_617344297,617344297,Intersección 617344297,-17.4137418,-66.2786241,interseccion
INTER_617344299,617344299,Intersección 617344299,-17.4145415,-66.279604,interseccion
INTER_617344300,617344300,Intersección 617344300,-17.413625,-66.279614,interseccion
INTER_617344303,617344303,Intersección 617344303,-17.4136758,-66.2793042,interseccion
INTER_617344306,617344306,Intersección 617344306,-17.4150921,-66.2776976,interseccion
INTER_617344307,617344307,Intersección 617344307,-17.4151434,-66.2764897,interseccion
INTER_617344308,617344308,Intersección 617344308,-17.4138461,-66.2777079,interseccion
INTER_617344309,617344309,Intersección 617344309,-17.4139193,-66.2771336,interseccion
INTER_617344312,617344312,Intersección 617344312,-17.4140028,-66.2764845,interseccion
INTER_617344313,617344313,Intersección 617344313,-17.4133542,-66.275769,interseccion
INTER_617344316,617344316,Intersección 617344316,-17.4136284,-66.2747611,interseccion
INTER_617344318,617344318,Intersección 617344318,-17.4133503,-66.2741098,interseccion
INTER_617344320,617344320,Intersección 617344320,-17.4125973,-66.2811588,interseccion
INTER_617344322,617344322,Intersección 617344322,-17.4114017,-66.280982,interseccion
INTER_617344324,617344324,Intersección 617344324,-17.4098034,-66.2823387,interseccion
INTER_617344325,617344325,Intersección 617344325,-17.4095889,-66.2833382,interseccion
INTER_617344326,617344326,Intersección 617344326,-17.4126984,-66.2783568,interseccion
INTER_617344328,617344328,Intersección 617344328,-17.4125971,-66.2796042,interseccion
INTER_617344329,617344329,Intersección 617344329,-17.4126945,-66.278436,interseccion
INTER_617344333,617344333,Intersección 617344333,-17.4131275,-66.2796109,interseccion
INTER_617344337,617344337,Intersección 617344337,-17.4131985,-66.27852,interseccion
INTER_617344341,617344341,Intersección 617344341,-17.4120485,-66.2796289,interseccion
INTER_617344343,617344343,Intersección 617344343,-17.4114979,-66.2796268,interseccion
INTER_617344345,617344345,Intersección 617344345,-17.4107128,-66.2780014,interseccion
INTER_617344346,617344346,Intersección 617344346,-17.4117894,-66.2804077,interseccion
INTER_617344348,617344348,Intersección 617344348,-17.4109887,-66.2796246,interseccion
INTER_617344350,617344350,Intersección 617344350,-17.4111051,-66.2781235,interseccion
INTER_617344352,617344352,Intersección 617344352,-17.4111133,-66.2780637,interseccion
INTER_617344354,617344354,Intersección 617344354,-17.4129959,-66.2757223,interseccion
INTER_617344355,617344355,Intersección 617344355,-17.4127538,-66.2777428,interseccion
INTER_617344357,617344357,Intersección 617344357,-17.4128316,-66.2771395,interseccion
INTER_617344358,617344358,Intersección 617344358,-17.4129096,-66.2765035,interseccion
INTER_617344360,617344360,Intersección 617344360,-17.4123211,-66.2771126,interseccion
INTER_617344361,617344361,Intersección 617344361,-17.4123946,-66.2764771,interseccion
INTER_617344367,617344367,Intersección 617344367,-17.4107948,-66.2764697,interseccion
INTER_617344372,617344372,Intersección 617344372,-17.4112965,-66.276472,interseccion
INTER_617344374,617344374,Intersección 617344374,-17.41187,-66.2755214,interseccion
INTER_617344376,617344376,Intersección 617344376,-17.4117439,-66.2764741,interseccion
INTER_617344378,617344378,Intersección 617344378,-17.4118815,-66.2764747,interseccion
INTER_617344379,617344379,Intersección 617344379,-17.4105616,-66.2796302,interseccion
INTER_617344381,617344381,Intersección 617344381,-17.4133248,-66.2736111,interseccion
INTER_617344384,617344384,Intersección 617344384,-17.4121379,-66.2734727,interseccion
INTER_617344386,617344386,Intersección 617344386,-17.411937,-66.2750093,interseccion
INTER_617344388,617344388,Intersección 617344388,-17.4120022,-66.2745134,interseccion
INTER_617344389,617344389,Intersección 617344389,-17.4120807,-66.2739228,interseccion
INTER_617344391,617344391,Intersección 617344391,-17.4090018,-66.2745557,interseccion
INTER_617344393,617344393,Intersección 617344393,-17.4092027,-66.2740868,interseccion
INTER_617344402,617344402,Intersección 617344402,-17.3948999,-66.2775163,interseccion
INTER_617344406,617344406,Intersección 617344406,-17.3939651,-66.2773809,interseccion
INTER_617359685,617359685,Intersección 617359685,-17.4092901,-66.2998806,interseccion
INTER_617359687,617359687,Intersección 617359687,-17.4101406,-66.3006563,interseccion
INTER_617359695,617359695,Intersección 617359695,-17.4100772,-66.3006751,interseccion
INTER_617359712,617359712,Intersección 617359712,-17.4091989,-66.3010443,interseccion
INTER_617359749,617359749,Intersección 617359749,-17.4094982,-66.2989109,interseccion
INTER_617359751,617359751,Intersección 617359751,-17.4104728,-66.2991007,interseccion
INTER_617359758,617359758,Intersección 617359758,-17.4088438,-66.2977684,interseccion
INTER_617359779,617359779,Intersección 617359779,-17.4094304,-66.294398,interseccion
INTER_617359782,617359782,Intersección 617359782,-17.4099818,-66.2961704,interseccion
INTER_617359786,617359786,Intersección 617359786,-17.4082267,-66.2958102,interseccion
INTER_617359787,617359787,Intersección 617359787,-17.4082077,-66.2943764,interseccion
INTER_617359789,617359789,Intersección 617359789,-17.4080011,-66.2931472,interseccion
INTER_617359790,617359790,Intersección 617359790,-17.4080593,-66.2931498,interseccion
INTER_617359791,617359791,Intersección 617359791,-17.4079709,-66.2926372,interseccion
INTER_617359817,617359817,Intersección 617359817,-17.4074451,-66.3017072,interseccion
INTER_617359819,617359819,Intersección 617359819,-17.4068172,-66.3020072,interseccion
INTER_617359829,617359829,Intersección 617359829,-17.4062041,-66.2941782,interseccion
INTER_617359832,617359832,Intersección 617359832,-17.4069239,-66.2950781,interseccion
INTER_617359876,617359876,Intersección 617359876,-17.4182214,-66.2863873,interseccion
INTER_617359879,617359879,Intersección 617359879,-17.4140031,-66.2862137,interseccion
INTER_617359884,617359884,Intersección 617359884,-17.4141766,-66.2840518,interseccion
INTER_617359899,617359899,Intersección 617359899,-17.4129468,-66.2840066,interseccion
INTER_617359902,617359902,Intersección 617359902,-17.4089826,-66.2807551,interseccion
INTER_617359905,617359905,Intersección 617359905,-17.4081172,-66.2806832,interseccion
INTER_617359907,617359907,Intersección 617359907,-17.4091334,-66.2837706,interseccion
INTER_617359910,617359910,Intersección 617359910,-17.4091878,-66.2822478,interseccion
INTER_617359915,617359915,Intersección 617359915,-17.4094976,-66.2839785,interseccion
INTER_617359925,617359925,Intersección 617359925,-17.4075102,-66.2820095,interseccion
INTER_617359929,617359929,Intersección 617359929,-17.407723,-66.2806404,interseccion
INTER_617359931,617359931,Intersección 617359931,-17.4072764,-66.2835218,interseccion
INTER_617359942,617359942,Intersección 617359942,-17.4045461,-66.2831282,interseccion
INTER_617359948,617359948,Intersección 617359948,-17.4070097,-66.2862657,interseccion
INTER_617359956,617359956,Intersección 617359956,-17.4064669,-66.290709,interseccion
INTER_617359958,617359958,Intersección 617359958,-17.4107118,-66.2780776,interseccion
INTER_617359961,617359961,Intersección 617359961,-17.4105991,-66.2792389,interseccion
INTER_617359963,617359963,Intersección 617359963,-17.4097402,-66.2778981,interseccion
INTER_617359966,617359966,Intersección 617359966,-17.4095915,-66.2790495,interseccion
INTER_617359969,617359969,Intersección 617359969,-17.4095514,-66.2796245,interseccion
INTER_617359977,617359977,Intersección 617359977,-17.4105353,-66.2800192,interseccion
INTER_617359980,617359980,Intersección 617359980,-17.4089919,-66.2796576,interseccion
INTER_617359991,617359991,Intersección 617359991,-17.4089878,-66.2789747,interseccion
INTER_617359994,617359994,Intersección 617359994,-17.40794,-66.2787444,interseccion
INTER_617359996,617359996,Intersección 617359996,-17.4089887,-66.2800376,interseccion
INTER_617360004,617360004,Intersección 617360004,-17.408169,-66.279647,interseccion
INTER_617360006,617360006,Intersección 617360006,-17.4100335,-66.2752979,interseccion
INTER_617360025,617360025,Intersección 617360025,-17.4081128,-66.2776058,interseccion
INTER_617360027,617360027,Intersección 617360027,-17.4081199,-66.2775458,interseccion
INTER_617360029,617360029,Intersección 617360029,-17.4090026,-66.2754655,interseccion
INTER_617360032,617360032,Intersección 617360032,-17.4090012,-66.2777974,interseccion
INTER_617360034,617360034,Intersección 617360034,-17.4090022,-66.2777269,interseccion
INTER_617360036,617360036,Intersección 617360036,-17.4114067,-66.2738274,interseccion
INTER_617360037,617360037,Intersección 617360037,-17.4113285,-66.2743853,interseccion
INTER_617360038,617360038,Intersección 617360038,-17.410229,-66.2736754,interseccion
INTER_617360039,617360039,Intersección 617360039,-17.4101129,-66.2747283,interseccion
INTER_617360040,617360040,Intersección 617360040,-17.4101647,-66.2742034,interseccion
INTER_617360041,617360041,Intersección 617360041,-17.4078281,-66.2796535,interseccion
INTER_617360049,617360049,Intersección 617360049,-17.3982303,-66.2931497,interseccion
INTER_617360051,617360051,Intersección 617360051,-17.4023055,-66.2824734,interseccion
INTER_617360063,617360063,Intersección 617360063,-17.3998891,-66.2819414,interseccion
INTER_617360072,617360072,Intersección 617360072,-17.3980134,-66.2821619,interseccion
INTER_617360074,617360074,Intersección 617360074,-17.3978263,-66.2821996,interseccion
INTER_617360083,617360083,Intersección 617360083,-17.3972772,-66.2813439,interseccion
INTER_617360088,617360088,Intersección 617360088,-17.3971516,-66.2805369,interseccion
INTER_698491852,698491852,Intersección 698491852,-17.3910735,-66.2388277,interseccion
INTER_698491857,698491857,Intersección 698491857,-17.3910956,-66.238785,interseccion
INTER_698491877,698491877,Intersección 698491877,-17.390808,-66.2387863,interseccion
INTER_698491894,698491894,Intersección 698491894,-17.3910946,-66.2386949,interseccion
INTER_698491918,698491918,Intersección 698491918,-17.3908233,-66.2386552,interseccion
INTER_780226415,780226415,Intersección 780226415,-17.4074959,-66.2917745,interseccion
INTER_780226419,780226419,Intersección 780226419,-17.3975171,-66.3024689,interseccion
INTER_780226422,780226422,Intersección 780226422,-17.4032263,-66.2884018,interseccion
INTER_780226428,780226428,Intersección 780226428,-17.4055036,-66.2988415,interseccion
INTER_780226433,780226433,Intersección 780226433,-17.4186231,-66.2897677,interseccion
INTER_780226439,780226439,Intersección 780226439,-17.4031685,-66.2856607,interseccion
INTER_780226440,780226440,Intersección 780226440,-17.4066121,-66.2884153,interseccion
INTER_780226447,780226447,Intersección 780226447,-17.4188874,-66.2957873,interseccion
INTER_780226455,780226455,Intersección 780226455,-17.405638,-66.3004464,interseccion
INTER_780226470,780226470,Intersección 780226470,-17.429294,-66.2724562,interseccion
INTER_780226473,780226473,Intersección 780226473,-17.4182587,-66.2951659,interseccion
INTER_780226479,780226479,Intersección 780226479,-17.3889881,-66.2928989,interseccion
INTER_780226487,780226487,Intersección 780226487,-17.4228918,-66.2945668,interseccion
INTER_780226489,780226489,Intersección 780226489,-17.4058981,-66.2843384,interseccion
INTER_780226494,780226494,Intersección 780226494,-17.4032154,-66.2862375,interseccion
INTER_780226500,780226500,Intersección 780226500,-17.4204614,-66.2890837,interseccion
INTER_780226509,780226509,Intersección 780226509,-17.3906366,-66.2931173,interseccion
INTER_780226512,780226512,Intersección 780226512,-17.4221534,-66.288357,interseccion
INTER_780226524,780226524,Intersección 780226524,-17.4236747,-66.294594,interseccion
INTER_780226534,780226534,Intersección 780226534,-17.4241176,-66.2862746,interseccion
INTER_780226543,780226543,Intersección 780226543,-17.4215323,-66.2892337,interseccion
INTER_780226544,780226544,Intersección 780226544,-17.4207566,-66.2769352,interseccion
INTER_780226547,780226547,Intersección 780226547,-17.4205272,-66.2925056,interseccion
INTER_780226548,780226548,Intersección 780226548,-17.4225417,-66.2927171,interseccion
INTER_780226551,780226551,Intersección 780226551,-17.3952733,-66.3025167,interseccion
INTER_780226555,780226555,Intersección 780226555,-17.4211579,-66.2910303,interseccion
INTER_780226586,780226586,Intersección 780226586,-17.4240462,-66.2952353,interseccion
INTER_780226588,780226588,Intersección 780226588,-17.4161228,-66.2974503,interseccion
INTER_780226600,780226600,Intersección 780226600,-17.3997623,-66.2932927,interseccion
INTER_780226611,780226611,Intersección 780226611,-17.3983608,-66.2972837,interseccion
INTER_780226615,780226615,Intersección 780226615,-17.4205913,-66.2951653,interseccion
INTER_780226617,780226617,Intersección 780226617,-17.4197665,-66.2979799,interseccion
INTER_780226620,780226620,Intersección 780226620,-17.396903,-66.3033202,interseccion
INTER_780226622,780226622,Intersección 780226622,-17.4337177,-66.2712782,interseccion
INTER_780226627,780226627,Intersección 780226627,-17.4039772,-66.2874468,interseccion
INTER_780226641,780226641,Intersección 780226641,-17.3687426,-66.2991414,interseccion
INTER_780226646,780226646,Intersección 780226646,-17.4217448,-66.2897611,interseccion
INTER_780226659,780226659,Intersección 780226659,-17.4186298,-66.2947501,interseccion
INTER_780226669,780226669,Intersección 780226669,-17.4217865,-66.2930331,interseccion
INTER_780226670,780226670,Intersección 780226670,-17.4044136,-66.2884026,interseccion
INTER_780226686,780226686,Intersección 780226686,-17.4231097,-66.2860544,interseccion
INTER_780226707,780226707,Intersección 780226707,-17.4194345,-66.2925366,interseccion
INTER_780226709,780226709,Intersección 780226709,-17.3980122,-66.2958072,interseccion
INTER_780226711,780226711,Intersección 780226711,-17.420761,-66.2847772,interseccion
INTER_780226733,780226733,Intersección 780226733,-17.4076662,-66.2996412,interseccion
INTER_780226745,780226745,Intersección 780226745,-17.4075182,-66.2884925,interseccion
INTER_780226748,780226748,Intersección 780226748,-17.4159697,-66.298357,interseccion
INTER_780226758,780226758,Intersección 780226758,-17.4199537,-66.296835,interseccion
INTER_780226766,780226766,Intersección 780226766,-17.4236549,-66.2958075,interseccion
INTER_780226771,780226771,Intersección 780226771,-17.4214847,-66.2866151,interseccion
INTER_780226778,780226778,Intersección 780226778,-17.4209165,-66.2903466,interseccion
INTER_780226781,780226781,Intersección 780226781,-17.4041064,-66.2899762,interseccion
INTER_780226785,780226785,Intersección 780226785,-17.4236835,-66.2932775,interseccion
INTER_780226793,780226793,Intersección 780226793,-17.4238494,-66.2880055,interseccion
INTER_780226807,780226807,Intersección 780226807,-17.404835,-66.2874259,interseccion
INTER_780226808,780226808,Intersección 780226808,-17.3634675,-66.2961799,interseccion
INTER_780226810,780226810,Intersección 780226810,-17.4222949,-66.294279,interseccion
INTER_780226814,780226814,Intersección 780226814,-17.4234005,-66.296203,interseccion
INTER_780226829,780226829,Intersección 780226829,-17.3997679,-66.2917421,interseccion
INTER_780226833,780226833,Intersección 780226833,-17.4194621,-66.2862706,interseccion
INTER_780226836,780226836,Intersección 780226836,-17.4178842,-66.2917923,interseccion
INTER_780226843,780226843,Intersección 780226843,-17.395089,-66.2988629,interseccion
INTER_780226860,780226860,Intersección 780226860,-17.4064906,-66.2862618,interseccion
INTER_780226876,780226876,Intersección 780226876,-17.4032214,-66.2874328,interseccion
INTER_780226889,780226889,Intersección 780226889,-17.4202295,-66.2955453,interseccion
INTER_780226891,780226891,Intersección 780226891,-17.4054772,-66.2894441,interseccion
INTER_780226893,780226893,Intersección 780226893,-17.4244763,-66.2872539,interseccion
INTER_780226899,780226899,Intersección 780226899,-17.4040967,-66.2842943,interseccion
INTER_780226900,780226900,Intersección 780226900,-17.4186572,-66.2984827,interseccion
INTER_780226931,780226931,Intersección 780226931,-17.4175613,-66.2930977,interseccion
INTER_780226935,780226935,Intersección 780226935,-17.4040586,-66.2894386,interseccion
INTER_780226942,780226942,Intersección 780226942,-17.3899495,-66.3000968,interseccion
INTER_780226946,780226946,Intersección 780226946,-17.3860495,-66.2901141,interseccion
INTER_780226955,780226955,Intersección 780226955,-17.4204803,-66.286496,interseccion
INTER_780226960,780226960,Intersección 780226960,-17.40319,-66.2906574,interseccion
INTER_780226966,780226966,Intersección 780226966,-17.4208602,-66.2902322,interseccion
INTER_780226977,780226977,Intersección 780226977,-17.4018057,-66.2988391,interseccion
INTER_780226980,780226980,Intersección 780226980,-17.4195085,-66.2893678,interseccion
INTER_780226985,780226985,Intersección 780226985,-17.4208872,-66.2934128,interseccion
INTER_780226989,780226989,Intersección 780226989,-17.4050642,-66.2894462,interseccion
INTER_780226992,780226992,Intersección 780226992,-17.4058761,-66.2883995,interseccion
INTER_780227010,780227010,Intersección 780227010,-17.4198642,-66.2959677,interseccion
INTER_780227017,780227017,Intersección 780227017,-17.418979,-66.2943422,interseccion
INTER_780227022,780227022,Intersección 780227022,-17.3893499,-66.2940426,interseccion
INTER_780227026,780227026,Intersección 780227026,-17.4211547,-66.2882924,interseccion
INTER_780227047,780227047,Intersección 780227047,-17.4195,-66.2862847,interseccion
INTER_780227051,780227051,Intersección 780227051,-17.391139,-66.3024665,interseccion
INTER_780227072,780227072,Intersección 780227072,-17.4218612,-66.2949087,interseccion
INTER_780227087,780227087,Intersección 780227087,-17.4063713,-66.2843358,interseccion
INTER_780227096,780227096,Intersección 780227096,-17.4209794,-66.2964903,interseccion
INTER_780227103,780227103,Intersección 780227103,-17.4075183,-66.2874467,interseccion
INTER_780227108,780227108,Intersección 780227108,-17.3847937,-66.3011574,interseccion
INTER_780227119,780227119,Intersección 780227119,-17.4200447,-66.2909166,interseccion
INTER_780227124,780227124,Intersección 780227124,-17.4106551,-66.2917929,interseccion
INTER_780227132,780227132,Intersección 780227132,-17.397516,-66.3033777,interseccion
INTER_780227134,780227134,Intersección 780227134,-17.4220247,-66.2904232,interseccion
INTER_780227161,780227161,Intersección 780227161,-17.4204099,-66.2889548,interseccion
INTER_780227164,780227164,Intersección 780227164,-17.4221697,-66.2933023,interseccion
INTER_780227172,780227172,Intersección 780227172,-17.422273,-66.295611,interseccion
INTER_780227174,780227174,Intersección 780227174,-17.4039809,-66.2884047,interseccion
INTER_780227185,780227185,Intersección 780227185,-17.4204485,-66.2864255,interseccion
INTER_780227194,780227194,Intersección 780227194,-17.4042683,-66.2917547,interseccion
INTER_780227199,780227199,Intersección 780227199,-17.3990234,-66.2998557,interseccion
INTER_780227208,780227208,Intersección 780227208,-17.4052223,-66.2874259,interseccion
INTER_780227210,780227210,Intersección 780227210,-17.3982375,-66.2758245,interseccion
INTER_780227220,780227220,Intersección 780227220,-17.409764,-66.300507,interseccion
INTER_780227233,780227233,Intersección 780227233,-17.4208176,-66.2955295,interseccion
INTER_780227240,780227240,Intersección 780227240,-17.419352,-66.2939536,interseccion
INTER_780227248,780227248,Intersección 780227248,-17.401546,-66.2764162,interseccion
INTER_780227251,780227251,Intersección 780227251,-17.40656,-66.2899925,interseccion
INTER_780227279,780227279,Intersección 780227279,-17.4225608,-66.2893921,interseccion
INTER_780227283,780227283,Intersección 780227283,-17.4088512,-66.2885156,interseccion
INTER_780227285,780227285,Intersección 780227285,-17.4190796,-66.2929424,interseccion
INTER_780227287,780227287,Intersección 780227287,-17.397895,-66.2945465,interseccion
INTER_780227293,780227293,Intersección 780227293,-17.4233337,-66.2866452,interseccion
INTER_780227294,780227294,Intersección 780227294,-17.4214879,-66.2920693,interseccion
INTER_780227304,780227304,Intersección 780227304,-17.399583,-66.2917107,interseccion
INTER_780227311,780227311,Intersección 780227311,-17.4068625,-66.2874274,interseccion
INTER_780227340,780227340,Intersección 780227340,-17.4019813,-66.2906212,interseccion
INTER_780227342,780227342,Intersección 780227342,-17.4282336,-66.2733116,interseccion
INTER_780227350,780227350,Intersección 780227350,-17.4196992,-66.2935481,interseccion
INTER_780227354,780227354,Intersección 780227354,-17.4193367,-66.2975668,interseccion
INTER_780227359,780227359,Intersección 780227359,-17.3887189,-66.2924785,interseccion
INTER_780227361,780227361,Intersección 780227361,-17.422738,-66.289961,interseccion
INTER_780227368,780227368,Intersección 780227368,-17.4035249,-66.2894453,interseccion
INTER_780227401,780227401,Intersección 780227401,-17.3983165,-66.2758293,interseccion
INTER_780227404,780227404,Intersección 780227404,-17.4232891,-66.2951797,interseccion
INTER_780227412,780227412,Intersección 780227412,-17.408988,-66.2862913,interseccion
INTER_780227415,780227415,Intersección 780227415,-17.4171539,-66.2989579,interseccion
INTER_780227421,780227421,Intersección 780227421,-17.4181737,-66.2913087,interseccion
INTER_780227429,780227429,Intersección 780227429,-17.4048422,-66.2988569,interseccion
INTER_780227432,780227432,Intersección 780227432,-17.4072421,-66.2843459,interseccion
INTER_780227434,780227434,Intersección 780227434,-17.4197462,-66.2845462,interseccion
INTER_780227440,780227440,Intersección 780227440,-17.4075138,-66.2899975,interseccion
INTER_780227441,780227441,Intersección 780227441,-17.3994614,-66.3024179,interseccion
INTER_780227443,780227443,Intersección 780227443,-17.4078476,-66.2986971,interseccion
INTER_780227452,780227452,Intersección 780227452,-17.4230017,-66.2967974,interseccion
INTER_780227460,780227460,Intersección 780227460,-17.4187248,-66.2933705,interseccion
INTER_780227466,780227466,Intersección 780227466,-17.4054417,-66.2883976,interseccion
INTER_780227468,780227468,Intersección 780227468,-17.4243184,-66.2893142,interseccion
INTER_780227470,780227470,Intersección 780227470,-17.4075124,-66.2907334,interseccion
INTER_780227491,780227491,Intersección 780227491,-17.4176874,-66.2923668,interseccion
INTER_780227492,780227492,Intersección 780227492,-17.3968779,-66.3024945,interseccion
INTER_780227500,780227500,Intersección 780227500,-17.3769539,-66.3010697,interseccion
INTER_780227503,780227503,Intersección 780227503,-17.3997041,-66.2899733,interseccion
INTER_780227505,780227505,Intersección 780227505,-17.4195941,-66.2949663,interseccion
INTER_780227507,780227507,Intersección 780227507,-17.4063782,-66.2917692,interseccion
INTER_780227519,780227519,Intersección 780227519,-17.4197814,-66.2846091,interseccion
INTER_780227529,780227529,Intersección 780227529,-17.3897386,-66.298924,interseccion
INTER_780227541,780227541,Intersección 780227541,-17.4045068,-66.2894397,interseccion
INTER_780227542,780227542,Intersección 780227542,-17.4226605,-66.2949805,interseccion
INTER_780227553,780227553,Intersección 780227553,-17.4101145,-66.2990444,interseccion
INTER_780227561,780227561,Intersección 780227561,-17.4180095,-66.2941912,interseccion
INTER_780227569,780227569,Intersección 780227569,-17.3902621,-66.2944112,interseccion
INTER_780227610,780227610,Intersección 780227610,-17.4089005,-66.287982,interseccion
INTER_780227612,780227612,Intersección 780227612,-17.4075455,-66.3005585,interseccion
INTER_780227621,780227621,Intersección 780227621,-17.4244132,-66.2915749,interseccion
INTER_780227622,780227622,Intersección 780227622,-17.423472,-66.2870339,interseccion
INTER_780227625,780227625,Intersección 780227625,-17.422529,-66.2939318,interseccion
INTER_780227629,780227629,Intersección 780227629,-17.4182158,-66.2978254,interseccion
INTER_780227635,780227635,Intersección 780227635,-17.4227286,-66.2875572,interseccion
INTER_780227638,780227638,Intersección 780227638,-17.4059412,-66.2894462,interseccion
INTER_780227647,780227647,Intersección 780227647,-17.4204083,-66.2971895,interseccion
INTER_780227651,780227651,Intersección 780227651,-17.3864793,-66.2903892,interseccion
INTER_780227654,780227654,Intersección 780227654,-17.4058752,-66.2874185,interseccion
INTER_780227659,780227659,Intersección 780227659,-17.3991519,-66.2931621,interseccion
INTER_780227663,780227663,Intersección 780227663,-17.419959,-66.294555,interseccion
INTER_780227672,780227672,Intersección 780227672,-17.4031983,-66.2899749,interseccion
INTER_780227685,780227685,Intersección 780227685,-17.4248608,-66.2881269,interseccion
INTER_780227689,780227689,Intersección 780227689,-17.4050027,-66.2883997,interseccion
INTER_780227690,780227690,Intersección 780227690,-17.4058789,-66.2862679,interseccion
INTER_780227692,780227692,Intersección 780227692,-17.4155208,-66.2952219,interseccion
INTER_780227711,780227711,Intersección 780227711,-17.4192535,-66.2953669,interseccion
INTER_780227712,780227712,Intersección 780227712,-17.372847,-66.2902055,interseccion
INTER_780227716,780227716,Intersección 780227716,-17.4177338,-66.2931786,interseccion
INTER_780227722,780227722,Intersección 780227722,-17.3894883,-66.2972634,interseccion
INTER_780227725,780227725,Intersección 780227725,-17.398776,-66.2988445,interseccion
INTER_780227727,780227727,Intersección 780227727,-17.436228,-66.2685395,interseccion
INTER_780227737,780227737,Intersección 780227737,-17.4065834,-66.2874275,interseccion
INTER_780227740,780227740,Intersección 780227740,-17.3736797,-66.3003683,interseccion
INTER_780227747,780227747,Intersección 780227747,-17.4187779,-66.2871998,interseccion
INTER_780227754,780227754,Intersección 780227754,-17.423262,-66.2927933,interseccion
INTER_780227764,780227764,Intersección 780227764,-17.4217463,-66.2849465,interseccion
INTER_780227769,780227769,Intersección 780227769,-17.404968,-66.2979406,interseccion
INTER_780227771,780227771,Intersección 780227771,-17.3679142,-66.2915214,interseccion
INTER_780227780,780227780,Intersección 780227780,-17.4205291,-66.2960545,interseccion
INTER_780227785,780227785,Intersección 780227785,-17.4172408,-66.2980344,interseccion
INTER_780227796,780227796,Intersección 780227796,-17.4233036,-66.2890437,interseccion
INTER_780227802,780227802,Intersección 780227802,-17.4067411,-66.2884208,interseccion
INTER_780227805,780227805,Intersección 780227805,-17.4183614,-66.293781,interseccion
INTER_780227806,780227806,Intersección 780227806,-17.42242,-66.2867029,interseccion
INTER_780227824,780227824,Intersección 780227824,-17.4022908,-66.2874702,interseccion
INTER_780227830,780227830,Intersección 780227830,-17.4233094,-66.2939828,interseccion
INTER_780227845,780227845,Intersección 780227845,-17.4201448,-66.2881561,interseccion
INTER_780227849,780227849,Intersección 780227849,-17.4048466,-66.3014125,interseccion
INTER_780227861,780227861,Intersección 780227861,-17.407515,-66.2879748,interseccion
INTER_780227888,780227888,Intersección 780227888,-17.4221093,-66.2938997,interseccion
INTER_780227891,780227891,Intersección 780227891,-17.422901,-66.2933239,interseccion
INTER_780227900,780227900,Intersección 780227900,-17.4089341,-66.2874786,interseccion
INTER_780227902,780227902,Intersección 780227902,-17.424093,-66.2887114,interseccion
INTER_780227904,780227904,Intersección 780227904,-17.3908374,-66.3010823,interseccion
INTER_780227908,780227908,Intersección 780227908,-17.4240323,-66.296453,interseccion
INTER_781188488,781188488,Intersección 781188488,-17.4363288,-66.2899618,interseccion
INTER_781188506,781188506,Intersección 781188506,-17.4303534,-66.2921484,interseccion
INTER_781188735,781188735,Intersección 781188735,-17.435742,-66.2904825,interseccion
INTER_781761398,781761398,Intersección 781761398,-17.436356,-66.2711756,interseccion
INTER_781813407,781813407,Intersección 781813407,-17.4013354,-66.2798748,interseccion
INTER_781813423,781813423,Intersección 781813423,-17.4074401,-66.2734854,interseccion
INTER_781813425,781813425,Intersección 781813425,-17.4066471,-66.2804878,interseccion
INTER_781813427,781813427,Intersección 781813427,-17.4047497,-66.2783063,interseccion
INTER_781813433,781813433,Intersección 781813433,-17.4055743,-66.2760423,interseccion
INTER_781813434,781813434,Intersección 781813434,-17.4015093,-66.2787883,interseccion
INTER_781813435,781813435,Intersección 781813435,-17.4056906,-66.2824413,interseccion
INTER_781813436,781813436,Intersección 781813436,-17.4009575,-66.2838919,interseccion
INTER_781813437,781813437,Intersección 781813437,-17.4011311,-66.2813756,interseccion
INTER_781813439,781813439,Intersección 781813439,-17.3947318,-66.2888063,interseccion
INTER_781813440,781813440,Intersección 781813440,-17.4046375,-66.2852558,interseccion
INTER_781813443,781813443,Intersección 781813443,-17.4082819,-66.2762154,interseccion
INTER_781813445,781813445,Intersección 781813445,-17.3984352,-66.2747622,interseccion
INTER_781813447,781813447,Intersección 781813447,-17.399701,-66.274757,interseccion
INTER_781813449,781813449,Intersección 781813449,-17.403109,-66.2781994,interseccion
INTER_781813451,781813451,Intersección 781813451,-17.4006082,-66.2822404,interseccion
INTER_781813457,781813457,Intersección 781813457,-17.3987071,-66.2813487,interseccion
INTER_781813459,781813459,Intersección 781813459,-17.3998247,-66.2738781,interseccion
INTER_781813461,781813461,Intersección 781813461,-17.4027932,-66.2734861,interseccion
INTER_781813463,781813463,Intersección 781813463,-17.3999757,-66.2811608,interseccion
INTER_781813465,781813465,Intersección 781813465,-17.4028835,-66.2799803,interseccion
INTER_781813469,781813469,Intersección 781813469,-17.4064081,-66.2772999,interseccion
INTER_781813472,781813472,Intersección 781813472,-17.3936929,-66.2745387,interseccion
INTER_781813474,781813474,Intersección 781813474,-17.4004852,-66.2773335,interseccion
INTER_781813476,781813476,Intersección 781813476,-17.4043179,-66.2815629,interseccion
INTER_781813487,781813487,Intersección 781813487,-17.4041108,-66.2852507,interseccion
INTER_781813493,781813493,Intersección 781813493,-17.4037279,-66.2725404,interseccion
INTER_781813498,781813498,Intersección 781813498,-17.4032874,-66.2767613,interseccion
INTER_781813500,781813500,Intersección 781813500,-17.3991635,-66.2783492,interseccion
INTER_781813502,781813502,Intersección 781813502,-17.4091214,-66.2734267,interseccion
INTER_781813504,781813504,Intersección 781813504,-17.4063061,-66.2788192,interseccion
INTER_781813506,781813506,Intersección 781813506,-17.405571,-66.2803526,interseccion
INTER_781813512,781813512,Intersección 781813512,-17.4001647,-66.2796957,interseccion
INTER_781813514,781813514,Intersección 781813514,-17.4059592,-66.2823734,interseccion
INTER_781813519,781813519,Intersección 781813519,-17.3983031,-66.2838059,interseccion
INTER_781813520,781813520,Intersección 781813520,-17.4064246,-66.2852706,interseccion
INTER_781813521,781813521,Intersección 781813521,-17.3934178,-66.2891031,interseccion
INTER_781813522,781813522,Intersección 781813522,-17.4035502,-66.27908,interseccion
INTER_781813523,781813523,Intersección 781813523,-17.4010133,-66.2822513,interseccion
INTER_781813525,781813525,Intersección 781813525,-17.4073082,-66.2796007,interseccion
INTER_781813527,781813527,Intersección 781813527,-17.4027236,-66.2725492,interseccion
INTER_781813528,781813528,Intersección 781813528,-17.3988004,-66.2807549,interseccion
INTER_781813530,781813530,Intersección 781813530,-17.404866,-66.2816413,interseccion
INTER_781813532,781813532,Intersección 781813532,-17.4061018,-66.2804123,interseccion
INTER_781813535,781813535,Intersección 781813535,-17.3999494,-66.2814291,interseccion
INTER_781813537,781813537,Intersección 781813537,-17.3994777,-66.2844735,interseccion
INTER_781813539,781813539,Intersección 781813539,-17.3987486,-66.2825879,interseccion
INTER_781813548,781813548,Intersección 781813548,-17.4039586,-66.2801445,interseccion
INTER_781813552,781813552,Intersección 781813552,-17.4032443,-66.2814103,interseccion
INTER_781813553,781813553,Intersección 781813553,-17.3995784,-66.2885746,interseccion
INTER_781813559,781813559,Intersección 781813559,-17.4026584,-66.2766791,interseccion
INTER_781813560,781813560,Intersección 781813560,-17.400814,-66.2747597,interseccion
INTER_781813562,781813562,Intersección 781813562,-17.4002026,-66.2835631,interseccion
INTER_781813564,781813564,Intersección 781813564,-17.3981048,-66.2768638,interseccion
INTER_781813566,781813566,Intersección 781813566,-17.3989887,-66.2838297,interseccion
INTER_781813568,781813568,Intersección 781813568,-17.4057417,-66.283111,interseccion
INTER_781813569,781813569,Intersección 781813569,-17.3985524,-66.2886806,interseccion
INTER_781813571,781813571,Intersección 781813571,-17.4043768,-66.2769495,interseccion
INTER_781813573,781813573,Intersección 781813573,-17.4046383,-66.2843155,interseccion
INTER_781813580,781813580,Intersección 781813580,-17.4051746,-66.2833823,interseccion
INTER_781813584,781813584,Intersección 781813584,-17.4051578,-66.279286,interseccion
INTER_781813588,781813588,Intersección 781813588,-17.4009879,-66.2824399,interseccion
INTER_781813590,781813590,Intersección 781813590,-17.3938363,-66.2761362,interseccion
INTER_781813594,781813594,Intersección 781813594,-17.4005215,-66.2825231,interseccion
INTER_781813595,781813595,Intersección 781813595,-17.4023313,-66.2812763,interseccion
INTER_781813597,781813597,Intersección 781813597,-17.4007865,-66.2844698,interseccion
INTER_781813599,781813599,Intersección 781813599,-17.3947442,-66.2719378,interseccion
INTER_781813601,781813601,Intersección 781813601,-17.4039742,-66.275798,interseccion
INTER_781813602,781813602,Intersección 781813602,-17.4074529,-66.2734062,interseccion
INTER_781813606,781813606,Intersección 781813606,-17.4059001,-66.277771,interseccion
INTER_781813608,781813608,Intersección 781813608,-17.4059472,-66.281803,interseccion
INTER_781813611,781813611,Intersección 781813611,-17.3983554,-66.274745,interseccion
INTER_781813614,781813614,Intersección 781813614,-17.4041931,-66.2782914,interseccion
INTER_781813617,781813617,Intersección 781813617,-17.405815,-66.2784355,interseccion
INTER_781813625,781813625,Intersección 781813625,-17.4046327,-66.2792353,interseccion
INTER_781813628,781813628,Intersección 781813628,-17.4019754,-66.2845821,interseccion
INTER_781813631,781813631,Intersección 781813631,-17.4037918,-66.2814891,interseccion
INTER_781813634,781813634,Intersección 781813634,-17.3987853,-66.2819015,interseccion
INTER_781813638,781813638,Intersección 781813638,-17.4028054,-66.2735771,interseccion
INTER_781813662,781813662,Intersección 781813662,-17.4069932,-66.2819377,interseccion
INTER_781813665,781813665,Intersección 781813665,-17.40527,-66.2783366,interseccion
INTER_781813668,781813668,Intersección 781813668,-17.4067694,-66.2795078,interseccion
INTER_781813670,781813670,Intersección 781813670,-17.4036457,-66.278249,interseccion
INTER_781813675,781813675,Intersección 781813675,-17.4006222,-66.2762754,interseccion
INTER_781813679,781813679,Intersección 781813679,-17.4045008,-66.2802277,interseccion
INTER_781813681,781813681,Intersección 781813681,-17.4049052,-66.2770416,interseccion
INTER_781813689,781813689,Intersección 781813689,-17.3986872,-66.2838177,interseccion
INTER_781813710,781813710,Intersección 781813710,-17.3998065,-66.2739688,interseccion
INTER_781813712,781813712,Intersección 781813712,-17.4052127,-66.2725273,interseccion
INTER_781813714,781813714,Intersección 781813714,-17.4047019,-66.2831883,interseccion
INTER_781813717,781813717,Intersección 781813717,-17.4030092,-66.2790067,interseccion
INTER_781813719,781813719,Intersección 781813719,-17.3993565,-66.2771265,interseccion
INTER_781813720,781813720,Intersección 781813720,-17.4071827,-66.2805593,interseccion
INTER_781813724,781813724,Intersección 781813724,-17.4056811,-66.279358,interseccion
INTER_781813727,781813727,Intersección 781813727,-17.4003212,-66.2785682,interseccion
INTER_781813733,781813733,Intersección 781813733,-17.4057227,-66.2834829,interseccion
INTER_781813736,781813736,Intersección 781813736,-17.4046041,-66.2750136,interseccion
INTER_781813739,781813739,Intersección 781813739,-17.3981112,-66.282655,interseccion
INTER_781813756,781813756,Intersección 781813756,-17.4046277,-66.2862513,interseccion
INTER_781813758,781813758,Intersección 781813758,-17.4034211,-66.2800685,interseccion
INTER_781813760,781813760,Intersección 781813760,-17.3995028,-66.276065,interseccion
INTER_781813762,781813762,Intersección 781813762,-17.402719,-66.2813381,interseccion
INTER_781813770,781813770,Intersección 781813770,-17.3989822,-66.2795189,interseccion
INTER_781813772,781813772,Intersección 781813772,-17.4090966,-66.2733555,interseccion
INTER_781813775,781813775,Intersección 781813775,-17.4062274,-66.2794332,interseccion
INTER_781813778,781813778,Intersección 781813778,-17.4051776,-66.2750339,interseccion
INTER_781813781,781813781,Intersección 781813781,-17.4000067,-66.2809084,interseccion
INTER_781813784,781813784,Intersección 781813784,-17.405886,-66.2852653,interseccion
INTER_781813787,781813787,Intersección 781813787,-17.3999605,-66.2729303,interseccion
INTER_781813790,781813790,Intersección 781813790,-17.39446,-66.2886863,interseccion
INTER_781813805,781813805,Intersección 781813805,-17.4038508,-66.276859,interseccion
INTER_781813808,781813808,Intersección 781813808,-17.4052756,-66.2843276,interseccion
INTER_781813814,781813814,Intersección 781813814,-17.4047245,-66.2826414,interseccion
INTER_781813816,781813816,Intersección 781813816,-17.4054533,-66.2771443,interseccion
INTER_781813818,781813818,Intersección 781813818,-17.4053902,-66.2817222,interseccion
INTER_781813819,781813819,Intersección 781813819,-17.3945669,-66.2762513,interseccion
INTER_781813824,781813824,Intersección 781813824,-17.4006237,-66.2862166,interseccion
INTER_781813829,781813829,Intersección 781813829,-17.40409,-66.2791561,interseccion
INTER_781813831,781813831,Intersección 781813831,-17.3948431,-66.2719199,interseccion
INTER_781813844,781813844,Intersección 781813844,-17.3996587,-66.2885667,interseccion
INTER_781813846,781813846,Intersección 781813846,-17.4036668,-66.2734104,interseccion
INTER_781813848,781813848,Intersección 781813848,-17.403549,-66.2746421,interseccion
INTER_781813849,781813849,Intersección 781813849,-17.4064687,-66.2818748,interseccion
INTER_781813851,781813851,Intersección 781813851,-17.4020373,-66.2781405,interseccion
INTER_781813853,781813853,Intersección 781813853,-17.4050397,-66.2802662,interseccion
INTER_781813855,781813855,Intersección 781813855,-17.4059722,-66.27723,interseccion
INTER_781813856,781813856,Intersección 781813856,-17.3981793,-66.2768756,interseccion
INTER_781835197,781835197,Intersección 781835197,-17.3967428,-66.2916553,interseccion
INTER_781835198,781835198,Intersección 781835198,-17.3977812,-66.2873869,interseccion
INTER_781835201,781835201,Intersección 781835201,-17.4020901,-66.2862469,interseccion
INTER_781835202,781835202,Intersección 781835202,-17.3972512,-66.2932002,interseccion
INTER_781835203,781835203,Intersección 781835203,-17.3967659,-66.2813752,interseccion
INTER_781835205,781835205,Intersección 781835205,-17.3997677,-66.2916639,interseccion
INTER_781835207,781835207,Intersección 781835207,-17.401842,-66.2899742,interseccion
INTER_781835208,781835208,Intersección 781835208,-17.397653,-66.2830319,interseccion
INTER_781835210,781835210,Intersección 781835210,-17.400647,-66.2899703,interseccion
INTER_781835211,781835211,Intersección 781835211,-17.3954637,-66.2845067,interseccion
INTER_781835213,781835213,Intersección 781835213,-17.3966924,-66.2861883,interseccion
INTER_781835214,781835214,Intersección 781835214,-17.3966976,-66.2873851,interseccion
INTER_781835215,781835215,Intersección 781835215,-17.4019834,-66.284248,interseccion
INTER_781835216,781835216,Intersección 781835216,-17.3952931,-66.282766,interseccion
INTER_781835223,781835223,Intersección 781835223,-17.4019178,-66.2862445,interseccion
INTER_781835232,781835232,Intersección 781835232,-17.3984039,-66.2845519,interseccion
INTER_781835234,781835234,Intersección 781835234,-17.4021202,-66.2848407,interseccion
INTER_781835236,781835236,Intersección 781835236,-17.3951495,-66.2947118,interseccion
INTER_781835237,781835237,Intersección 781835237,-17.3958001,-66.2899613,interseccion
INTER_781835239,781835239,Intersección 781835239,-17.3975391,-66.2861896,interseccion
INTER_781835249,781835249,Intersección 781835249,-17.39683,-66.2834227,interseccion
INTER_781835253,781835253,Intersección 781835253,-17.4005931,-66.2884896,interseccion
INTER_781835257,781835257,Intersección 781835257,-17.3951098,-66.280536,interseccion
INTER_781835260,781835260,Intersección 781835260,-17.3957693,-66.2888179,interseccion
INTER_781835264,781835264,Intersección 781835264,-17.3949879,-66.2789148,interseccion
INTER_781835267,781835267,Intersección 781835267,-17.3967189,-66.2888303,interseccion
INTER_781835268,781835268,Intersección 781835268,-17.394796,-66.2899786,interseccion
INTER_781835270,781835270,Intersección 781835270,-17.4007133,-66.2916115,interseccion
INTER_781835279,781835279,Intersección 781835279,-17.3948686,-66.2861954,interseccion
INTER_781835284,781835284,Intersección 781835284,-17.3968659,-66.2827829,interseccion
INTER_781835286,781835286,Intersección 781835286,-17.4005426,-66.2874805,interseccion
INTER_781835288,781835288,Intersección 781835288,-17.3976152,-66.2887574,interseccion
INTER_781835292,781835292,Intersección 781835292,-17.4018627,-66.2884069,interseccion
INTER_781835294,781835294,Intersección 781835294,-17.4019943,-66.2825437,interseccion
INTER_781835297,781835297,Intersección 781835297,-17.3946531,-66.2873463,interseccion
INTER_781835299,781835299,Intersección 781835299,-17.3975461,-66.2873952,interseccion
INTER_781835301,781835301,Intersección 781835301,-17.3977399,-66.2836371,interseccion
INTER_781835302,781835302,Intersección 781835302,-17.3950555,-66.2931375,interseccion
INTER_781835304,781835304,Intersección 781835304,-17.3958777,-66.2916413,interseccion
INTER_781835313,781835313,Intersección 781835313,-17.3967386,-66.2899447,interseccion
INTER_781835314,781835314,Intersección 781835314,-17.4021371,-66.2842535,interseccion
INTER_782025795,782025795,Intersección 782025795,-17.3711808,-66.2946326,interseccion
INTER_782025856,782025856,Intersección 782025856,-17.3911127,-66.290323,interseccion
INTER_782025881,782025881,Intersección 782025881,-17.3898972,-66.2908213,interseccion
INTER_782025900,782025900,Intersección 782025900,-17.3844093,-66.2872805,interseccion
INTER_782025923,782025923,Intersección 782025923,-17.36825,-66.2921433,interseccion
INTER_782025950,782025950,Intersección 782025950,-17.3919375,-66.2915761,interseccion
INTER_782025954,782025954,Intersección 782025954,-17.3549094,-66.2894332,interseccion
INTER_782026044,782026044,Intersección 782026044,-17.3914143,-66.2912513,interseccion
INTER_782026060,782026060,Intersección 782026060,-17.3886087,-66.2879882,interseccion
INTER_782026091,782026091,Intersección 782026091,-17.3897161,-66.2879824,interseccion
INTER_782026125,782026125,Intersección 782026125,-17.3475358,-66.2856447,interseccion
INTER_782026152,782026152,Intersección 782026152,-17.3481904,-66.2935483,interseccion
INTER_782026190,782026190,Intersección 782026190,-17.3934784,-66.290601,interseccion
INTER_782026199,782026199,Intersección 782026199,-17.3903871,-66.2939722,interseccion
INTER_782026239,782026239,Intersección 782026239,-17.3917728,-66.2926691,interseccion
INTER_782026281,782026281,Intersección 782026281,-17.3888708,-66.2912919,interseccion
INTER_782026297,782026297,Intersección 782026297,-17.3482165,-66.2872453,interseccion
INTER_782026324,782026324,Intersección 782026324,-17.389666,-66.2871498,interseccion
INTER_782026351,782026351,Intersección 782026351,-17.3755563,-66.2973451,interseccion
INTER_782026377,782026377,Intersección 782026377,-17.3725582,-66.2923667,interseccion
INTER_782026408,782026408,Intersección 782026408,-17.3885889,-66.2871764,interseccion
INTER_782026427,782026427,Intersección 782026427,-17.3919772,-66.2846934,interseccion
INTER_782026435,782026435,Intersección 782026435,-17.3859671,-66.2847973,interseccion
INTER_782026454,782026454,Intersección 782026454,-17.3887723,-66.2917597,interseccion
INTER_782026551,782026551,Intersección 782026551,-17.3890029,-66.2922151,interseccion
INTER_782026585,782026585,Intersección 782026585,-17.3909479,-66.2871185,interseccion
INTER_782026622,782026622,Intersección 782026622,-17.3895008,-66.2855414,interseccion
INTER_782026649,782026649,Intersección 782026649,-17.3678645,-66.2882634,interseccion
INTER_782026663,782026663,Intersección 782026663,-17.3620292,-66.3034949,interseccion
INTER_782026704,782026704,Intersección 782026704,-17.3917547,-66.2915753,interseccion
INTER_782026707,782026707,Intersección 782026707,-17.3651517,-66.282761,interseccion
INTER_782026730,782026730,Intersección 782026730,-17.3724807,-66.3014651,interseccion
INTER_782026743,782026743,Intersección 782026743,-17.3873,-66.2863722,interseccion
INTER_782026754,782026754,Intersección 782026754,-17.3899165,-66.2912819,interseccion
INTER_782026827,782026827,Intersección 782026827,-17.3556035,-66.3027051,interseccion
INTER_782026861,782026861,Intersección 782026861,-17.391423,-66.2903851,interseccion
INTER_782026869,782026869,Intersección 782026869,-17.3590914,-66.2971555,interseccion
INTER_782026908,782026908,Intersección 782026908,-17.3918086,-66.2942141,interseccion
INTER_782026911,782026911,Intersección 782026911,-17.3899507,-66.2921945,interseccion
INTER_782026923,782026923,Intersección 782026923,-17.3531101,-66.2867377,interseccion
INTER_782026927,782026927,Intersección 782026927,-17.357653,-66.274881,interseccion
INTER_782026929,782026929,Intersección 782026929,-17.3918708,-66.2830373,interseccion
INTER_782026954,782026954,Intersección 782026954,-17.3929208,-66.2895442,interseccion
INTER_782026966,782026966,Intersección 782026966,-17.3542348,-66.2798939,interseccion
INTER_782026972,782026972,Intersección 782026972,-17.3743473,-66.2865573,interseccion
INTER_782026975,782026975,Intersección 782026975,-17.3479483,-66.2871808,interseccion
INTER_782026995,782026995,Intersección 782026995,-17.3683123,-66.2981865,interseccion
INTER_782027015,782027015,Intersección 782027015,-17.4072375,-66.295464,interseccion
INTER_782027018,782027018,Intersección 782027018,-17.3542457,-66.3001113,interseccion
INTER_782027027,782027027,Intersección 782027027,-17.3860747,-66.2880292,interseccion
INTER_782027042,782027042,Intersección 782027042,-17.3501141,-66.2939366,interseccion
INTER_782027056,782027056,Intersección 782027056,-17.3567008,-66.2769689,interseccion
INTER_782027063,782027063,Intersección 782027063,-17.3733311,-66.2865516,interseccion
INTER_782027092,782027092,Intersección 782027092,-17.391115,-66.2903909,interseccion
INTER_782027108,782027108,Intersección 782027108,-17.3513648,-66.2848927,interseccion
INTER_782027112,782027112,Intersección 782027112,-17.3871441,-66.2847884,interseccion
INTER_782027142,782027142,Intersección 782027142,-17.3922126,-66.2879635,interseccion
INTER_782027165,782027165,Intersección 782027165,-17.3700838,-66.2965928,interseccion
INTER_782027174,782027174,Intersección 782027174,-17.3627156,-66.2849628,interseccion
INTER_782027214,782027214,Intersección 782027214,-17.3908279,-66.2926321,interseccion
INTER_782027233,782027233,Intersección 782027233,-17.3740056,-66.2849611,interseccion
INTER_782027248,782027248,Intersección 782027248,-17.3912774,-66.2915629,interseccion
INTER_782027270,782027270,Intersección 782027270,-17.3898774,-66.2903485,interseccion
INTER_782027288,782027288,Intersección 782027288,-17.3559739,-66.2910159,interseccion
INTER_782027363,782027363,Intersección 782027363,-17.3917755,-66.2931463,interseccion
INTER_782027369,782027369,Intersección 782027369,-17.3899622,-66.2926419,interseccion
INTER_782027386,782027386,Intersección 782027386,-17.3719505,-66.29028,interseccion
INTER_782027406,782027406,Intersección 782027406,-17.3524615,-66.2966565,interseccion
INTER_782027408,782027408,Intersección 782027408,-17.39098,-66.2922893,interseccion
INTER_782027439,782027439,Intersección 782027439,-17.3944924,-66.2895369,interseccion
INTER_782027442,782027442,Intersección 782027442,-17.3864144,-66.2891917,interseccion
INTER_782027454,782027454,Intersección 782027454,-17.3878366,-66.2903965,interseccion
INTER_782027475,782027475,Intersección 782027475,-17.3516036,-66.3014609,interseccion
INTER_782027501,782027501,Intersección 782027501,-17.364101,-66.289143,interseccion
INTER_782027587,782027587,Intersección 782027587,-17.3859964,-66.285569,interseccion
INTER_782027604,782027604,Intersección 782027604,-17.3701326,-66.2988497,interseccion
INTER_782027627,782027627,Intersección 782027627,-17.3882538,-66.2903918,interseccion
INTER_782027631,782027631,Intersección 782027631,-17.3716556,-66.2933252,interseccion
INTER_782027663,782027663,Intersección 782027663,-17.3875189,-66.2895923,interseccion
INTER_782027708,782027708,Intersección 782027708,-17.3658945,-66.282785,interseccion
INTER_782027766,782027766,Intersección 782027766,-17.3932146,-66.2879475,interseccion
INTER_782027780,782027780,Intersección 782027780,-17.3677696,-66.2850588,interseccion
INTER_782027828,782027828,Intersección 782027828,-17.3919203,-66.2901588,interseccion
INTER_782027854,782027854,Intersección 782027854,-17.391116,-66.2907898,interseccion
INTER_782027885,782027885,Intersección 782027885,-17.3506289,-66.2844181,interseccion
INTER_782027892,782027892,Intersección 782027892,-17.3511268,-66.2904429,interseccion
INTER_782027903,782027903,Intersección 782027903,-17.3688162,-66.2996006,interseccion
INTER_782027908,782027908,Intersección 782027908,-17.3571682,-66.2929745,interseccion
INTER_782027929,782027929,Intersección 782027929,-17.3884118,-66.28555,interseccion
INTER_782027936,782027936,Intersección 782027936,-17.3873677,-66.2872149,interseccion
INTER_782027963,782027963,Intersección 782027963,-17.3716379,-66.2881898,interseccion
INTER_782027980,782027980,Intersección 782027980,-17.3886406,-66.2885138,interseccion
INTER_782027990,782027990,Intersección 782027990,-17.3912247,-66.2916939,interseccion
INTER_782027993,782027993,Intersección 782027993,-17.3541033,-66.3001977,interseccion
INTER_782028045,782028045,Intersección 782028045,-17.3684116,-66.299927,interseccion
INTER_782028063,782028063,Intersección 782028063,-17.3860526,-66.2872364,interseccion
INTER_782028093,782028093,Intersección 782028093,-17.3910955,-66.2895488,interseccion
INTER_782028207,782028207,Intersección 782028207,-17.387227,-66.2855593,interseccion
INTER_782028211,782028211,Intersección 782028211,-17.3934177,-66.289556,interseccion
INTER_782028233,782028233,Intersección 782028233,-17.3863964,-66.2885299,interseccion
INTER_782028235,782028235,Intersección 782028235,-17.3885131,-66.28634,interseccion
INTER_782028249,782028249,Intersección 782028249,-17.3893264,-66.292672,interseccion
INTER_782028317,782028317,Intersección 782028317,-17.3883612,-66.2908607,interseccion
INTER_782028352,782028352,Intersección 782028352,-17.3717243,-66.2923246,interseccion
INTER_782028392,782028392,Intersección 782028392,-17.353766,-66.2811572,interseccion
INTER_782028395,782028395,Intersección 782028395,-17.3920932,-66.2863044,interseccion
INTER_782028404,782028404,Intersección 782028404,-17.3887205,-66.2895705,interseccion
INTER_782028428,782028428,Intersección 782028428,-17.3724011,-66.2830428,interseccion
INTER_782028466,782028466,Intersección 782028466,-17.3910365,-66.2921495,interseccion
INTER_782028483,782028483,Intersección 782028483,-17.355302,-66.2784074,interseccion
INTER_782028692,782028692,Intersección 782028692,-17.3591164,-66.2969139,interseccion
INTER_782028709,782028709,Intersección 782028709,-17.38744,-66.2885191,interseccion
INTER_782028712,782028712,Intersección 782028712,-17.3822376,-66.28646,interseccion
INTER_782028760,782028760,Intersección 782028760,-17.392285,-66.2895162,interseccion
INTER_782028764,782028764,Intersección 782028764,-17.3860228,-66.2863864,interseccion
INTER_782028779,782028779,Intersección 782028779,-17.3911225,-66.2912592,interseccion
INTER_782028808,782028808,Intersección 782028808,-17.3525356,-66.2857896,interseccion
INTER_782028831,782028831,Intersección 782028831,-17.3898461,-66.2896015,interseccion
INTER_782028835,782028835,Intersección 782028835,-17.3874087,-66.2879961,interseccion
INTER_782028890,782028890,Intersección 782028890,-17.3881156,-66.2895898,interseccion
INTER_782028916,782028916,Intersección 782028916,-17.3929832,-66.2905957,interseccion
INTER_782028920,782028920,Intersección 782028920,-17.3678325,-66.2870278,interseccion
INTER_782028932,782028932,Intersección 782028932,-17.3917079,-66.280811,interseccion
INTER_782028946,782028946,Intersección 782028946,-17.385645,-66.2885561,interseccion
INTER_783868763,783868763,Intersección 783868763,-17.3550711,-66.281877,interseccion
INTER_783868771,783868771,Intersección 783868771,-17.3834752,-66.2689445,interseccion
INTER_783868773,783868773,Intersección 783868773,-17.3838467,-66.2807752,interseccion
INTER_783868776,783868776,Intersección 783868776,-17.3808119,-66.2816921,interseccion
INTER_783868786,783868786,Intersección 783868786,-17.3931302,-66.2863034,interseccion
INTER_783868797,783868797,Intersección 783868797,-17.3564914,-66.2827628,interseccion
INTER_783868802,783868802,Intersección 783868802,-17.3853527,-66.2792558,interseccion
INTER_783868812,783868812,Intersección 783868812,-17.3813257,-66.269861,interseccion
INTER_783868823,783868823,Intersección 783868823,-17.351243,-66.2645258,interseccion
INTER_783868846,783868846,Intersección 783868846,-17.367342,-66.2765495,interseccion
INTER_783868847,783868847,Intersección 783868847,-17.3891924,-66.2797413,interseccion
INTER_783868850,783868850,Intersección 783868850,-17.3868709,-66.2812124,interseccion
INTER_783868868,783868868,Intersección 783868868,-17.3914435,-66.2773216,interseccion
INTER_783868870,783868870,Intersección 783868870,-17.3879096,-66.2783231,interseccion
INTER_783868878,783868878,Intersección 783868878,-17.3565769,-66.283384,interseccion
INTER_783868899,783868899,Intersección 783868899,-17.3959902,-66.2754332,interseccion
INTER_783868902,783868902,Intersección 783868902,-17.3903267,-66.2896053,interseccion
INTER_783868912,783868912,Intersección 783868912,-17.3905745,-66.2818825,interseccion
INTER_783868923,783868923,Intersección 783868923,-17.3865399,-66.2770623,interseccion
INTER_783868926,783868926,Intersección 783868926,-17.3915693,-66.2786832,interseccion
INTER_783868932,783868932,Intersección 783868932,-17.3822129,-66.2804603,interseccion
INTER_783868942,783868942,Intersección 783868942,-17.3572035,-66.2758245,interseccion
INTER_783868949,783868949,Intersección 783868949,-17.3532318,-66.255036,interseccion
INTER_783868958,783868958,Intersección 783868958,-17.3902183,-66.2770368,interseccion
INTER_783868961,783868961,Intersección 783868961,-17.3840641,-66.2753925,interseccion
INTER_783868977,783868977,Intersección 783868977,-17.3512937,-66.2652631,interseccion
INTER_783868983,783868983,Intersección 783868983,-17.3916926,-66.2683964,interseccion
INTER_783868991,783868991,Intersección 783868991,-17.3966776,-66.2791584,interseccion
INTER_783869008,783869008,Intersección 783869008,-17.3854735,-66.2915507,interseccion
INTER_783869011,783869011,Intersección 783869011,-17.3945936,-66.2709427,interseccion
INTER_783869013,783869013,Intersección 783869013,-17.3645854,-66.2682951,interseccion
INTER_783869017,783869017,Intersección 783869017,-17.3881002,-66.2811047,interseccion
INTER_783869019,783869019,Intersección 783869019,-17.3935319,-66.2756625,interseccion
INTER_783869034,783869034,Intersección 783869034,-17.3976083,-66.2718423,interseccion
INTER_783869036,783869036,Intersección 783869036,-17.3929212,-66.2972422,interseccion
INTER_783869054,783869054,Intersección 783869054,-17.3820631,-66.2786481,interseccion
INTER_783869059,783869059,Intersección 783869059,-17.38639,-66.2972873,interseccion
INTER_783869069,783869069,Intersección 783869069,-17.3852213,-66.2721127,interseccion
INTER_783869071,783869071,Intersección 783869071,-17.389919,-66.2730996,interseccion
INTER_783869082,783869082,Intersección 783869082,-17.3926386,-66.2963695,interseccion
INTER_783869088,783869088,Intersección 783869088,-17.3770787,-66.2721362,interseccion
INTER_783869093,783869093,Intersección 783869093,-17.3794103,-66.2875947,interseccion
INTER_783869101,783869101,Intersección 783869101,-17.3825236,-66.2802544,interseccion
INTER_783869104,783869104,Intersección 783869104,-17.3869487,-66.2821934,interseccion
INTER_783869106,783869106,Intersección 783869106,-17.3506942,-66.2645044,interseccion
INTER_783869108,783869108,Intersección 783869108,-17.3960264,-66.2709391,interseccion
INTER_783869112,783869112,Intersección 783869112,-17.3822594,-66.2815814,interseccion
INTER_783869113,783869113,Intersección 783869113,-17.3866409,-66.278433,interseccion
INTER_783869127,783869127,Intersección 783869127,-17.3959517,-66.27429,interseccion
INTER_783869134,783869134,Intersección 783869134,-17.3845274,-66.2801069,interseccion
INTER_783869136,783869136,Intersección 783869136,-17.3915667,-66.295795,interseccion
INTER_783869141,783869141,Intersección 783869141,-17.3842035,-66.2689132,interseccion
INTER_783869149,783869149,Intersección 783869149,-17.3837903,-66.2801471,interseccion
INTER_783869157,783869157,Intersección 783869157,-17.3991731,-66.2738186,interseccion
INTER_783869160,783869160,Intersección 783869160,-17.3971344,-66.2756161,interseccion
INTER_783869164,783869164,Intersección 783869164,-17.374548,-66.2739315,interseccion
INTER_783869169,783869169,Intersección 783869169,-17.3825593,-66.2679988,interseccion
INTER_783869174,783869174,Intersección 783869174,-17.3871147,-66.2760217,interseccion
INTER_783869176,783869176,Intersección 783869176,-17.3855099,-66.2800185,interseccion
INTER_783869181,783869181,Intersección 783869181,-17.3610024,-66.2677111,interseccion
INTER_783869186,783869186,Intersección 783869186,-17.3830776,-66.2824851,interseccion
INTER_783869192,783869192,Intersección 783869192,-17.3836066,-66.2778425,interseccion
INTER_783869201,783869201,Intersección 783869201,-17.3930449,-66.2846597,interseccion
INTER_783869211,783869211,Intersección 783869211,-17.3872342,-66.269725,interseccion
INTER_783869214,783869214,Intersección 783869214,-17.3816792,-66.2836363,interseccion
INTER_783869218,783869218,Intersección 783869218,-17.3863188,-66.2957638,interseccion
INTER_783869220,783869220,Intersección 783869220,-17.3932616,-66.2711834,interseccion
INTER_783869227,783869227,Intersección 783869227,-17.3811997,-66.2679508,interseccion
INTER_783869230,783869230,Intersección 783869230,-17.3882664,-66.283624,interseccion
INTER_783869232,783869232,Intersección 783869232,-17.391277,-66.275907,interseccion
INTER_783869239,783869239,Intersección 783869239,-17.3766562,-66.290162,interseccion
INTER_783869245,783869245,Intersección 783869245,-17.3575648,-66.2842539,interseccion
INTER_783869256,783869256,Intersección 783869256,-17.3965351,-66.2730225,interseccion
INTER_783869274,783869274,Intersección 783869274,-17.361216,-66.282761,interseccion
INTER_783869279,783869279,Intersección 783869279,-17.3890862,-66.2725223,interseccion
INTER_783869284,783869284,Intersección 783869284,-17.3668017,-66.2789878,interseccion
INTER_783869292,783869292,Intersección 783869292,-17.376982,-66.2674893,interseccion
INTER_783869297,783869297,Intersección 783869297,-17.3841367,-66.2680818,interseccion
INTER_783869301,783869301,Intersección 783869301,-17.3714754,-66.2732923,interseccion
INTER_783869304,783869304,Intersección 783869304,-17.3815198,-66.2804845,interseccion
INTER_783869311,783869311,Intersección 783869311,-17.3636064,-66.2611969,interseccion
INTER_783869318,783869318,Intersección 783869318,-17.3607848,-66.2851735,interseccion
INTER_783869326,783869326,Intersección 783869326,-17.3842114,-66.2771254,interseccion
INTER_783869331,783869331,Intersección 783869331,-17.3814946,-66.2724896,interseccion
INTER_783869336,783869336,Intersección 783869336,-17.3502035,-66.27115,interseccion
INTER_783869340,783869340,Intersección 783869340,-17.3836711,-66.2787002,interseccion
INTER_783869342,783869342,Intersección 783869342,-17.3807927,-66.2805271,interseccion
INTER_783869344,783869344,Intersección 783869344,-17.3542933,-66.2845391,interseccion
INTER_783869371,783869371,Intersección 783869371,-17.393158,-66.2712023,interseccion
INTER_783869375,783869375,Intersección 783869375,-17.3969761,-66.2744608,interseccion
INTER_783869380,783869380,Intersección 783869380,-17.3779946,-66.2798702,interseccion
INTER_783869389,783869389,Intersección 783869389,-17.3558189,-66.2828481,interseccion
INTER_783869395,783869395,Intersección 783869395,-17.3830256,-66.2815208,interseccion
INTER_783869401,783869401,Intersección 783869401,-17.3625756,-66.2829932,interseccion
INTER_783869405,783869405,Intersección 783869405,-17.358309,-66.2717804,interseccion
INTER_783869407,783869407,Intersección 783869407,-17.3727103,-66.2799301,interseccion
INTER_783869410,783869410,Intersección 783869410,-17.3511716,-66.2631239,interseccion
INTER_783869414,783869414,Intersección 783869414,-17.3896688,-66.2966231,interseccion
INTER_783869416,783869416,Intersección 783869416,-17.3828188,-66.2510816,interseccion
INTER_783869422,783869422,Intersección 783869422,-17.3878307,-66.2770475,interseccion
INTER_783869430,783869430,Intersección 783869430,-17.357205,-66.2842861,interseccion
INTER_783869437,783869437,Intersección 783869437,-17.3491816,-66.2712642,interseccion
INTER_783869455,783869455,Intersección 783869455,-17.3850896,-66.269924,interseccion
INTER_783869460,783869460,Intersección 783869460,-17.3821426,-66.2795035,interseccion
INTER_783869465,783869465,Intersección 783869465,-17.3547828,-66.2835469,interseccion
INTER_783869467,783869467,Intersección 783869467,-17.3646799,-66.2798297,interseccion
INTER_783869472,783869472,Intersección 783869472,-17.3721378,-66.2800292,interseccion
INTER_783869480,783869480,Intersección 783869480,-17.3507548,-66.2653943,interseccion
INTER_783869486,783869486,Intersección 783869486,-17.3697943,-66.276973,interseccion
INTER_783869489,783869489,Intersección 783869489,-17.3870342,-66.2708688,interseccion
INTER_783869495,783869495,Intersección 783869495,-17.38519,-66.2697737,interseccion
INTER_783869503,783869503,Intersección 783869503,-17.3843632,-66.2786341,interseccion
INTER_783869514,783869514,Intersección 783869514,-17.3854722,-66.2751372,interseccion
INTER_783869519,783869519,Intersección 783869519,-17.3562804,-66.2542998,interseccion
INTER_783869524,783869524,Intersección 783869524,-17.3845752,-66.2823694,interseccion
INTER_783869526,783869526,Intersección 783869526,-17.3545624,-66.2830183,interseccion
INTER_783869531,783869531,Intersección 783869531,-17.3835154,-66.2698035,interseccion
INTER_783869538,783869538,Intersección 783869538,-17.3677314,-66.2701375,interseccion
INTER_783869545,783869545,Intersección 783869545,-17.3858736,-66.2830112,interseccion
INTER_783869548,783869548,Intersección 783869548,-17.3977696,-66.2706471,interseccion
INTER_783869556,783869556,Intersección 783869556,-17.3870788,-66.2688196,interseccion
INTER_783869559,783869559,Intersección 783869559,-17.3841431,-66.2763919,interseccion
INTER_783869568,783869568,Intersección 783869568,-17.3828963,-66.2802228,interseccion
INTER_783869584,783869584,Intersección 783869584,-17.3954597,-66.2845903,interseccion
INTER_783869587,783869587,Intersección 783869587,-17.3967808,-66.2716867,interseccion
INTER_783869589,783869589,Intersección 783869589,-17.3904712,-66.2972482,interseccion
INTER_783869594,783869594,Intersección 783869594,-17.3869643,-66.2681634,interseccion
INTER_783869596,783869596,Intersección 783869596,-17.3836667,-66.2766148,interseccion
INTER_783869599,783869599,Intersección 783869599,-17.3845299,-66.3037028,interseccion
INTER_783869615,783869615,Intersección 783869615,-17.3897317,-66.2697978,interseccion
INTER_783869625,783869625,Intersección 783869625,-17.3536806,-66.2845974,interseccion
INTER_783869630,783869630,Intersección 783869630,-17.3612673,-66.284095,interseccion
INTER_783869639,783869639,Intersección 783869639,-17.3888026,-66.2707875,interseccion
INTER_783869643,783869643,Intersección 783869643,-17.3899071,-66.2957949,interseccion
INTER_783869648,783869648,Intersección 783869648,-17.350171,-66.2680996,interseccion
INTER_783869681,783869681,Intersección 783869681,-17.3769914,-66.2814901,interseccion
INTER_783869684,783869684,Intersección 783869684,-17.3843978,-66.2689001,interseccion
INTER_783869695,783869695,Intersección 783869695,-17.3715821,-66.2809992,interseccion
INTER_783869710,783869710,Intersección 783869710,-17.392094,-66.2966437,interseccion
INTER_783869712,783869712,Intersección 783869712,-17.3919789,-66.2713321,interseccion
INTER_783869722,783869722,Intersección 783869722,-17.3846243,-66.2813866,interseccion
INTER_783869727,783869727,Intersección 783869727,-17.3993211,-66.272779,interseccion
INTER_783869729,783869729,Intersección 783869729,-17.3871369,-66.2912696,interseccion
INTER_783869740,783869740,Intersección 783869740,-17.3719763,-66.2753722,interseccion
INTER_783869746,783869746,Intersección 783869746,-17.3621777,-66.2877143,interseccion
INTER_783869751,783869751,Intersección 783869751,-17.3987605,-66.2707581,interseccion
INTER_783869754,783869754,Intersección 783869754,-17.3908254,-66.2699758,interseccion
INTER_783869762,783869762,Intersección 783869762,-17.3566103,-66.2820345,interseccion
INTER_783869768,783869768,Intersección 783869768,-17.3560231,-66.2843747,interseccion
INTER_783869775,783869775,Intersección 783869775,-17.3746469,-66.2823531,interseccion
INTER_783869785,783869785,Intersección 783869785,-17.3609199,-66.2813023,interseccion
INTER_783869790,783869790,Intersección 783869790,-17.361252,-66.283076,interseccion
INTER_783869795,783869795,Intersección 783869795,-17.3598376,-66.2733037,interseccion
INTER_783869803,783869803,Intersección 783869803,-17.3859629,-66.2688512,interseccion
INTER_783869818,783869818,Intersección 783869818,-17.3572814,-66.2826626,interseccion
INTER_783869832,783869832,Intersección 783869832,-17.3904057,-66.2796498,interseccion
INTER_783869834,783869834,Intersección 783869834,-17.3870091,-66.2829383,interseccion
INTER_783869837,783869837,Intersección 783869837,-17.391035,-66.2957922,interseccion
INTER_783869839,783869839,Intersección 783869839,-17.3946951,-66.2957857,interseccion
INTER_783869844,783869844,Intersección 783869844,-17.3793885,-66.2679445,interseccion
INTER_783869855,783869855,Intersección 783869855,-17.3566172,-66.2843183,interseccion
INTER_783869870,783869870,Intersección 783869870,-17.3957074,-66.2776833,interseccion
INTER_783869885,783869885,Intersección 783869885,-17.388575,-66.2741178,interseccion
INTER_783869892,783869892,Intersección 783869892,-17.3903456,-66.2787805,interseccion
INTER_783869909,783869909,Intersección 783869909,-17.3523042,-66.265008,interseccion
INTER_783869914,783869914,Intersección 783869914,-17.3528156,-66.2846796,interseccion
INTER_783869916,783869916,Intersección 783869916,-17.3826765,-66.2698111,interseccion
INTER_783869918,783869918,Intersección 783869918,-17.3848774,-66.2762036,interseccion
INTER_783869923,783869923,Intersección 783869923,-17.3544777,-66.2819388,interseccion
INTER_783869925,783869925,Intersección 783869925,-17.3976883,-66.2712498,interseccion
INTER_783869928,783869928,Intersección 783869928,-17.3496593,-66.2614623,interseccion
INTER_783869933,783869933,Intersección 783869933,-17.3790931,-66.2728073,interseccion
INTER_783869944,783869944,Intersección 783869944,-17.3806108,-66.2778888,interseccion
INTER_783869949,783869949,Intersección 783869949,-17.3607307,-66.2850531,interseccion
INTER_783869958,783869958,Intersección 783869958,-17.3857584,-66.2822743,interseccion
INTER_783869962,783869962,Intersección 783869962,-17.3500947,-66.2645991,interseccion
INTER_783869967,783869967,Intersección 783869967,-17.3966742,-66.2722664,interseccion
INTER_783869969,783869969,Intersección 783869969,-17.3920961,-66.272534,interseccion
INTER_783869977,783869977,Intersección 783869977,-17.3826277,-66.2815501,interseccion
INTER_783869982,783869982,Intersección 783869982,-17.385319,-66.2509047,interseccion
INTER_783869986,783869986,Intersección 783869986,-17.3893661,-66.2827719,interseccion
INTER_783869989,783869989,Intersección 783869989,-17.3888263,-66.2761662,interseccion
INTER_783869991,783869991,Intersección 783869991,-17.3926359,-66.2957983,interseccion
INTER_783869999,783869999,Intersección 783869999,-17.3678797,-66.2820319,interseccion
INTER_783870001,783870001,Intersección 783870001,-17.3855426,-66.2720638,interseccion
INTER_783870006,783870006,Intersección 783870006,-17.3881744,-66.2820922,interseccion
INTER_783870013,783870013,Intersección 783870013,-17.3683018,-66.2795601,interseccion
INTER_783870018,783870018,Intersección 783870018,-17.3901489,-66.2760238,interseccion
INTER_783870020,783870020,Intersección 783870020,-17.35172,-66.2629935,interseccion
INTER_783870031,783870031,Intersección 783870031,-17.3535711,-66.2831611,interseccion
INTER_783870036,783870036,Intersección 783870036,-17.3517698,-66.2645479,interseccion
INTER_783870038,783870038,Intersección 783870038,-17.3899719,-66.273795,interseccion
INTER_783870043,783870043,Intersección 783870043,-17.3837978,-66.2722658,interseccion
INTER_783870044,783870044,Intersección 783870044,-17.3955782,-66.2742268,interseccion
INTER_783870053,783870053,Intersección 783870053,-17.3823675,-66.2861127,interseccion
INTER_783870064,783870064,Intersección 783870064,-17.3922325,-66.2972452,interseccion
INTER_783870068,783870068,Intersección 783870068,-17.3791333,-66.2735033,interseccion
INTER_783870073,783870073,Intersección 783870073,-17.369511,-66.2749417,interseccion
INTER_783870077,783870077,Intersección 783870077,-17.3839726,-66.2742816,interseccion
INTER_783870080,783870080,Intersección 783870080,-17.3915503,-66.2972466,interseccion
INTER_783870087,783870087,Intersección 783870087,-17.3911133,-66.2745363,interseccion
INTER_783870089,783870089,Intersección 783870089,-17.360786,-66.2841205,interseccion
INTER_783870094,783870094,Intersección 783870094,-17.3715545,-66.2801057,interseccion
INTER_783870096,783870096,Intersección 783870096,-17.3909993,-66.2879773,interseccion
INTER_783870100,783870100,Intersección 783870100,-17.3904763,-66.2966337,interseccion
INTER_783870106,783870106,Intersección 783870106,-17.379807,-66.2817588,interseccion
INTER_783870129,783870129,Intersección 783870129,-17.3835731,-66.2831411,interseccion
INTER_783870133,783870133,Intersección 783870133,-17.390651,-66.2683566,interseccion
INTER_783870140,783870140,Intersección 783870140,-17.360068,-66.2841356,interseccion
INTER_783870143,783870143,Intersección 783870143,-17.3870883,-66.2938166,interseccion
INTER_783870145,783870145,Intersección 783870145,-17.3559488,-66.2828316,interseccion
INTER_783870153,783870153,Intersección 783870153,-17.3913853,-66.2770207,interseccion
INTER_783870159,783870159,Intersección 783870159,-17.3937822,-66.2965013,interseccion
INTER_783870165,783870165,Intersección 783870165,-17.3595081,-66.2808372,interseccion
INTER_783870171,783870171,Intersección 783870171,-17.3650243,-66.2828402,interseccion
INTER_783870177,783870177,Intersección 783870177,-17.3857897,-66.2989869,interseccion
INTER_783870183,783870183,Intersección 783870183,-17.37959,-66.2705328,interseccion
INTER_783870190,783870190,Intersección 783870190,-17.3850194,-66.2688694,interseccion
INTER_783870192,783870192,Intersección 783870192,-17.3910071,-66.2770368,interseccion
INTER_783870208,783870208,Intersección 783870208,-17.3606743,-66.2841225,interseccion
INTER_783870210,783870210,Intersección 783870210,-17.3645281,-66.2689104,interseccion
INTER_783870213,783870213,Intersección 783870213,-17.3900366,-66.2746514,interseccion
INTER_783870218,783870218,Intersección 783870218,-17.3480728,-66.2648431,interseccion
INTER_783870221,783870221,Intersección 783870221,-17.390152,-66.2723466,interseccion
INTER_783870228,783870228,Intersección 783870228,-17.3664641,-66.2806603,interseccion
INTER_783870231,783870231,Intersección 783870231,-17.3872886,-66.2735167,interseccion
INTER_783870235,783870235,Intersección 783870235,-17.391013,-66.2966408,interseccion
INTER_783870246,783870246,Intersección 783870246,-17.3815608,-66.2816415,interseccion
INTER_783870266,783870266,Intersección 783870266,-17.3969925,-66.2766638,interseccion
INTER_783870270,783870270,Intersección 783870270,-17.3869476,-66.2698811,interseccion
INTER_783870277,783870277,Intersección 783870277,-17.3994528,-66.2715881,interseccion
INTER_783870279,783870279,Intersección 783870279,-17.3915586,-66.2966534,interseccion
INTER_783870286,783870286,Intersección 783870286,-17.3882319,-66.2828616,interseccion
INTER_783870289,783870289,Intersección 783870289,-17.3624058,-66.2840791,interseccion
INTER_783870293,783870293,Intersección 783870293,-17.3522688,-66.2628143,interseccion
INTER_783870298,783870298,Intersección 783870298,-17.3600301,-66.2826047,interseccion
INTER_783870300,783870300,Intersección 783870300,-17.3826165,-66.2689891,interseccion
INTER_783870308,783870308,Intersección 783870308,-17.385759,-66.2931095,interseccion
INTER_783870327,783870327,Intersección 783870327,-17.3974057,-66.2734669,interseccion
INTER_783870331,783870331,Intersección 783870331,-17.3700696,-66.2674513,interseccion
INTER_783870336,783870336,Intersección 783870336,-17.3797107,-66.2727241,interseccion
INTER_783870340,783870340,Intersección 783870340,-17.393387,-66.2742772,interseccion
INTER_783870344,783870344,Intersección 783870344,-17.3824568,-66.279475,interseccion
INTER_783870351,783870351,Intersección 783870351,-17.3604282,-66.2807193,interseccion
INTER_783870358,783870358,Intersección 783870358,-17.3726268,-66.2814798,interseccion
INTER_783870363,783870363,Intersección 783870363,-17.3512058,-66.2640513,interseccion
INTER_783870365,783870365,Intersección 783870365,-17.3908116,-66.2698349,interseccion
INTER_783870367,783870367,Intersección 783870367,-17.3957161,-66.2731595,interseccion
INTER_783870381,783870381,Intersección 783870381,-17.3830237,-66.2743333,interseccion
INTER_783870388,783870388,Intersección 783870388,-17.3849485,-66.2863984,interseccion
INTER_783870393,783870393,Intersección 783870393,-17.3852189,-66.3002635,interseccion
INTER_783870409,783870409,Intersección 783870409,-17.354864,-66.2844849,interseccion
INTER_783870410,783870410,Intersección 783870410,-17.3647203,-66.2807141,interseccion
INTER_783870418,783870418,Intersección 783870418,-17.3853953,-66.2742018,interseccion
INTER_783870422,783870422,Intersección 783870422,-17.3927762,-66.2964864,interseccion
INTER_783870426,783870426,Intersección 783870426,-17.3871489,-66.2929371,interseccion
INTER_783870429,783870429,Intersección 783870429,-17.3907024,-66.289595,interseccion
INTER_783870431,783870431,Intersección 783870431,-17.3611154,-66.2841063,interseccion
INTER_783870438,783870438,Intersección 783870438,-17.3926042,-66.2757591,interseccion
INTER_783870441,783870441,Intersección 783870441,-17.3902969,-66.2781095,interseccion
INTER_783870446,783870446,Intersección 783870446,-17.3835212,-66.2699542,interseccion
INTER_783870455,783870455,Intersección 783870455,-17.3927325,-66.2780305,interseccion
INTER_783870458,783870458,Intersección 783870458,-17.3683122,-66.2728113,interseccion
INTER_783870461,783870461,Intersección 783870461,-17.3559875,-66.2834347,interseccion
INTER_783870471,783870471,Intersección 783870471,-17.3889678,-66.271672,interseccion
INTER_783870473,783870473,Intersección 783870473,-17.3968388,-66.2778947,interseccion
INTER_783870479,783870479,Intersección 783870479,-17.3789053,-66.2705488,interseccion
INTER_783870485,783870485,Intersección 783870485,-17.3882694,-66.2770451,interseccion
INTER_783870487,783870487,Intersección 783870487,-17.390676,-66.2834421,interseccion
INTER_783870490,783870490,Intersección 783870490,-17.3845855,-66.2831015,interseccion
INTER_783870497,783870497,Intersección 783870497,-17.3870607,-66.2837516,interseccion
INTER_783870504,783870504,Intersección 783870504,-17.3577203,-66.2681001,interseccion
INTER_783870512,783870512,Intersección 783870512,-17.3937285,-66.2749633,interseccion
INTER_783870519,783870519,Intersección 783870519,-17.3795001,-66.2779207,interseccion
INTER_783870524,783870524,Intersección 783870524,-17.3836502,-66.2764199,interseccion
INTER_783870529,783870529,Intersección 783870529,-17.3826709,-66.2915937,interseccion
INTER_783870538,783870538,Intersección 783870538,-17.3894912,-66.268339,interseccion
INTER_783870543,783870543,Intersección 783870543,-17.3847047,-66.284822,interseccion
INTER_783870545,783870545,Intersección 783870545,-17.3627372,-66.2879703,interseccion
INTER_783870549,783870549,Intersección 783870549,-17.3685041,-66.2828649,interseccion
INTER_783870553,783870553,Intersección 783870553,-17.3929193,-66.296494,interseccion
INTER_783870564,783870564,Intersección 783870564,-17.3820013,-66.2743582,interseccion
INTER_783870568,783870568,Intersección 783870568,-17.3530853,-66.283231,interseccion
INTER_783870589,783870589,Intersección 783870589,-17.3909304,-66.2728501,interseccion
INTER_783870606,783870606,Intersección 783870606,-17.3900227,-66.2715623,interseccion
INTER_783870610,783870610,Intersección 783870610,-17.3506417,-66.2632592,interseccion
INTER_783870615,783870615,Intersección 783870615,-17.3831308,-66.2755488,interseccion
INTER_783870634,783870634,Intersección 783870634,-17.3874162,-66.2973392,interseccion
INTER_783870644,783870644,Intersección 783870644,-17.3890813,-66.2782133,interseccion
INTER_783870650,783870650,Intersección 783870650,-17.361853,-66.2811794,interseccion
INTER_783870660,783870660,Intersección 783870660,-17.3678068,-66.279463,interseccion
INTER_783870664,783870664,Intersección 783870664,-17.3910567,-66.2949514,interseccion
INTER_783870666,783870666,Intersección 783870666,-17.3986567,-66.2720493,interseccion
INTER_783870672,783870672,Intersección 783870672,-17.3844325,-66.26979,interseccion
INTER_783870674,783870674,Intersección 783870674,-17.3867646,-66.2799263,interseccion
INTER_783870680,783870680,Intersección 783870680,-17.3845946,-66.2808486,interseccion
INTER_783870693,783870693,Intersección 783870693,-17.390505,-66.2809188,interseccion
INTER_783870697,783870697,Intersección 783870697,-17.3975334,-66.2724354,interseccion
INTER_783870703,783870703,Intersección 783870703,-17.3722817,-66.277403,interseccion
INTER_783870706,783870706,Intersección 783870706,-17.3779037,-66.2819058,interseccion
INTER_783870714,783870714,Intersección 783870714,-17.385782,-66.2812977,interseccion
INTER_783870719,783870719,Intersección 783870719,-17.3770626,-66.2670123,interseccion
INTER_783870724,783870724,Intersección 783870724,-17.3819847,-66.2778215,interseccion
INTER_783870726,783870726,Intersección 783870726,-17.3986976,-66.2714466,interseccion
INTER_783870732,783870732,Intersección 783870732,-17.3795904,-66.2699891,interseccion
INTER_783870736,783870736,Intersección 783870736,-17.3897552,-66.2699402,interseccion
INTER_783870743,783870743,Intersección 783870743,-17.3575235,-66.2832937,interseccion
INTER_783870750,783870750,Intersección 783870750,-17.3602912,-66.2750695,interseccion
INTER_783870755,783870755,Intersección 783870755,-17.3517492,-66.2640724,interseccion
INTER_783870760,783870760,Intersección 783870760,-17.3958717,-66.272116,interseccion
INTER_783870773,783870773,Intersección 783870773,-17.3866944,-66.2791405,interseccion
INTER_783870780,783870780,Intersección 783870780,-17.37689,-66.2705467,interseccion
INTER_783870785,783870785,Intersección 783870785,-17.3605702,-66.2827992,interseccion
INTER_783870788,783870788,Intersección 783870788,-17.3936506,-66.276929,interseccion
INTER_783870790,783870790,Intersección 783870790,-17.3677229,-66.2797131,interseccion
INTER_783870793,783870793,Intersección 783870793,-17.3814048,-66.2711954,interseccion
INTER_783870799,783870799,Intersección 783870799,-17.3774618,-66.2649807,interseccion
INTER_783870808,783870808,Intersección 783870808,-17.3554199,-66.2844321,interseccion
INTER_783870827,783870827,Intersección 783870827,-17.3813276,-66.2699828,interseccion
INTER_783870837,783870837,Intersección 783870837,-17.3837337,-66.2793855,interseccion
INTER_783870840,783870840,Intersección 783870840,-17.3826464,-66.2854622,interseccion
INTER_783870842,783870842,Intersección 783870842,-17.3539728,-66.2831032,interseccion
INTER_783870844,783870844,Intersección 783870844,-17.3634847,-66.2829215,interseccion
INTER_783870851,783870851,Intersección 783870851,-17.3893373,-66.2820094,interseccion
INTER_783870855,783870855,Intersección 783870855,-17.3501476,-66.265557,interseccion
INTER_783870858,783870858,Intersección 783870858,-17.3918548,-66.2698908,interseccion
INTER_783870860,783870860,Intersección 783870860,-17.3945081,-66.275129,interseccion
INTER_783870867,783870867,Intersección 783870867,-17.3873692,-66.2908756,interseccion
INTER_783870872,783870872,Intersección 783870872,-17.3944773,-66.2709544,interseccion
INTER_783870874,783870874,Intersección 783870874,-17.3496941,-66.2635012,interseccion
INTER_783870877,783870877,Intersección 783870877,-17.3780004,-66.2834553,interseccion
INTER_783870891,783870891,Intersección 783870891,-17.3747591,-66.2811424,interseccion
INTER_783870897,783870897,Intersección 783870897,-17.3874604,-66.2829116,interseccion
INTER_783870899,783870899,Intersección 783870899,-17.350683,-66.2643255,interseccion
INTER_783870906,783870906,Intersección 783870906,-17.3860384,-66.2698966,interseccion
INTER_783870928,783870928,Intersección 783870928,-17.383073,-66.274958,interseccion
INTER_783870937,783870937,Intersección 783870937,-17.3482889,-66.2704621,interseccion
INTER_783870945,783870945,Intersección 783870945,-17.3909867,-66.271447,interseccion
INTER_783870953,783870953,Intersección 783870953,-17.3968874,-66.2710941,interseccion
INTER_783870955,783870955,Intersección 783870955,-17.3957041,-66.2732462,interseccion
INTER_783870959,783870959,Intersección 783870959,-17.3618218,-66.2840858,interseccion
INTER_783870962,783870962,Intersección 783870962,-17.3883361,-66.2847321,interseccion
INTER_783870964,783870964,Intersección 783870964,-17.3860294,-66.2697554,interseccion
INTER_783870967,783870967,Intersección 783870967,-17.3840152,-66.2749004,interseccion
INTER_783870971,783870971,Intersección 783870971,-17.3553723,-66.2835068,interseccion
INTER_783870986,783870986,Intersección 783870986,-17.3518161,-66.2651561,interseccion
INTER_783870988,783870988,Intersección 783870988,-17.3939696,-66.295788,interseccion
INTER_783870994,783870994,Intersección 783870994,-17.3891844,-66.2732673,interseccion
INTER_783870996,783870996,Intersección 783870996,-17.3865162,-66.2920448,interseccion
INTER_783871001,783871001,Intersección 783871001,-17.3610679,-66.285109,interseccion
INTER_783871003,783871003,Intersección 783871003,-17.3908766,-66.2863344,interseccion
INTER_783871011,783871011,Intersección 783871011,-17.3958714,-66.276475,interseccion
INTER_783871018,783871018,Intersección 783871018,-17.3851642,-66.2688771,interseccion
INTER_783871023,783871023,Intersección 783871023,-17.3937577,-66.2781005,interseccion
INTER_783871030,783871030,Intersección 783871030,-17.3571682,-66.2833188,interseccion
INTER_783871035,783871035,Intersección 783871035,-17.359574,-66.2815719,interseccion
INTER_783871037,783871037,Intersección 783871037,-17.3640685,-66.26827,interseccion
INTER_783871042,783871042,Intersección 783871042,-17.3932548,-66.295787,interseccion
INTER_783871052,783871052,Intersección 783871052,-17.3752544,-66.2759491,interseccion
INTER_783871056,783871056,Intersección 783871056,-17.3854275,-66.2709807,interseccion
INTER_783871058,783871058,Intersección 783871058,-17.3885115,-66.278269,interseccion
INTER_783871061,783871061,Intersección 783871061,-17.3907721,-66.2847301,interseccion
INTER_783871063,783871063,Intersección 783871063,-17.3959491,-66.2715273,interseccion
INTER_783871070,783871070,Intersección 783871070,-17.3850325,-66.2752143,interseccion
INTER_783871075,783871075,Intersección 783871075,-17.3678205,-66.2676195,interseccion
INTER_783871076,783871076,Intersección 783871076,-17.3582713,-66.271054,interseccion
INTER_783871079,783871079,Intersección 783871079,-17.3721268,-66.2812326,interseccion
INTER_783871084,783871084,Intersección 783871084,-17.3835598,-66.2754836,interseccion
INTER_783871086,783871086,Intersección 783871086,-17.3550327,-66.2621161,interseccion
INTER_783871090,783871090,Intersección 783871090,-17.3988302,-66.2707859,interseccion
INTER_783871093,783871093,Intersección 783871093,-17.3918529,-66.2700288,interseccion
INTER_783871102,783871102,Intersección 783871102,-17.3864458,-66.2760471,interseccion
INTER_783871104,783871104,Intersección 783871104,-17.3810338,-66.2828299,interseccion
INTER_783871107,783871107,Intersección 783871107,-17.3551868,-66.2829283,interseccion
INTER_783871114,783871114,Intersección 783871114,-17.3478937,-66.2699723,interseccion
INTER_783871116,783871116,Intersección 783871116,-17.3863525,-66.275061,interseccion
INTER_783871135,783871135,Intersección 783871135,-17.3911333,-66.2727966,interseccion
INTER_783871137,783871137,Intersección 783871137,-17.3904834,-66.2957937,interseccion
INTER_783871142,783871142,Intersección 783871142,-17.3880037,-66.2798163,interseccion
INTER_783871144,783871144,Intersección 783871144,-17.388203,-66.2940189,interseccion
INTER_783871149,783871149,Intersección 783871149,-17.3831312,-66.2711207,interseccion
INTER_783871151,783871151,Intersección 783871151,-17.3937662,-66.2972298,interseccion
INTER_783871157,783871157,Intersección 783871157,-17.3886703,-66.2699109,interseccion
INTER_783871170,783871170,Intersección 783871170,-17.3860953,-66.2709265,interseccion
INTER_783871172,783871172,Intersección 783871172,-17.3506705,-66.2640316,interseccion
INTER_783871177,783871177,Intersección 783871177,-17.3836524,-66.2710944,interseccion
INTER_783871184,783871184,Intersección 783871184,-17.3522802,-66.2752862,interseccion
INTER_783871187,783871187,Intersección 783871187,-17.3844449,-66.2793425,interseccion
INTER_783871195,783871195,Intersección 783871195,-17.364149,-66.2688928,interseccion
INTER_783871207,783871207,Intersección 783871207,-17.3938843,-66.2793687,interseccion
INTER_783871209,783871209,Intersección 783871209,-17.3874601,-66.2749254,interseccion
INTER_783871212,783871212,Intersección 783871212,-17.3976366,-66.2745688,interseccion
INTER_783871224,783871224,Intersección 783871224,-17.3669261,-66.2828732,interseccion
INTER_783871230,783871230,Intersección 783871230,-17.3558215,-66.261412,interseccion
INTER_783871251,783871251,Intersección 783871251,-17.392106,-66.2957992,interseccion
INTER_783871256,783871256,Intersección 783871256,-17.3759478,-66.2780007,interseccion
INTER_783871258,783871258,Intersección 783871258,-17.3871329,-66.2719023,interseccion
INTER_783884158,783884158,Intersección 783884158,-17.3917818,-66.2817936,interseccion
INTER_783884163,783884163,Intersección 783884163,-17.3916262,-66.2795583,interseccion
INTER_783884168,783884168,Intersección 783884168,-17.394946,-66.2782342,interseccion
INTER_783884173,783884173,Intersección 783884173,-17.3929208,-66.2807206,interseccion
INTER_783884187,783884187,Intersección 783884187,-17.3847973,-66.3011227,interseccion
INTER_783884197,783884197,Intersección 783884197,-17.388943,-66.2770369,interseccion
INTER_783884206,783884206,Intersección 783884206,-17.3926694,-66.2769877,interseccion
INTER_783920705,783920705,Intersección 783920705,-17.349244,-66.2663557,interseccion
INTER_783920716,783920716,Intersección 783920716,-17.351709,-66.2651674,interseccion
INTER_783920725,783920725,Intersección 783920725,-17.34821,-66.2507337,interseccion
INTER_783920749,783920749,Intersección 783920749,-17.3481221,-66.2702407,interseccion
INTER_783920752,783920752,Intersección 783920752,-17.3516208,-66.2680931,interseccion
INTER_783920754,783920754,Intersección 783920754,-17.3490805,-66.2615693,interseccion
INTER_783920758,783920758,Intersección 783920758,-17.3501208,-66.2658141,interseccion
INTER_783920759,783920759,Intersección 783920759,-17.348587,-66.2651071,interseccion
INTER_783920777,783920777,Intersección 783920777,-17.3527899,-66.2525734,interseccion
INTER_783920790,783920790,Intersección 783920790,-17.3488626,-66.2670547,interseccion
INTER_783920793,783920793,Intersección 783920793,-17.3500698,-66.2625143,interseccion
INTER_783920805,783920805,Intersección 783920805,-17.3497027,-66.2698162,interseccion
INTER_783920808,783920808,Intersección 783920808,-17.3489186,-66.2656474,interseccion
INTER_783920815,783920815,Intersección 783920815,-17.3493646,-66.2701209,interseccion
INTER_783920821,783920821,Intersección 783920821,-17.3500355,-66.2613927,interseccion
INTER_783920823,783920823,Intersección 783920823,-17.3498332,-66.258023,interseccion
INTER_783920827,783920827,Intersección 783920827,-17.3493421,-66.2698429,interseccion
INTER_783920837,783920837,Intersección 783920837,-17.3502111,-66.2697728,interseccion
INTER_783920840,783920840,Intersección 783920840,-17.3501017,-66.2663985,interseccion
INTER_783920855,783920855,Intersección 783920855,-17.3544483,-66.2604885,interseccion
INTER_783920856,783920856,Intersección 783920856,-17.3492195,-66.2670645,interseccion
INTER_783920873,783920873,Intersección 783920873,-17.3489178,-66.2651302,interseccion
INTER_783920880,783920880,Intersección 783920880,-17.3498928,-66.2569059,interseccion
INTER_783920887,783920887,Intersección 783920887,-17.349265,-66.2656891,interseccion
INTER_783920889,783920889,Intersección 783920889,-17.3490269,-66.262554,interseccion
INTER_783920894,783920894,Intersección 783920894,-17.3533201,-66.2549901,interseccion
INTER_783920895,783920895,Intersección 783920895,-17.3479341,-66.2655797,interseccion
INTER_783920898,783920898,Intersección 783920898,-17.349862,-66.2573403,interseccion
INTER_783920906,783920906,Intersección 783920906,-17.3500802,-66.2670549,interseccion
INTER_783920908,783920908,Intersección 783920908,-17.350135,-66.2652537,interseccion
INTER_783920910,783920910,Intersección 783920910,-17.3489305,-66.2647534,interseccion
INTER_783920917,783920917,Intersección 783920917,-17.3522435,-66.2609833,interseccion
INTER_783920920,783920920,Intersección 783920920,-17.3497499,-66.2704596,interseccion
INTER_783920923,783920923,Intersección 783920923,-17.3496762,-66.2625328,interseccion
INTER_785461492,785461492,Intersección 785461492,-17.3662961,-66.2678363,interseccion
INTER_785461505,785461505,Intersección 785461505,-17.3568171,-66.2418479,interseccion
INTER_785461560,785461560,Intersección 785461560,-17.3608154,-66.2531342,interseccion
INTER_785461632,785461632,Intersección 785461632,-17.3504442,-66.2437259,interseccion
INTER_785461685,785461685,Intersección 785461685,-17.3515538,-66.2416559,interseccion
INTER_785461710,785461710,Intersección 785461710,-17.3497389,-66.2386807,interseccion
INTER_785461780,785461780,Intersección 785461780,-17.353236,-66.2422318,interseccion
INTER_785461791,785461791,Intersección 785461791,-17.3578551,-66.245349,interseccion
INTER_785461872,785461872,Intersección 785461872,-17.3489633,-66.2359568,interseccion
INTER_785461899,785461899,Intersección 785461899,-17.3634677,-66.2587947,interseccion
INTER_785461908,785461908,Intersección 785461908,-17.3546,-66.2412631,interseccion
INTER_785461971,785461971,Intersección 785461971,-17.3483449,-66.2381174,interseccion
INTER_785462118,785462118,Intersección 785462118,-17.3544702,-66.23286,interseccion
INTER_785462170,785462170,Intersección 785462170,-17.3584138,-66.2459167,interseccion
INTER_785462333,785462333,Intersección 785462333,-17.3513265,-66.2392088,interseccion
INTER_785462404,785462404,Intersección 785462404,-17.3590291,-66.2485661,interseccion
INTER_785462414,785462414,Intersección 785462414,-17.3485225,-66.2403861,interseccion
INTER_785462422,785462422,Intersección 785462422,-17.3485806,-66.2499568,interseccion
INTER_785462533,785462533,Intersección 785462533,-17.3495577,-66.2407818,interseccion
INTER_785462681,785462681,Intersección 785462681,-17.3499336,-66.2479733,interseccion
INTER_785462692,785462692,Intersección 785462692,-17.3523712,-66.2370638,interseccion
INTER_785462713,785462713,Intersección 785462713,-17.3528359,-66.2447334,interseccion
INTER_785868004,785868004,Intersección 785868004,-17.391716,-66.2567501,interseccion
INTER_785868012,785868012,Intersección 785868012,-17.3811663,-66.2560083,interseccion
INTER_785868019,785868019,Intersección 785868019,-17.3975944,-66.2648913,interseccion
INTER_785868028,785868028,Intersección 785868028,-17.3760144,-66.26251,interseccion
INTER_785868036,785868036,Intersección 785868036,-17.3883424,-66.2480525,interseccion
INTER_785868074,785868074,Intersección 785868074,-17.3865337,-66.2592873,interseccion
INTER_785868094,785868094,Intersección 785868094,-17.3963822,-66.2658384,interseccion
INTER_785868101,785868101,Intersección 785868101,-17.3873543,-66.2514259,interseccion
INTER_785868116,785868116,Intersección 785868116,-17.3959855,-66.265779,interseccion
INTER_785868120,785868120,Intersección 785868120,-17.3866167,-66.2613633,interseccion
INTER_785868125,785868125,Intersección 785868125,-17.372936,-66.2577953,interseccion
INTER_785868129,785868129,Intersección 785868129,-17.3892184,-66.2699269,interseccion
INTER_785868132,785868132,Intersección 785868132,-17.3810591,-66.2546254,interseccion
INTER_785868134,785868134,Intersección 785868134,-17.3751301,-66.2548673,interseccion
INTER_785868142,785868142,Intersección 785868142,-17.3825475,-66.2564824,interseccion
INTER_785868151,785868151,Intersección 785868151,-17.3801659,-66.2606972,interseccion
INTER_785868153,785868153,Intersección 785868153,-17.3908188,-66.240912,interseccion
INTER_785868155,785868155,Intersección 785868155,-17.3803094,-66.256068,interseccion
INTER_785868158,785868158,Intersección 785868158,-17.3550102,-66.2637459,interseccion
INTER_785868161,785868161,Intersección 785868161,-17.3656585,-66.26102,interseccion
INTER_785868162,785868162,Intersección 785868162,-17.3967407,-66.2658771,interseccion
INTER_785868171,785868171,Intersección 785868171,-17.3678771,-66.2676116,interseccion
INTER_785868198,785868198,Intersección 785868198,-17.3861186,-66.2564616,interseccion
INTER_785868206,785868206,Intersección 785868206,-17.3721229,-66.2370732,interseccion
INTER_785868209,785868209,Intersección 785868209,-17.3989289,-66.2686381,interseccion
INTER_785868217,785868217,Intersección 785868217,-17.3636565,-66.2527845,interseccion
INTER_785868220,785868220,Intersección 785868220,-17.396066,-66.2693956,interseccion
INTER_785868226,785868226,Intersección 785868226,-17.3563363,-66.2403069,interseccion
INTER_785868230,785868230,Intersección 785868230,-17.3782839,-66.2622044,interseccion
INTER_785868232,785868232,Intersección 785868232,-17.3945098,-66.2655977,interseccion
INTER_785868238,785868238,Intersección 785868238,-17.3991673,-66.2652233,interseccion
INTER_785868243,785868243,Intersección 785868243,-17.384025,-66.2637884,interseccion
INTER_785868250,785868250,Intersección 785868250,-17.3797802,-66.2621355,interseccion
INTER_785868260,785868260,Intersección 785868260,-17.3854728,-66.2566422,interseccion
INTER_785868266,785868266,Intersección 785868266,-17.3811593,-66.2588963,interseccion
INTER_785868307,785868307,Intersección 785868307,-17.3809988,-66.262197,interseccion
INTER_785868311,785868311,Intersección 785868311,-17.3989701,-66.2680596,interseccion
INTER_785868314,785868314,Intersección 785868314,-17.3828184,-66.2500683,interseccion
INTER_785868316,785868316,Intersección 785868316,-17.3836109,-66.2625865,interseccion
INTER_785868331,785868331,Intersección 785868331,-17.3878274,-66.249813,interseccion
INTER_785868340,785868340,Intersección 785868340,-17.364767,-66.2631483,interseccion
INTER_785868343,785868343,Intersección 785868343,-17.3960525,-66.2699829,interseccion
INTER_785868345,785868345,Intersección 785868345,-17.3975837,-66.2627447,interseccion
INTER_785868347,785868347,Intersección 785868347,-17.3831192,-66.2600879,interseccion
INTER_785868350,785868350,Intersección 785868350,-17.3869578,-66.2600777,interseccion
INTER_785868353,785868353,Intersección 785868353,-17.3673625,-66.2584282,interseccion
INTER_785868355,785868355,Intersección 785868355,-17.3823977,-66.2575284,interseccion
INTER_785868360,785868360,Intersección 785868360,-17.3872154,-66.2572046,interseccion
INTER_785868370,785868370,Intersección 785868370,-17.3814963,-66.26477,interseccion
INTER_785868380,785868380,Intersección 785868380,-17.386273,-66.2613279,interseccion
INTER_785868383,785868383,Intersección 785868383,-17.3610117,-66.2585675,interseccion
INTER_785868386,785868386,Intersección 785868386,-17.3833715,-66.2584063,interseccion
INTER_785868394,785868394,Intersección 785868394,-17.3955866,-66.2657243,interseccion
INTER_785868398,785868398,Intersección 785868398,-17.382778,-66.2544911,interseccion
INTER_785868411,785868411,Intersección 785868411,-17.3849922,-66.2544324,interseccion
INTER_785868412,785868412,Intersección 785868412,-17.3896709,-66.2617524,interseccion
INTER_785868416,785868416,Intersección 785868416,-17.3952466,-66.2646809,interseccion
INTER_785868418,785868418,Intersección 785868418,-17.3827662,-66.2640776,interseccion
INTER_785868420,785868420,Intersección 785868420,-17.3660386,-66.2702157,interseccion
INTER_785868425,785868425,Intersección 785868425,-17.3798535,-66.2547151,interseccion
INTER_785868433,785868433,Intersección 785868433,-17.3843218,-66.2626457,interseccion
INTER_785868435,785868435,Intersección 785868435,-17.3889536,-66.2572752,interseccion
INTER_785868438,785868438,Intersección 785868438,-17.3819504,-66.2559435,interseccion
INTER_785868440,785868440,Intersección 785868440,-17.3848007,-66.2608229,interseccion
INTER_785868445,785868445,Intersección 785868445,-17.3940944,-66.2661688,interseccion
INTER_785868457,785868457,Intersección 785868457,-17.3668499,-66.2610955,interseccion
INTER_785868464,785868464,Intersección 785868464,-17.3958278,-66.2647348,interseccion
INTER_785868466,785868466,Intersección 785868466,-17.3808459,-66.2560273,interseccion
INTER_785868468,785868468,Intersección 785868468,-17.3776737,-66.2598432,interseccion
INTER_785868471,785868471,Intersección 785868471,-17.3660363,-66.2784481,interseccion
INTER_785868478,785868478,Intersección 785868478,-17.3827889,-66.2539921,interseccion
INTER_785868481,785868481,Intersección 785868481,-17.3597927,-66.2356924,interseccion
INTER_785868483,785868483,Intersección 785868483,-17.3937631,-66.2682713,interseccion
INTER_785868488,785868488,Intersección 785868488,-17.3951341,-66.2665216,interseccion
INTER_785868490,785868490,Intersección 785868490,-17.3823466,-66.2617831,interseccion
INTER_785868497,785868497,Intersección 785868497,-17.3803473,-66.2566409,interseccion
INTER_785868502,785868502,Intersección 785868502,-17.3805086,-66.254664,interseccion
INTER_785868508,785868508,Intersección 785868508,-17.3925368,-66.2649633,interseccion
INTER_785868510,785868510,Intersección 785868510,-17.3563833,-66.2636005,interseccion
INTER_785868514,785868514,Intersección 785868514,-17.3662767,-66.2585516,interseccion
INTER_785868517,785868517,Intersección 785868517,-17.392239,-66.2620077,interseccion
INTER_785868527,785868527,Intersección 785868527,-17.3888456,-66.259419,interseccion
INTER_785868529,785868529,Intersección 785868529,-17.3735729,-66.2510692,interseccion
INTER_785868539,785868539,Intersección 785868539,-17.3785315,-66.2561728,interseccion
INTER_785868542,785868542,Intersección 785868542,-17.3927856,-66.2663099,interseccion
INTER_785868550,785868550,Intersección 785868550,-17.3839868,-66.2579009,interseccion
INTER_785868551,785868551,Intersección 785868551,-17.3819197,-66.260868,interseccion
INTER_785868557,785868557,Intersección 785868557,-17.3828686,-66.261815,interseccion
INTER_785868561,785868561,Intersección 785868561,-17.3867991,-66.2607118,interseccion
INTER_785868564,785868564,Intersección 785868564,-17.3971539,-66.2685596,interseccion
INTER_785868569,785868569,Intersección 785868569,-17.3860723,-66.2571583,interseccion
INTER_785868583,785868583,Intersección 785868583,-17.3706738,-66.2604736,interseccion
INTER_785868593,785868593,Intersección 785868593,-17.3803953,-66.2597391,interseccion
INTER_785868603,785868603,Intersección 785868603,-17.3877993,-66.2572283,interseccion
INTER_785868606,785868606,Intersección 785868606,-17.3785922,-66.2573703,interseccion
INTER_785868609,785868609,Intersección 785868609,-17.3857827,-66.2612921,interseccion
INTER_785868616,785868616,Intersección 785868616,-17.3969408,-66.2648306,interseccion
INTER_785868631,785868631,Intersección 785868631,-17.3932627,-66.2597121,interseccion
INTER_785868635,785868635,Intersección 785868635,-17.3839271,-66.2584607,interseccion
INTER_785868663,785868663,Intersección 785868663,-17.3841319,-66.2565332,interseccion
INTER_785868671,785868671,Intersección 785868671,-17.3818825,-66.2612006,interseccion
INTER_785868674,785868674,Intersección 785868674,-17.3781954,-66.2597821,interseccion
INTER_785868677,785868677,Intersección 785868677,-17.3858406,-66.2592589,interseccion
INTER_785868687,785868687,Intersección 785868687,-17.3824579,-66.2570775,interseccion
INTER_785868693,785868693,Intersección 785868693,-17.3810874,-66.260792,interseccion
INTER_785868697,785868697,Intersección 785868697,-17.3866523,-66.2571818,interseccion
INTER_785868702,785868702,Intersección 785868702,-17.3963684,-66.2647815,interseccion
INTER_785868705,785868705,Intersección 785868705,-17.3818808,-66.2551291,interseccion
INTER_785868712,785868712,Intersección 785868712,-17.4137105,-66.2687403,interseccion
INTER_785868716,785868716,Intersección 785868716,-17.3874914,-66.2514615,interseccion
INTER_785868717,785868717,Intersección 785868717,-17.3796111,-66.2588722,interseccion
INTER_785868721,785868721,Intersección 785868721,-17.3860573,-66.263952,interseccion
INTER_785868727,785868727,Intersección 785868727,-17.3883737,-66.2572517,interseccion
INTER_785868747,785868747,Intersección 785868747,-17.383723,-66.2610638,interseccion
INTER_785868751,785868751,Intersección 785868751,-17.3602805,-66.2523954,interseccion
INTER_785868753,785868753,Intersección 785868753,-17.3730063,-66.2602584,interseccion
INTER_785868760,785868760,Intersección 785868760,-17.397542,-66.2659722,interseccion
INTER_785868772,785868772,Intersección 785868772,-17.3788447,-66.2607318,interseccion
INTER_785868783,785868783,Intersección 785868783,-17.3966192,-66.268544,interseccion
INTER_785868785,785868785,Intersección 785868785,-17.372731,-66.2555291,interseccion
INTER_785868790,785868790,Intersección 785868790,-17.3816239,-66.2631169,interseccion
INTER_785868797,785868797,Intersección 785868797,-17.3843842,-66.2597564,interseccion
INTER_785868799,785868799,Intersección 785868799,-17.3555083,-66.2601385,interseccion
INTER_785868804,785868804,Intersección 785868804,-17.3838664,-66.2590828,interseccion
INTER_785868811,785868811,Intersección 785868811,-17.3729303,-66.2544187,interseccion
INTER_785868817,785868817,Intersección 785868817,-17.3655744,-66.2781043,interseccion
INTER_785868821,785868821,Intersección 785868821,-17.3926561,-66.2649819,interseccion
INTER_785868828,785868828,Intersección 785868828,-17.3787034,-66.2588794,interseccion
INTER_785868840,785868840,Intersección 785868840,-17.3822639,-66.2631163,interseccion
INTER_785868858,785868858,Intersección 785868858,-17.3848423,-66.2565964,interseccion
INTER_785868862,785868862,Intersección 785868862,-17.380945,-66.264767,interseccion
INTER_785868864,785868864,Intersección 785868864,-17.3835619,-66.2565017,interseccion
INTER_785868871,785868871,Intersección 785868871,-17.3827766,-66.2637632,interseccion
INTER_785868877,785868877,Intersección 785868877,-17.3817427,-66.2622025,interseccion
INTER_785868881,785868881,Intersección 785868881,-17.3859326,-66.2566831,interseccion
INTER_785868887,785868887,Intersección 785868887,-17.3546509,-66.271068,interseccion
INTER_785868890,785868890,Intersección 785868890,-17.3728633,-66.2626946,interseccion
INTER_785868908,785868908,Intersección 785868908,-17.354769,-66.2680342,interseccion
INTER_785868913,785868913,Intersección 785868913,-17.3782241,-66.2517512,interseccion
INTER_785868915,785868915,Intersección 785868915,-17.3941437,-66.2655591,interseccion
INTER_785868927,785868927,Intersección 785868927,-17.3796235,-66.2542585,interseccion
INTER_785868933,785868933,Intersección 785868933,-17.3845903,-66.2574026,interseccion
INTER_785868939,785868939,Intersección 785868939,-17.3750837,-66.2520606,interseccion
INTER_785868943,785868943,Intersección 785868943,-17.3982744,-66.2627357,interseccion
INTER_785868952,785868952,Intersección 785868952,-17.3857305,-66.2599902,interseccion
INTER_785868956,785868956,Intersección 785868956,-17.3611445,-66.2642739,interseccion
INTER_785868961,785868961,Intersección 785868961,-17.3812104,-66.2565768,interseccion
INTER_785868967,785868967,Intersección 785868967,-17.3952137,-66.2656892,interseccion
INTER_785868977,785868977,Intersección 785868977,-17.379602,-66.2597311,interseccion
INTER_785868989,785868989,Intersección 785868989,-17.3821903,-66.2640625,interseccion
INTER_785868993,785868993,Intersección 785868993,-17.3728784,-66.2672676,interseccion
INTER_785868996,785868996,Intersección 785868996,-17.3820875,-66.2595101,interseccion
INTER_785869002,785869002,Intersección 785869002,-17.4036926,-66.265784,interseccion
INTER_785869013,785869013,Intersección 785869013,-17.3740862,-66.2547861,interseccion
INTER_785869016,785869016,Intersección 785869016,-17.3815126,-66.2639966,interseccion
INTER_785869036,785869036,Intersección 785869036,-17.3821654,-66.258939,interseccion
INTER_785869039,785869039,Intersección 785869039,-17.3855322,-66.2580622,interseccion
INTER_785869052,785869052,Intersección 785869052,-17.3609087,-66.2543562,interseccion
INTER_785869057,785869057,Intersección 785869057,-17.3856282,-66.2606272,interseccion
INTER_785869061,785869061,Intersección 785869061,-17.3566482,-66.2591488,interseccion
INTER_785869064,785869064,Intersección 785869064,-17.3682221,-66.2631498,interseccion
INTER_785869068,785869068,Intersección 785869068,-17.3671094,-66.2632774,interseccion
INTER_785869074,785869074,Intersección 785869074,-17.3600154,-66.2739611,interseccion
INTER_785869075,785869075,Intersección 785869075,-17.3777389,-66.262272,interseccion
INTER_785869079,785869079,Intersección 785869079,-17.3787723,-66.2597538,interseccion
INTER_785869083,785869083,Intersección 785869083,-17.3810218,-66.2541449,interseccion
INTER_785869089,785869089,Intersección 785869089,-17.3798292,-66.2616304,interseccion
INTER_785869128,785869128,Intersección 785869128,-17.3636275,-66.2495478,interseccion
INTER_785869134,785869134,Intersección 785869134,-17.3868963,-66.2537109,interseccion
INTER_785869143,785869143,Intersección 785869143,-17.3871048,-66.2593383,interseccion
INTER_785869157,785869157,Intersección 785869157,-17.3966735,-66.2665572,interseccion
INTER_785869172,785869172,Intersección 785869172,-17.3806173,-66.258888,interseccion
INTER_785869176,785869176,Intersección 785869176,-17.3894774,-66.2594596,interseccion
INTER_785869183,785869183,Intersección 785869183,-17.3974859,-66.2670511,interseccion
INTER_785869185,785869185,Intersección 785869185,-17.3841853,-66.2631636,interseccion
INTER_785869193,785869193,Intersección 785869193,-17.385052,-66.2598404,interseccion
INTER_785869209,785869209,Intersección 785869209,-17.3883054,-66.2615771,interseccion
INTER_785869213,785869213,Intersección 785869213,-17.3701938,-66.2514279,interseccion
INTER_785869223,785869223,Intersección 785869223,-17.3734633,-66.252094,interseccion
INTER_785869231,785869231,Intersección 785869231,-17.3935446,-66.2663255,interseccion
INTER_785869246,785869246,Intersección 785869246,-17.3971232,-66.2694004,interseccion
INTER_785869252,785869252,Intersección 785869252,-17.3828242,-66.2625211,interseccion
INTER_785869256,785869256,Intersección 785869256,-17.363851,-66.2809052,interseccion
INTER_785869259,785869259,Intersección 785869259,-17.3963346,-66.2663666,interseccion
INTER_785869262,785869262,Intersección 785869262,-17.386717,-66.2613764,interseccion
INTER_785869267,785869267,Intersección 785869267,-17.3971026,-66.2699628,interseccion
INTER_785869272,785869272,Intersección 785869272,-17.3810029,-66.2539008,interseccion
INTER_785869276,785869276,Intersección 785869276,-17.3959263,-66.2665318,interseccion
INTER_785869282,785869282,Intersección 785869282,-17.3827958,-66.2537264,interseccion
INTER_785869298,785869298,Intersección 785869298,-17.385782,-66.2548609,interseccion
INTER_785869304,785869304,Intersección 785869304,-17.392991,-66.2682713,interseccion
INTER_785869309,785869309,Intersección 785869309,-17.3817868,-66.2576056,interseccion
INTER_785869315,785869315,Intersección 785869315,-17.3852028,-66.2592097,interseccion
INTER_785869318,785869318,Intersección 785869318,-17.3876775,-66.259373,interseccion
INTER_785869321,785869321,Intersección 785869321,-17.3893185,-66.2706424,interseccion
INTER_785869324,785869324,Intersección 785869324,-17.3586661,-66.264015,interseccion
INTER_785869328,785869328,Intersección 785869328,-17.3988661,-66.2699439,interseccion
INTER_785869331,785869331,Intersección 785869331,-17.3601158,-66.2545151,interseccion
INTER_785869339,785869339,Intersección 785869339,-17.4034896,-66.2594415,interseccion
INTER_785869344,785869344,Intersección 785869344,-17.3742124,-66.2625997,interseccion
INTER_785869347,785869347,Intersección 785869347,-17.3934083,-66.2650388,interseccion
INTER_785869356,785869356,Intersección 785869356,-17.3853717,-66.2586232,interseccion
INTER_785869363,785869363,Intersección 785869363,-17.3900766,-66.2594973,interseccion
INTER_785869367,785869367,Intersección 785869367,-17.3650181,-66.2631599,interseccion
INTER_785869369,785869369,Intersección 785869369,-17.3960882,-66.2685285,interseccion
INTER_785869376,785869376,Intersección 785869376,-17.3808756,-66.2566129,interseccion
INTER_785869379,785869379,Intersección 785869379,-17.3831601,-66.2596253,interseccion
INTER_785869388,785869388,Intersección 785869388,-17.3855368,-66.2612648,interseccion
INTER_785869401,785869401,Intersección 785869401,-17.3836623,-66.2618637,interseccion
INTER_785869405,785869405,Intersección 785869405,-17.3827525,-66.2550785,interseccion
INTER_785869410,785869410,Intersección 785869410,-17.3952656,-66.2624645,interseccion
INTER_785869413,785869413,Intersección 785869413,-17.4139463,-66.2689335,interseccion
INTER_785869416,785869416,Intersección 785869416,-17.3795736,-66.2607052,interseccion
INTER_785869418,785869418,Intersección 785869418,-17.360129,-66.2533034,interseccion
INTER_785869427,785869427,Intersección 785869427,-17.3882577,-66.2594005,interseccion
INTER_785869430,785869430,Intersección 785869430,-17.3635899,-66.2520712,interseccion
INTER_785869436,785869436,Intersección 785869436,-17.3728815,-66.2545779,interseccion
INTER_785869441,785869441,Intersección 785869441,-17.3705722,-66.2580792,interseccion
INTER_785869447,785869447,Intersección 785869447,-17.3847288,-66.2611523,interseccion
INTER_785869456,785869456,Intersección 785869456,-17.3709503,-66.2544171,interseccion
INTER_785869461,785869461,Intersección 785869461,-17.3827845,-66.2631273,interseccion
INTER_785869468,785869468,Intersección 785869468,-17.3935747,-66.2654998,interseccion
INTER_785869480,785869480,Intersección 785869480,-17.3798189,-66.2542405,interseccion
INTER_785869483,785869483,Intersección 785869483,-17.383742,-66.2607215,interseccion
INTER_785869495,785869495,Intersección 785869495,-17.3901652,-66.257913,interseccion
INTER_785869499,785869499,Intersección 785869499,-17.3817952,-66.2540805,interseccion
INTER_785869503,785869503,Intersección 785869503,-17.3809899,-66.2631087,interseccion
INTER_785869512,785869512,Intersección 785869512,-17.3842908,-66.2607846,interseccion
INTER_785869518,785869518,Intersección 785869518,-17.3856844,-66.2575102,interseccion
INTER_785869561,785869561,Intersección 785869561,-17.381814,-66.261704,interseccion
INTER_785869568,785869568,Intersección 785869568,-17.3818391,-66.2545643,interseccion
INTER_785869579,785869579,Intersección 785869579,-17.3705808,-66.2628765,interseccion
INTER_785869585,785869585,Intersección 785869585,-17.3936986,-66.2665015,interseccion
INTER_785869594,785869594,Intersección 785869594,-17.3856127,-66.2639084,interseccion
INTER_785869648,785869648,Intersección 785869648,-17.393407,-66.2585869,interseccion
INTER_785869654,785869654,Intersección 785869654,-17.3901261,-66.2584837,interseccion
INTER_785869660,785869660,Intersección 785869660,-17.3826495,-66.2558859,interseccion
INTER_785869664,785869664,Intersección 785869664,-17.3975864,-66.2619745,interseccion
INTER_785869672,785869672,Intersección 785869672,-17.3838224,-66.2597033,interseccion
INTER_785869692,785869692,Intersección 785869692,-17.3781647,-66.251758,interseccion
INTER_785869700,785869700,Intersección 785869700,-17.390956,-66.2503756,interseccion
INTER_785869703,785869703,Intersección 785869703,-17.3783552,-66.2542842,interseccion
INTER_785869710,785869710,Intersección 785869710,-17.3965851,-66.2694146,interseccion
INTER_785869716,785869716,Intersección 785869716,-17.3822811,-66.2605902,interseccion
INTER_785869719,785869719,Intersección 785869719,-17.3881004,-66.2488421,interseccion
INTER_785869728,785869728,Intersección 785869728,-17.3810253,-66.2616895,interseccion
INTER_785869730,785869730,Intersección 785869730,-17.3859533,-66.2592635,interseccion
INTER_786662014,786662014,Intersección 786662014,-17.363075,-66.244063,interseccion
INTER_786662019,786662019,Intersección 786662019,-17.4187171,-66.2873705,interseccion
INTER_786662020,786662020,Intersección 786662020,-17.3913518,-66.2517349,interseccion
INTER_786662022,786662022,Intersección 786662022,-17.4091738,-66.2624728,interseccion
INTER_786662024,786662024,Intersección 786662024,-17.3689855,-66.2466584,interseccion
INTER_786662025,786662025,Intersección 786662025,-17.3935343,-66.2530475,interseccion
INTER_786662034,786662034,Intersección 786662034,-17.3927446,-66.2574834,interseccion
INTER_786662036,786662036,Intersección 786662036,-17.3871223,-66.2528188,interseccion
INTER_786662039,786662039,Intersección 786662039,-17.3977978,-66.2489153,interseccion
INTER_786662043,786662043,Intersección 786662043,-17.3922764,-66.2532739,interseccion
INTER_786662046,786662046,Intersección 786662046,-17.3985598,-66.2546424,interseccion
INTER_786662048,786662048,Intersección 786662048,-17.389507,-66.2507599,interseccion
INTER_786662049,786662049,Intersección 786662049,-17.4090384,-66.26571,interseccion
INTER_786662052,786662052,Intersección 786662052,-17.3935199,-66.2489114,interseccion
INTER_786662056,786662056,Intersección 786662056,-17.4065066,-66.2552255,interseccion
INTER_786662057,786662057,Intersección 786662057,-17.393422,-66.2530405,interseccion
INTER_786662060,786662060,Intersección 786662060,-17.4074375,-66.2639022,interseccion
INTER_786662069,786662069,Intersección 786662069,-17.3889589,-66.2507334,interseccion
INTER_786662071,786662071,Intersección 786662071,-17.3917855,-66.2560565,interseccion
INTER_786662076,786662076,Intersección 786662076,-17.3977339,-66.2492397,interseccion
INTER_786662079,786662079,Intersección 786662079,-17.3916521,-66.2548029,interseccion
INTER_786662083,786662083,Intersección 786662083,-17.4029225,-66.2475621,interseccion
INTER_786662084,786662084,Intersección 786662084,-17.3531848,-66.249573,interseccion
INTER_786662086,786662086,Intersección 786662086,-17.3912553,-66.2506459,interseccion
INTER_786662089,786662089,Intersección 786662089,-17.409048,-66.266288,interseccion
INTER_786662092,786662092,Intersección 786662092,-17.4028792,-66.2564889,interseccion
INTER_786662101,786662101,Intersección 786662101,-17.4090701,-66.2651842,interseccion
INTER_786662105,786662105,Intersección 786662105,-17.3853523,-66.2536674,interseccion
INTER_786662109,786662109,Intersección 786662109,-17.4129335,-66.2665215,interseccion
INTER_786662111,786662111,Intersección 786662111,-17.3882963,-66.2565731,interseccion
INTER_786662114,786662114,Intersección 786662114,-17.3966187,-66.2478841,interseccion
INTER_786662117,786662117,Intersección 786662117,-17.3935055,-66.2542797,interseccion
INTER_786662118,786662118,Intersección 786662118,-17.4079425,-66.2631945,interseccion
INTER_786662121,786662121,Intersección 786662121,-17.3769453,-66.2386152,interseccion
INTER_786662134,786662134,Intersección 786662134,-17.3974891,-66.2490531,interseccion
INTER_786662149,786662149,Intersección 786662149,-17.3935246,-66.2488431,interseccion
INTER_786662151,786662151,Intersección 786662151,-17.3894006,-66.2518195,interseccion
INTER_786662154,786662154,Intersección 786662154,-17.3688475,-66.2463504,interseccion
INTER_786662155,786662155,Intersección 786662155,-17.3929418,-66.2549131,interseccion
INTER_786662159,786662159,Intersección 786662159,-17.3884151,-66.2498877,interseccion
INTER_786662164,786662164,Intersección 786662164,-17.3634795,-66.2495455,interseccion
INTER_786662167,786662167,Intersección 786662167,-17.3971306,-66.2479578,interseccion
INTER_786662176,786662176,Intersección 786662176,-17.3958175,-66.2487787,interseccion
INTER_786662179,786662179,Intersección 786662179,-17.3735975,-66.2462686,interseccion
INTER_786662184,786662184,Intersección 786662184,-17.3986061,-66.2564625,interseccion
INTER_786662187,786662187,Intersección 786662187,-17.3737521,-66.2443,interseccion
INTER_786662202,786662202,Intersección 786662202,-17.3919684,-66.2579447,interseccion
INTER_786662203,786662203,Intersección 786662203,-17.3529206,-66.2446445,interseccion
INTER_786662206,786662206,Intersección 786662206,-17.3670348,-66.2473559,interseccion
INTER_786662211,786662211,Intersección 786662211,-17.3889739,-66.2499654,interseccion
INTER_786662213,786662213,Intersección 786662213,-17.3593421,-66.2498297,interseccion
INTER_786662219,786662219,Intersección 786662219,-17.3818493,-66.2381874,interseccion
INTER_786662220,786662220,Intersección 786662220,-17.3933794,-66.2549521,interseccion
INTER_786662223,786662223,Intersección 786662223,-17.3874124,-66.2524302,interseccion
INTER_786662224,786662224,Intersección 786662224,-17.4012958,-66.2475111,interseccion
INTER_786662226,786662226,Intersección 786662226,-17.3533128,-66.2478239,interseccion
INTER_786662227,786662227,Intersección 786662227,-17.3969376,-66.2528721,interseccion
INTER_786662232,786662232,Intersección 786662232,-17.369524,-66.2367698,interseccion
INTER_786662233,786662233,Intersección 786662233,-17.3914565,-66.2528628,interseccion
INTER_786662240,786662240,Intersección 786662240,-17.4081399,-66.2652061,interseccion
INTER_786662243,786662243,Intersección 786662243,-17.3986785,-66.2491296,interseccion
INTER_786662254,786662254,Intersección 786662254,-17.3964675,-66.2487616,interseccion
INTER_786662257,786662257,Intersección 786662257,-17.3934866,-66.2549662,interseccion
INTER_786662258,786662258,Intersección 786662258,-17.4013269,-66.2438573,interseccion
INTER_786662265,786662265,Intersección 786662265,-17.3927308,-66.2579622,interseccion
INTER_786662269,786662269,Intersección 786662269,-17.3853563,-66.2528228,interseccion
INTER_786662272,786662272,Intersección 786662272,-17.3756766,-66.2383412,interseccion
INTER_786662274,786662274,Intersección 786662274,-17.3924299,-66.2548674,interseccion
INTER_786662279,786662279,Intersección 786662279,-17.398547,-66.2553376,interseccion
INTER_786662282,786662282,Intersección 786662282,-17.3893145,-66.2526184,interseccion
INTER_786662289,786662289,Intersección 786662289,-17.391148,-66.2490246,interseccion
INTER_786662290,786662290,Intersección 786662290,-17.4029868,-66.2551997,interseccion
INTER_786662292,786662292,Intersección 786662292,-17.4091995,-66.2638625,interseccion
INTER_786662297,786662297,Intersección 786662297,-17.3672892,-66.2461798,interseccion
INTER_786662302,786662302,Intersección 786662302,-17.39866,-66.2497539,interseccion
INTER_786662305,786662305,Intersección 786662305,-17.4027851,-66.2536882,interseccion
INTER_786662313,786662313,Intersección 786662313,-17.3625323,-66.246264,interseccion
INTER_786662324,786662324,Intersección 786662324,-17.3957688,-66.2529326,interseccion
INTER_786662327,786662327,Intersección 786662327,-17.3934505,-66.2510789,interseccion
INTER_786662335,786662335,Intersección 786662335,-17.3969972,-66.2487732,interseccion
INTER_786662337,786662337,Intersección 786662337,-17.3887984,-66.2525654,interseccion
INTER_786662346,786662346,Intersección 786662346,-17.4032054,-66.259451,interseccion
INTER_786662353,786662353,Intersección 786662353,-17.3929314,-66.2525383,interseccion
INTER_786662354,786662354,Intersección 786662354,-17.4026033,-66.2443566,interseccion
INTER_786662359,786662359,Intersección 786662359,-17.3763871,-66.2463002,interseccion
INTER_786662360,786662360,Intersección 786662360,-17.3489936,-66.2496154,interseccion
INTER_786662363,786662363,Intersección 786662363,-17.3933159,-66.257985,interseccion
INTER_786662368,786662368,Intersección 786662368,-17.3976422,-66.2481432,interseccion
INTER_786662382,786662382,Intersección 786662382,-17.3969575,-66.2504502,interseccion
INTER_786662384,786662384,Intersección 786662384,-17.3911412,-66.2489296,interseccion
INTER_786662388,786662388,Intersección 786662388,-17.4091942,-66.2631612,interseccion
INTER_786662396,786662396,Intersección 786662396,-17.3883735,-66.25071,interseccion
INTER_786662401,786662401,Intersección 786662401,-17.3571122,-66.2452276,interseccion
INTER_786837424,786837424,Intersección 786837424,-17.3936354,-66.2488419,interseccion
INTER_792630210,792630210,Intersección 792630210,-17.3666862,-66.2364547,interseccion
INTER_792630212,792630212,Intersección 792630212,-17.3878095,-66.2470421,interseccion
INTER_792630216,792630216,Intersección 792630216,-17.3858548,-66.2413081,interseccion
INTER_792630217,792630217,Intersección 792630217,-17.3906728,-66.2408922,interseccion
INTER_792630219,792630219,Intersección 792630219,-17.3880047,-66.244474,interseccion
INTER_792630221,792630221,Intersección 792630221,-17.3815255,-66.2400062,interseccion
INTER_792630223,792630223,Intersección 792630223,-17.3656045,-66.233169,interseccion
INTER_792630231,792630231,Intersección 792630231,-17.3705184,-66.2351601,interseccion
INTER_792630233,792630233,Intersección 792630233,-17.3908426,-66.2398993,interseccion
INTER_792630237,792630237,Intersección 792630237,-17.3710131,-66.235795,interseccion
INTER_792630238,792630238,Intersección 792630238,-17.3893255,-66.241972,interseccion
INTER_792630245,792630245,Intersección 792630245,-17.3690595,-66.2332134,interseccion
INTER_792630249,792630249,Intersección 792630249,-17.3705791,-66.2346039,interseccion
INTER_792630251,792630251,Intersección 792630251,-17.3852828,-66.2413978,interseccion
INTER_792630252,792630252,Intersección 792630252,-17.3695859,-66.2334143,interseccion
INTER_792630254,792630254,Intersección 792630254,-17.3626669,-66.2360248,interseccion
INTER_792630256,792630256,Intersección 792630256,-17.3655565,-66.2337176,interseccion
INTER_792630263,792630263,Intersección 792630263,-17.3882808,-66.2423539,interseccion
INTER_792630265,792630265,Intersección 792630265,-17.3649568,-66.2342428,interseccion
INTER_792630268,792630268,Intersección 792630268,-17.3675485,-66.2333559,interseccion
INTER_792630293,792630293,Intersección 792630293,-17.3644272,-66.2342025,interseccion
INTER_792630295,792630295,Intersección 792630295,-17.3698621,-66.2362147,interseccion
INTER_792630298,792630298,Intersección 792630298,-17.3836056,-66.2387634,interseccion
INTER_792630302,792630302,Intersección 792630302,-17.3700339,-66.2345227,interseccion
INTER_792630304,792630304,Intersección 792630304,-17.3699856,-66.2350934,interseccion
INTER_792630307,792630307,Intersección 792630307,-17.3875087,-66.2410527,interseccion
INTER_792630311,792630311,Intersección 792630311,-17.365592,-66.2363463,interseccion
INTER_792630316,792630316,Intersección 792630316,-17.363859,-66.2341559,interseccion
INTER_792630317,792630317,Intersección 792630317,-17.3633221,-66.2341106,interseccion
INTER_792630321,792630321,Intersección 792630321,-17.370608,-66.236907,interseccion
INTER_792630324,792630324,Intersección 792630324,-17.3867347,-66.2426776,interseccion
INTER_792630325,792630325,Intersección 792630325,-17.3811912,-66.2420282,interseccion
INTER_792630327,792630327,Intersección 792630327,-17.3689455,-66.234408,interseccion
INTER_792630329,792630329,Intersección 792630329,-17.3698009,-66.2368082,interseccion
INTER_792630334,792630334,Intersección 792630334,-17.3884443,-66.2405537,interseccion
INTER_792630343,792630343,Intersección 792630343,-17.3687837,-66.2360832,interseccion
INTER_792630346,792630346,Intersección 792630346,-17.3838532,-66.2402075,interseccion
INTER_792630350,792630350,Intersección 792630350,-17.3669152,-66.2342544,interseccion
INTER_792630351,792630351,Intersección 792630351,-17.3820841,-66.2358742,interseccion
INTER_792630355,792630355,Intersección 792630355,-17.3884195,-66.2469984,interseccion
INTER_792630357,792630357,Intersección 792630357,-17.3660281,-66.2343449,interseccion
INTER_792630362,792630362,Intersección 792630362,-17.3644858,-66.2332201,interseccion
INTER_792630365,792630365,Intersección 792630365,-17.3906422,-66.2435435,interseccion
INTER_792630370,792630370,Intersección 792630370,-17.3899102,-66.2399121,interseccion
INTER_792630373,792630373,Intersección 792630373,-17.3890812,-66.2444873,interseccion
INTER_792630375,792630375,Intersección 792630375,-17.3902123,-66.2385115,interseccion
INTER_792630377,792630377,Intersección 792630377,-17.3634464,-66.2325252,interseccion
INTER_792630380,792630380,Intersección 792630380,-17.3908022,-66.2420988,interseccion
INTER_792630384,792630384,Intersección 792630384,-17.3687256,-66.2366849,interseccion
INTER_792630387,792630387,Intersección 792630387,-17.3882397,-66.2427269,interseccion
INTER_792630389,792630389,Intersección 792630389,-17.3693604,-66.23559,interseccion
INTER_792630392,792630392,Intersección 792630392,-17.3669573,-66.2338504,interseccion
INTER_792630394,792630394,Intersección 792630394,-17.3674596,-66.2342502,interseccion
INTER_792630396,792630396,Intersección 792630396,-17.3628028,-66.2340541,interseccion
INTER_792630399,792630399,Intersección 792630399,-17.3861026,-66.2427235,interseccion
INTER_792630403,792630403,Intersección 792630403,-17.3896814,-66.2407324,interseccion
INTER_792630413,792630413,Intersección 792630413,-17.3645374,-66.2326102,interseccion
INTER_792630417,792630417,Intersección 792630417,-17.3678618,-66.2342909,interseccion
INTER_792630420,792630420,Intersección 792630420,-17.3833752,-66.2363097,interseccion
INTER_792630422,792630422,Intersección 792630422,-17.3633986,-66.2331857,interseccion
INTER_792630425,792630425,Intersección 792630425,-17.3676213,-66.2365626,interseccion
INTER_792630427,792630427,Intersección 792630427,-17.3688364,-66.2355378,interseccion
INTER_792630428,792630428,Intersección 792630428,-17.388383,-66.2414686,interseccion
INTER_792630430,792630430,Intersección 792630430,-17.3655737,-66.2357756,interseccion
INTER_792630432,792630432,Intersección 792630432,-17.3906482,-66.2420911,interseccion
INTER_792630433,792630433,Intersección 792630433,-17.3883428,-66.2405423,interseccion
INTER_792630435,792630435,Intersección 792630435,-17.3876112,-66.2404633,interseccion
INTER_792630436,792630436,Intersección 792630436,-17.3628664,-66.2331323,interseccion
INTER_792630437,792630437,Intersección 792630437,-17.3893432,-66.2427495,interseccion
INTER_792630438,792630438,Intersección 792630438,-17.3706359,-66.2340325,interseccion
INTER_792630440,792630440,Intersección 792630440,-17.3886301,-66.2398541,interseccion
INTER_792630441,792630441,Intersección 792630441,-17.3661004,-66.2352301,interseccion
INTER_792630442,792630442,Intersección 792630442,-17.3694758,-66.2344674,interseccion
INTER_792630445,792630445,Intersección 792630445,-17.388331,-66.241919,interseccion
INTER_792630446,792630446,Intersección 792630446,-17.3837481,-66.2424236,interseccion
INTER_792630447,792630447,Intersección 792630447,-17.3655089,-66.2342948,interseccion
INTER_792630448,792630448,Intersección 792630448,-17.371376,-66.2347011,interseccion
INTER_792630449,792630449,Intersección 792630449,-17.3906425,-66.2427847,interseccion
INTER_792630450,792630450,Intersección 792630450,-17.3670141,-66.2333054,interseccion
INTER_792630451,792630451,Intersección 792630451,-17.3890844,-66.2381384,interseccion
INTER_792630457,792630457,Intersección 792630457,-17.365087,-66.2325392,interseccion
INTER_792630458,792630458,Intersección 792630458,-17.3672342,-66.2365179,interseccion
INTER_792630460,792630460,Intersección 792630460,-17.3815066,-66.2381048,interseccion
INTER_792630465,792630465,Intersección 792630465,-17.3622505,-66.2342022,interseccion
INTER_792630467,792630467,Intersección 792630467,-17.3875374,-66.2408869,interseccion
INTER_792630468,792630468,Intersección 792630468,-17.3857801,-66.239683,interseccion
INTER_792630471,792630471,Intersección 792630471,-17.3667472,-66.235869,interseccion
INTER_792630473,792630473,Intersección 792630473,-17.3763577,-66.2340177,interseccion
INTER_792630475,792630475,Intersección 792630475,-17.3712238,-66.23525,interseccion
INTER_792630477,792630477,Intersección 792630477,-17.3701027,-66.2338111,interseccion
INTER_792630478,792630478,Intersección 792630478,-17.3660474,-66.2357961,interseccion
INTER_792630483,792630483,Intersección 792630483,-17.3907986,-66.2427852,interseccion
INTER_792630484,792630484,Intersección 792630484,-17.3629124,-66.2324652,interseccion
INTER_792630485,792630485,Intersección 792630485,-17.3639749,-66.2325832,interseccion
INTER_792630486,792630486,Intersección 792630486,-17.383339,-66.2364333,interseccion
INTER_792630488,792630488,Intersección 792630488,-17.3906891,-66.2398984,interseccion
INTER_792630490,792630490,Intersección 792630490,-17.3679559,-66.2333917,interseccion
INTER_792630493,792630493,Intersección 792630493,-17.3639255,-66.2332276,interseccion
INTER_792630495,792630495,Intersección 792630495,-17.367742,-66.2354227,interseccion
INTER_792630496,792630496,Intersección 792630496,-17.3668051,-66.2353126,interseccion
INTER_792630501,792630501,Intersección 792630501,-17.385673,-66.2405575,interseccion
INTER_792630504,792630504,Intersección 792630504,-17.3708048,-66.2363247,interseccion
INTER_792630505,792630505,Intersección 792630505,-17.362486,-66.2324227,interseccion
INTER_792630510,792630510,Intersección 792630510,-17.3650317,-66.2331837,interseccion
INTER_792630512,792630512,Intersección 792630512,-17.3673474,-66.2353794,interseccion
INTER_792692592,792692592,Intersección 792692592,-17.4151503,-66.2442898,interseccion
INTER_792692599,792692599,Intersección 792692599,-17.4110478,-66.2466646,interseccion
INTER_792692609,792692609,Intersección 792692609,-17.4114281,-66.2433877,interseccion
INTER_792692653,792692653,Intersección 792692653,-17.4038217,-66.239083,interseccion
INTER_792692655,792692655,Intersección 792692655,-17.4111147,-66.2459142,interseccion
INTER_792692660,792692660,Intersección 792692660,-17.4097577,-66.2428527,interseccion
INTER_792692676,792692676,Intersección 792692676,-17.4163584,-66.251063,interseccion
INTER_792692679,792692679,Intersección 792692679,-17.4037433,-66.2400738,interseccion
INTER_792692688,792692688,Intersección 792692688,-17.4117383,-66.234919,interseccion
INTER_792692692,792692692,Intersección 792692692,-17.4153072,-66.2435684,interseccion
INTER_792692697,792692697,Intersección 792692697,-17.4146364,-66.2471169,interseccion
INTER_792692700,792692700,Intersección 792692700,-17.4072176,-66.2420592,interseccion
INTER_792692731,792692731,Intersección 792692731,-17.4033309,-66.2409183,interseccion
INTER_792692733,792692733,Intersección 792692733,-17.4112044,-66.2522301,interseccion
INTER_792692739,792692739,Intersección 792692739,-17.4067808,-66.2441321,interseccion
INTER_792692759,792692759,Intersección 792692759,-17.4118612,-66.249672,interseccion
INTER_792692779,792692779,Intersección 792692779,-17.4082424,-66.2494486,interseccion
INTER_792692818,792692818,Intersección 792692818,-17.4021761,-66.2425757,interseccion
INTER_792692821,792692821,Intersección 792692821,-17.4064525,-66.2463694,interseccion
INTER_792692832,792692832,Intersección 792692832,-17.4025948,-66.2346858,interseccion
INTER_792692904,792692904,Intersección 792692904,-17.4078684,-66.2400957,interseccion
INTER_792692931,792692931,Intersección 792692931,-17.410013,-66.2494586,interseccion
INTER_792692985,792692985,Intersección 792692985,-17.4090537,-66.2448484,interseccion
INTER_792692989,792692989,Intersección 792692989,-17.4097119,-66.2504087,interseccion
INTER_792692993,792692993,Intersección 792692993,-17.4080138,-66.2396514,interseccion
INTER_792693018,792693018,Intersección 792693018,-17.4040618,-66.2370034,interseccion
INTER_792693043,792693043,Intersección 792693043,-17.4152322,-66.2434098,interseccion
INTER_792693044,792693044,Intersección 792693044,-17.4110586,-66.2457419,interseccion
INTER_792693056,792693056,Intersección 792693056,-17.3699197,-66.2356574,interseccion
INTER_793387439,793387439,Intersección 793387439,-17.4040977,-66.2369054,interseccion
INTER_793387447,793387447,Intersección 793387447,-17.4021704,-66.2314264,interseccion
INTER_793387457,793387457,Intersección 793387457,-17.4040486,-66.2316996,interseccion
INTER_793387503,793387503,Intersección 793387503,-17.4111068,-66.2314258,interseccion
INTER_793387517,793387517,Intersección 793387517,-17.4041247,-66.2337697,interseccion
INTER_793387551,793387551,Intersección 793387551,-17.4021423,-66.2367869,interseccion
INTER_793387579,793387579,Intersección 793387579,-17.4001964,-66.2316855,interseccion
INTER_793387590,793387590,Intersección 793387590,-17.3932912,-66.2362023,interseccion
INTER_793387594,793387594,Intersección 793387594,-17.4115206,-66.2313711,interseccion
INTER_793387615,793387615,Intersección 793387615,-17.4000597,-66.2356913,interseccion
INTER_793387628,793387628,Intersección 793387628,-17.3990744,-66.2366631,interseccion
INTER_793387694,793387694,Intersección 793387694,-17.4021801,-66.2355502,interseccion
INTER_793387715,793387715,Intersección 793387715,-17.4063384,-66.2325231,interseccion
INTER_793387744,793387744,Intersección 793387744,-17.4037252,-66.2317457,interseccion
INTER_793387754,793387754,Intersección 793387754,-17.4041136,-66.2330033,interseccion
INTER_793527865,793527865,Intersección 793527865,-17.3933616,-66.2326512,interseccion
INTER_793527868,793527868,Intersección 793527868,-17.3947111,-66.2496988,interseccion
INTER_793527874,793527874,Intersección 793527874,-17.3976271,-66.2347737,interseccion
INTER_793527876,793527876,Intersección 793527876,-17.3936037,-66.2468327,interseccion
INTER_793527896,793527896,Intersección 793527896,-17.3962771,-66.2316151,interseccion
INTER_793527897,793527897,Intersección 793527897,-17.3933886,-66.2320089,interseccion
INTER_793527906,793527906,Intersección 793527906,-17.3970748,-66.23776,interseccion
INTER_793527913,793527913,Intersección 793527913,-17.3936836,-66.242853,interseccion
INTER_793527920,793527920,Intersección 793527920,-17.3958011,-66.2496661,interseccion
INTER_793527934,793527934,Intersección 793527934,-17.3959335,-66.2374097,interseccion
INTER_793527935,793527935,Intersección 793527935,-17.3933039,-66.2350808,interseccion
INTER_793527937,793527937,Intersección 793527937,-17.3934856,-66.241343,interseccion
INTER_793527949,793527949,Intersección 793527949,-17.3957748,-66.2510872,interseccion
INTER_793527951,793527951,Intersección 793527951,-17.3970196,-66.2372603,interseccion
INTER_793527952,793527952,Intersección 793527952,-17.395345,-66.2368302,interseccion
INTER_793527954,793527954,Intersección 793527954,-17.3960094,-66.2544644,interseccion
INTER_793527958,793527958,Intersección 793527958,-17.3957517,-66.2375483,interseccion
INTER_793527961,793527961,Intersección 793527961,-17.3959875,-66.2413897,interseccion
INTER_793527973,793527973,Intersección 793527973,-17.3963647,-66.2327737,interseccion
INTER_793527981,793527981,Intersección 793527981,-17.3952196,-66.2317538,interseccion
INTER_793527983,793527983,Intersección 793527983,-17.394822,-66.2376024,interseccion
INTER_793527990,793527990,Intersección 793527990,-17.3984258,-66.2358049,interseccion
INTER_793527992,793527992,Intersección 793527992,-17.3966669,-66.2539919,interseccion
INTER_793527997,793527997,Intersección 793527997,-17.3959515,-66.2378651,interseccion
INTER_793528017,793528017,Intersección 793528017,-17.3991764,-66.232293,interseccion
INTER_793528020,793528020,Intersección 793528020,-17.3953512,-66.2368922,interseccion
INTER_793528027,793528027,Intersección 793528027,-17.3960787,-66.2529164,interseccion
INTER_793528029,793528029,Intersección 793528029,-17.3970548,-66.2414185,interseccion
INTER_793528035,793528035,Intersección 793528035,-17.3961979,-66.2382821,interseccion
INTER_793528040,793528040,Intersección 793528040,-17.3979088,-66.233228,interseccion
INTER_793528060,793528060,Intersección 793528060,-17.398573,-66.2539282,interseccion
INTER_793528067,793528067,Intersección 793528067,-17.3953992,-66.2544153,interseccion
INTER_793528074,793528074,Intersección 793528074,-17.3966471,-66.254512,interseccion
INTER_793528078,793528078,Intersección 793528078,-17.3976825,-66.2314262,interseccion
INTER_793528079,793528079,Intersección 793528079,-17.3935474,-66.2511027,interseccion
INTER_793528083,793528083,Intersección 793528083,-17.3977157,-66.2377,interseccion
INTER_793528091,793528091,Intersección 793528091,-17.3935797,-66.2413312,interseccion
INTER_793528093,793528093,Intersección 793528093,-17.3976822,-66.2325385,interseccion
INTER_793528124,793528124,Intersección 793528124,-17.3952591,-66.2324132,interseccion
INTER_793528125,793528125,Intersección 793528125,-17.3946791,-66.2511323,interseccion
INTER_793528131,793528131,Intersección 793528131,-17.3971076,-66.238218,interseccion
INTER_793528132,793528132,Intersección 793528132,-17.3952894,-66.2329163,interseccion
INTER_793528134,793528134,Intersección 793528134,-17.3933472,-66.2370727,interseccion
INTER_793528142,793528142,Intersección 793528142,-17.3976011,-66.2358633,interseccion
INTER_793528158,793528158,Intersección 793528158,-17.3933392,-66.2338206,interseccion
INTER_793528165,793528165,Intersección 793528165,-17.3947761,-66.2369555,interseccion
INTER_793528173,793528173,Intersección 793528173,-17.3954503,-66.2529484,interseccion
INTER_793528187,793528187,Intersección 793528187,-17.3935759,-66.2428414,interseccion
INTER_793528190,793528190,Intersección 793528190,-17.3990967,-66.2357579,interseccion
INTER_793568497,793568497,Intersección 793568497,-17.3925496,-66.2398478,interseccion
INTER_793568499,793568499,Intersección 793568499,-17.3934877,-66.2398572,interseccion
INTER_793568502,793568502,Intersección 793568502,-17.3922647,-66.2422133,interseccion
INTER_793568504,793568504,Intersección 793568504,-17.3933399,-66.2336776,interseccion
INTER_793568506,793568506,Intersección 793568506,-17.38098,-66.2523464,interseccion
INTER_793568509,793568509,Intersección 793568509,-17.3841162,-66.2509971,interseccion
INTER_793568511,793568511,Intersección 793568511,-17.3909528,-66.2421143,interseccion
INTER_793568513,793568513,Intersección 793568513,-17.3931988,-66.2362083,interseccion
INTER_793568517,793568517,Intersección 793568517,-17.3923955,-66.2411796,interseccion
INTER_793568518,793568518,Intersección 793568518,-17.3933135,-66.2317985,interseccion
INTER_793568525,793568525,Intersección 793568525,-17.3919449,-66.2331552,interseccion
INTER_793568527,793568527,Intersección 793568527,-17.3932354,-66.2336755,interseccion
INTER_793568529,793568529,Intersección 793568529,-17.3909552,-66.2427821,interseccion
INTER_793568534,793568534,Intersección 793568534,-17.3911256,-66.2363623,interseccion
INTER_793568536,793568536,Intersección 793568536,-17.3924764,-66.2380639,interseccion
INTER_793568539,793568539,Intersección 793568539,-17.3932741,-66.2324794,interseccion
INTER_793568540,793568540,Intersección 793568540,-17.3909694,-66.2409403,interseccion
INTER_793568542,793568542,Intersección 793568542,-17.3912258,-66.2338646,interseccion
INTER_793568544,793568544,Intersección 793568544,-17.392014,-66.2363011,interseccion
INTER_793568546,793568546,Intersección 793568546,-17.3827915,-66.2523238,interseccion
INTER_793568550,793568550,Intersección 793568550,-17.3909921,-66.2398934,interseccion
INTER_793568552,793568552,Intersección 793568552,-17.3841185,-66.2537136,interseccion
INTER_793568554,793568554,Intersección 793568554,-17.3935482,-66.2423114,interseccion
INTER_793568556,793568556,Intersección 793568556,-17.3913101,-66.2319827,interseccion
INTER_793568561,793568561,Intersección 793568561,-17.3926028,-66.2392847,interseccion
INTER_793568562,793568562,Intersección 793568562,-17.3919477,-66.2324857,interseccion
INTER_793568567,793568567,Intersección 793568567,-17.3912917,-66.2324387,interseccion
INTER_794303363,794303363,Intersección 794303363,-17.3904342,-66.2345743,interseccion
INTER_794303373,794303373,Intersección 794303373,-17.3818693,-66.2355033,interseccion
INTER_794303398,794303398,Intersección 794303398,-17.3910749,-66.2345974,interseccion
INTER_794303404,794303404,Intersección 794303404,-17.3881045,-66.2378497,interseccion
INTER_794303411,794303411,Intersección 794303411,-17.390056,-66.2384606,interseccion
INTER_794303422,794303422,Intersección 794303422,-17.3867443,-66.2323365,interseccion
INTER_794303438,794303438,Intersección 794303438,-17.3829559,-66.234609,interseccion
INTER_794303442,794303442,Intersección 794303442,-17.3874694,-66.2318981,interseccion
INTER_794303459,794303459,Intersección 794303459,-17.3888148,-66.2361466,interseccion
INTER_794303469,794303469,Intersección 794303469,-17.3857007,-66.2339243,interseccion
INTER_794303474,794303474,Intersección 794303474,-17.3820459,-66.2346237,interseccion
INTER_794303475,794303475,Intersección 794303475,-17.3879974,-66.238698,interseccion
INTER_794303481,794303481,Intersección 794303481,-17.3859523,-66.2324072,interseccion
INTER_794303482,794303482,Intersección 794303482,-17.3891178,-66.2345449,interseccion
INTER_794303490,794303490,Intersección 794303490,-17.3904128,-66.236845,interseccion
INTER_794303498,794303498,Intersección 794303498,-17.3874389,-66.2334826,interseccion
INTER_794303506,794303506,Intersección 794303506,-17.3883571,-66.2398982,interseccion
INTER_794303513,794303513,Intersección 794303513,-17.3905399,-66.2324199,interseccion
INTER_794303515,794303515,Intersección 794303515,-17.3881064,-66.2316805,interseccion
INTER_794303525,794303525,Intersección 794303525,-17.388829,-66.2334522,interseccion
INTER_794303535,794303535,Intersección 794303535,-17.3911635,-66.2324271,interseccion
INTER_794303537,794303537,Intersección 794303537,-17.382779,-66.2318807,interseccion
INTER_794303541,794303541,Intersección 794303541,-17.3893601,-66.2362041,interseccion
INTER_794303544,794303544,Intersección 794303544,-17.3819207,-66.2358155,interseccion
INTER_794303549,794303549,Intersección 794303549,-17.3879577,-66.2361396,interseccion
INTER_794303558,794303558,Intersección 794303558,-17.3813236,-66.2346996,interseccion
INTER_794303560,794303560,Intersección 794303560,-17.3899364,-66.2345554,interseccion
INTER_794303570,794303570,Intersección 794303570,-17.3909918,-66.2365822,interseccion
INTER_794303578,794303578,Intersección 794303578,-17.3874679,-66.2413312,interseccion
INTER_794303585,794303585,Intersección 794303585,-17.3887428,-66.2329202,interseccion
INTER_794303595,794303595,Intersección 794303595,-17.3862437,-66.2367423,interseccion
INTER_1123135909,1123135909,Intersección 1123135909,-17.4130991,-66.2655144,interseccion
INTER_1123977378,1123977378,Intersección 1123977378,-17.3991205,-66.3202143,interseccion
INTER_1722885570,1722885570,Intersección 1722885570,-17.3999949,-66.3083939,interseccion
INTER_1722885572,1722885572,Intersección 1722885572,-17.4001103,-66.3092503,interseccion
INTER_1722885585,1722885585,Intersección 1722885585,-17.4008619,-66.3141363,interseccion
INTER_1722885610,1722885610,Intersección 1722885610,-17.4037377,-66.3229041,interseccion
INTER_1722885617,1722885617,Intersección 1722885617,-17.4041864,-66.3207201,interseccion
INTER_1722885632,1722885632,Intersección 1722885632,-17.4044057,-66.3215354,interseccion
INTER_1722885659,1722885659,Intersección 1722885659,-17.4048401,-66.32224,interseccion
INTER_1722943626,1722943626,Intersección 1722943626,-17.3997229,-66.3039125,interseccion
INTER_1722943643,1722943643,Intersección 1722943643,-17.4050523,-66.3205219,interseccion
INTER_1722943660,1722943660,Intersección 1722943660,-17.406176,-66.3208147,interseccion
INTER_1722943668,1722943668,Intersección 1722943668,-17.4066379,-66.3208096,interseccion
INTER_1722943670,1722943670,Intersección 1722943670,-17.4067118,-66.3205689,interseccion
INTER_1722943673,1722943673,Intersección 1722943673,-17.4068078,-66.3203353,interseccion
INTER_1722943675,1722943675,Intersección 1722943675,-17.4073234,-66.3205656,interseccion
INTER_1722943681,1722943681,Intersección 1722943681,-17.4074522,-66.3199264,interseccion
INTER_1722943682,1722943682,Intersección 1722943682,-17.4075004,-66.3200069,interseccion
INTER_1722943692,1722943692,Intersección 1722943692,-17.4077158,-66.320933,interseccion
INTER_1722943693,1722943693,Intersección 1722943693,-17.4079068,-66.320407,interseccion
INTER_1722943705,1722943705,Intersección 1722943705,-17.4082802,-66.3192543,interseccion
INTER_1722943708,1722943708,Intersección 1722943708,-17.4083857,-66.3205801,interseccion
INTER_1722943723,1722943723,Intersección 1722943723,-17.4088919,-66.3219239,interseccion
INTER_1722943724,1722943724,Intersección 1722943724,-17.4089395,-66.3174308,interseccion
INTER_1722943726,1722943726,Intersección 1722943726,-17.4090019,-66.3215227,interseccion
INTER_1722943731,1722943731,Intersección 1722943731,-17.4091727,-66.3209728,interseccion
INTER_1722943734,1722943734,Intersección 1722943734,-17.4092651,-66.3196777,interseccion
INTER_1722943743,1722943743,Intersección 1722943743,-17.4092896,-66.3210369,interseccion
INTER_1722943748,1722943748,Intersección 1722943748,-17.409354,-66.3191389,interseccion
INTER_1722943754,1722943754,Intersección 1722943754,-17.4094919,-66.31977,interseccion
INTER_1722943755,1722943755,Intersección 1722943755,-17.4094759,-66.3192038,interseccion
INTER_1722943759,1722943759,Intersección 1722943759,-17.4097209,-66.3203332,interseccion
INTER_1722943760,1722943760,Intersección 1722943760,-17.4098992,-66.3204416,interseccion
INTER_1722943770,1722943770,Intersección 1722943770,-17.4101669,-66.3225686,interseccion
INTER_1722943773,1722943773,Intersección 1722943773,-17.4103996,-66.3221571,interseccion
INTER_1722943778,1722943778,Intersección 1722943778,-17.410582,-66.3216758,interseccion
INTER_1722943791,1722943791,Intersección 1722943791,-17.4108267,-66.3210485,interseccion
INTER_1722943793,1722943793,Intersección 1722943793,-17.4109698,-66.3199758,interseccion
INTER_1722943798,1722943798,Intersección 1722943798,-17.4113662,-66.3250518,interseccion
INTER_1722943807,1722943807,Intersección 1722943807,-17.4120632,-66.3251003,interseccion
INTER_1722943829,1722943829,Intersección 1722943829,-17.4122239,-66.3238783,interseccion
INTER_1722973493,1722973493,Intersección 1722973493,-17.3596076,-66.3240512,interseccion
INTER_1722973503,1722973503,Intersección 1722973503,-17.3686585,-66.3221482,interseccion
INTER_1722973504,1722973504,Intersección 1722973504,-17.3803255,-66.3182067,interseccion
INTER_1722973505,1722973505,Intersección 1722973505,-17.3873932,-66.3173642,interseccion
INTER_1722973511,1722973511,Intersección 1722973511,-17.3904202,-66.3169896,interseccion
INTER_1722973527,1722973527,Intersección 1722973527,-17.3936107,-66.3248154,interseccion
INTER_1722973535,1722973535,Intersección 1722973535,-17.3961151,-66.3184016,interseccion
INTER_1722973542,1722973542,Intersección 1722973542,-17.3981587,-66.3254305,interseccion
INTER_1722992994,1722992994,Intersección 1722992994,-17.3959826,-66.3172293,interseccion
INTER_1722992996,1722992996,Intersección 1722992996,-17.3961238,-66.3152337,interseccion
INTER_1722993022,1722993022,Intersección 1722993022,-17.3962396,-66.3171983,interseccion
INTER_1722993057,1722993057,Intersección 1722993057,-17.3985053,-66.3159998,interseccion
INTER_1722993065,1722993065,Intersección 1722993065,-17.4027861,-66.3155236,interseccion
INTER_1722993075,1722993075,Intersección 1722993075,-17.4048124,-66.3152497,interseccion
INTER_1722993095,1722993095,Intersección 1722993095,-17.4071254,-66.3176896,interseccion
INTER_1722993107,1722993107,Intersección 1722993107,-17.407559,-66.3149849,interseccion
INTER_1722993120,1722993120,Intersección 1722993120,-17.4081123,-66.31811,interseccion
INTER_1722993122,1722993122,Intersección 1722993122,-17.4085827,-66.3182949,interseccion
INTER_1723121666,1723121666,Intersección 1723121666,-17.4025039,-66.3214918,interseccion
INTER_1723121667,1723121667,Intersección 1723121667,-17.4006875,-66.3184009,interseccion
INTER_1723121671,1723121671,Intersección 1723121671,-17.3986638,-66.3237499,interseccion
INTER_1723121675,1723121675,Intersección 1723121675,-17.398246,-66.3236764,interseccion
INTER_1723121682,1723121682,Intersección 1723121682,-17.4017377,-66.3216832,interseccion
INTER_1723121683,1723121683,Intersección 1723121683,-17.3978192,-66.3226445,interseccion
INTER_1723121685,1723121685,Intersección 1723121685,-17.4015603,-66.3198127,interseccion
INTER_1723121686,1723121686,Intersección 1723121686,-17.3965979,-66.3222673,interseccion
INTER_1723121687,1723121687,Intersección 1723121687,-17.401091,-66.3199024,interseccion
INTER_1723121689,1723121689,Intersección 1723121689,-17.4016753,-66.3214025,interseccion
INTER_1723121690,1723121690,Intersección 1723121690,-17.3992945,-66.3187648,interseccion
INTER_1723121692,1723121692,Intersección 1723121692,-17.3989015,-66.3226088,interseccion
INTER_1723121693,1723121693,Intersección 1723121693,-17.4033728,-66.3195005,interseccion
INTER_1723140608,1723140608,Intersección 1723140608,-17.3936034,-66.322406,interseccion
INTER_1723140618,1723140618,Intersección 1723140618,-17.3968688,-66.3171152,interseccion
INTER_1723140634,1723140634,Intersección 1723140634,-17.3801846,-66.313513,interseccion
INTER_1723140645,1723140645,Intersección 1723140645,-17.398598,-66.3145135,interseccion
INTER_1723140651,1723140651,Intersección 1723140651,-17.388457,-66.318876,interseccion
INTER_1723140652,1723140652,Intersección 1723140652,-17.3944404,-66.3230536,interseccion
INTER_1723140657,1723140657,Intersección 1723140657,-17.3943556,-66.3223652,interseccion
INTER_1723140664,1723140664,Intersección 1723140664,-17.3985345,-66.3154409,interseccion
INTER_1723140668,1723140668,Intersección 1723140668,-17.3978112,-66.3179892,interseccion
INTER_1723140675,1723140675,Intersección 1723140675,-17.3978662,-66.3189037,interseccion
INTER_1723140676,1723140676,Intersección 1723140676,-17.3973671,-66.3190381,interseccion
INTER_1723140678,1723140678,Intersección 1723140678,-17.376054,-66.3198212,interseccion
INTER_1723140680,1723140680,Intersección 1723140680,-17.3993638,-66.3176318,interseccion
INTER_1723140686,1723140686,Intersección 1723140686,-17.3922794,-66.3215537,interseccion
INTER_1723140696,1723140696,Intersección 1723140696,-17.3892935,-66.3138921,interseccion
INTER_1723140700,1723140700,Intersección 1723140700,-17.3994287,-66.3166271,interseccion
INTER_1723140702,1723140702,Intersección 1723140702,-17.3898,-66.3210889,interseccion
INTER_1723140703,1723140703,Intersección 1723140703,-17.3942035,-66.3212551,interseccion
INTER_1723140704,1723140704,Intersección 1723140704,-17.3891818,-66.3212592,interseccion
INTER_1723140707,1723140707,Intersección 1723140707,-17.3929119,-66.3231586,interseccion
INTER_1723140733,1723140733,Intersección 1723140733,-17.3830045,-66.3085466,interseccion
INTER_1723140734,1723140734,Intersección 1723140734,-17.39873,-66.3125258,interseccion
INTER_1723140735,1723140735,Intersección 1723140735,-17.3972732,-66.315318,interseccion
INTER_1723140755,1723140755,Intersección 1723140755,-17.4018251,-66.3170483,interseccion
INTER_1723140757,1723140757,Intersección 1723140757,-17.3973252,-66.3144209,interseccion
INTER_1723140762,1723140762,Intersección 1723140762,-17.391829,-66.3038355,interseccion
INTER_1723140764,1723140764,Intersección 1723140764,-17.4000671,-66.3215918,interseccion
INTER_1723140766,1723140766,Intersección 1723140766,-17.3962224,-66.3183989,interseccion
INTER_1723140774,1723140774,Intersección 1723140774,-17.3766753,-66.318653,interseccion
INTER_1723140776,1723140776,Intersección 1723140776,-17.3836661,-66.3079408,interseccion
INTER_1723140778,1723140778,Intersección 1723140778,-17.392195,-66.3215661,interseccion
INTER_1723140780,1723140780,Intersección 1723140780,-17.3936871,-66.3231094,interseccion
INTER_1723140784,1723140784,Intersección 1723140784,-17.3994446,-66.3159395,interseccion
INTER_1723140797,1723140797,Intersección 1723140797,-17.3901636,-66.3224071,interseccion
INTER_1723140800,1723140800,Intersección 1723140800,-17.3811223,-66.3119208,interseccion
INTER_1723140802,1723140802,Intersección 1723140802,-17.4003344,-66.3150013,interseccion
INTER_1723140804,1723140804,Intersección 1723140804,-17.3973085,-66.3181105,interseccion
INTER_1723140822,1723140822,Intersección 1723140822,-17.3878672,-66.3189567,interseccion
INTER_1723140832,1723140832,Intersección 1723140832,-17.3937351,-66.3235128,interseccion
INTER_1723140837,1723140837,Intersección 1723140837,-17.3842911,-66.3051852,interseccion
INTER_1723140841,1723140841,Intersección 1723140841,-17.3962763,-66.3193129,interseccion
INTER_1723140847,1723140847,Intersección 1723140847,-17.3812503,-66.3117813,interseccion
INTER_1723140851,1723140851,Intersección 1723140851,-17.3843504,-66.3062406,interseccion
INTER_1723140853,1723140853,Intersección 1723140853,-17.391407,-66.3195264,interseccion
INTER_1723140857,1723140857,Intersección 1723140857,-17.3984501,-66.316947,interseccion
INTER_1723140859,1723140859,Intersección 1723140859,-17.4002503,-66.3165499,interseccion
INTER_1723140860,1723140860,Intersección 1723140860,-17.3972251,-66.3161478,interseccion
INTER_1723140861,1723140861,Intersección 1723140861,-17.4016602,-66.3210649,interseccion
INTER_1723140862,1723140862,Intersección 1723140862,-17.3969274,-66.3181956,interseccion
INTER_1723140867,1723140867,Intersección 1723140867,-17.4004013,-66.3173756,interseccion
INTER_1723152842,1723152842,Intersección 1723152842,-17.3889515,-66.3181426,interseccion
INTER_1723152846,1723152846,Intersección 1723152846,-17.3908359,-66.3120526,interseccion
INTER_1723152856,1723152856,Intersección 1723152856,-17.3702386,-66.3144101,interseccion
INTER_1723152858,1723152858,Intersección 1723152858,-17.3937604,-66.317513,interseccion
INTER_1723152879,1723152879,Intersección 1723152879,-17.3928875,-66.3167033,interseccion
INTER_1723152884,1723152884,Intersección 1723152884,-17.3925139,-66.3176598,interseccion
INTER_1723152886,1723152886,Intersección 1723152886,-17.3568872,-66.3063518,interseccion
INTER_1723152888,1723152888,Intersección 1723152888,-17.3891513,-66.3135026,interseccion
INTER_1723152909,1723152909,Intersección 1723152909,-17.3623251,-66.3037201,interseccion
INTER_1723152914,1723152914,Intersección 1723152914,-17.3939337,-66.3189194,interseccion
INTER_1723152915,1723152915,Intersección 1723152915,-17.3931547,-66.3175743,interseccion
INTER_1723152918,1723152918,Intersección 1723152918,-17.3928332,-66.3162511,interseccion
INTER_1723152935,1723152935,Intersección 1723152935,-17.3541498,-66.3088894,interseccion
INTER_1723152937,1723152937,Intersección 1723152937,-17.3893187,-66.3180958,interseccion
INTER_1723152943,1723152943,Intersección 1723152943,-17.3888968,-66.3127508,interseccion
INTER_1723152960,1723152960,Intersección 1723152960,-17.3915858,-66.3111056,interseccion
INTER_1723152963,1723152963,Intersección 1723152963,-17.394687,-66.3197769,interseccion
INTER_1723152971,1723152971,Intersección 1723152971,-17.3933433,-66.320139,interseccion
INTER_1723152996,1723152996,Intersección 1723152996,-17.3480804,-66.3125315,interseccion
INTER_1723153012,1723153012,Intersección 1723153012,-17.3915865,-66.3177892,interseccion
INTER_1723153016,1723153016,Intersección 1723153016,-17.3929269,-66.3149594,interseccion
INTER_1723153019,1723153019,Intersección 1723153019,-17.3933166,-66.3190578,interseccion
INTER_1723153022,1723153022,Intersección 1723153022,-17.3677877,-66.3095114,interseccion
INTER_1723153032,1723153032,Intersección 1723153032,-17.392705,-66.3191909,interseccion
INTER_1723153034,1723153034,Intersección 1723153034,-17.3890368,-66.3171681,interseccion
INTER_1723153037,1723153037,Intersección 1723153037,-17.390182,-66.3163234,interseccion
INTER_1723153043,1723153043,Intersección 1723153043,-17.3493553,-66.3120917,interseccion
INTER_1723153057,1723153057,Intersección 1723153057,-17.3907598,-66.3179106,interseccion
INTER_1723153067,1723153067,Intersección 1723153067,-17.3958914,-66.3152319,interseccion
INTER_1723153072,1723153072,Intersección 1723153072,-17.3941198,-66.3199221,interseccion
INTER_1723153073,1723153073,Intersección 1723153073,-17.391555,-66.3120927,interseccion
INTER_1723153085,1723153085,Intersección 1723153085,-17.3706529,-66.3138794,interseccion
INTER_1723153088,1723153088,Intersección 1723153088,-17.3876239,-66.3118028,interseccion
INTER_1723153108,1723153108,Intersección 1723153108,-17.3670607,-66.3082661,interseccion
INTER_1723153110,1723153110,Intersección 1723153110,-17.3945675,-66.3187511,interseccion
INTER_1723153112,1723153112,Intersección 1723153112,-17.3730662,-66.3115928,interseccion
INTER_1723153125,1723153125,Intersección 1723153125,-17.3710441,-66.3193333,interseccion
INTER_1723153131,1723153131,Intersección 1723153131,-17.3909146,-66.3127621,interseccion
INTER_1723153133,1723153133,Intersección 1723153133,-17.3934675,-66.3213787,interseccion
INTER_1723153150,1723153150,Intersección 1723153150,-17.3660482,-66.3073069,interseccion
INTER_1723153153,1723153153,Intersección 1723153153,-17.3876762,-66.318315,interseccion
INTER_1723153156,1723153156,Intersección 1723153156,-17.3922189,-66.3193088,interseccion
INTER_1723153162,1723153162,Intersección 1723153162,-17.3943962,-66.3174304,interseccion
INTER_1723153168,1723153168,Intersección 1723153168,-17.395233,-66.3185935,interseccion
INTER_1723153173,1723153173,Intersección 1723153173,-17.3935068,-66.3213704,interseccion
INTER_1723153192,1723153192,Intersección 1723153192,-17.391036,-66.3140024,interseccion
INTER_1723153196,1723153196,Intersección 1723153196,-17.3926988,-66.3225656,interseccion
INTER_1723153212,1723153212,Intersección 1723153212,-17.3951762,-66.3173335,interseccion
INTER_1723186688,1723186688,Intersección 1723186688,-17.3836119,-66.2864299,interseccion
INTER_1723186690,1723186690,Intersección 1723186690,-17.3834255,-66.2861101,interseccion
INTER_1723186693,1723186693,Intersección 1723186693,-17.3835505,-66.2848353,interseccion
INTER_1723190311,1723190311,Intersección 1723190311,-17.3863438,-66.2880163,interseccion
INTER_1723606492,1723606492,Intersección 1723606492,-17.3899358,-66.3072359,interseccion
INTER_1723606500,1723606500,Intersección 1723606500,-17.3930192,-66.3128905,interseccion
INTER_1723606504,1723606504,Intersección 1723606504,-17.3799706,-66.3061061,interseccion
INTER_1723606505,1723606505,Intersección 1723606505,-17.3892192,-66.3088442,interseccion
INTER_1723606509,1723606509,Intersección 1723606509,-17.3899532,-66.3080168,interseccion
INTER_1723606510,1723606510,Intersección 1723606510,-17.3888881,-66.3222894,interseccion
INTER_1723606515,1723606515,Intersección 1723606515,-17.3787698,-66.3080021,interseccion
INTER_1723606524,1723606524,Intersección 1723606524,-17.3797115,-66.3118014,interseccion
INTER_1723606525,1723606525,Intersección 1723606525,-17.4059961,-66.3059503,interseccion
INTER_1723606526,1723606526,Intersección 1723606526,-17.3767369,-66.3091078,interseccion
INTER_1723606527,1723606527,Intersección 1723606527,-17.3981924,-66.3114359,interseccion
INTER_1723606529,1723606529,Intersección 1723606529,-17.4060239,-66.3050393,interseccion
INTER_1723606532,1723606532,Intersección 1723606532,-17.374723,-66.3091209,interseccion
INTER_1723606574,1723606574,Intersección 1723606574,-17.3930963,-66.3120727,interseccion
INTER_1723606579,1723606579,Intersección 1723606579,-17.405756,-66.3075094,interseccion
INTER_1723606582,1723606582,Intersección 1723606582,-17.4066728,-66.3060041,interseccion
INTER_1723606584,1723606584,Intersección 1723606584,-17.4058321,-66.3076241,interseccion
INTER_1723606585,1723606585,Intersección 1723606585,-17.4071364,-66.3053796,interseccion
INTER_1723606587,1723606587,Intersección 1723606587,-17.3886219,-66.3214134,interseccion
INTER_1723606597,1723606597,Intersección 1723606597,-17.3988137,-66.3114498,interseccion
INTER_1723606599,1723606599,Intersección 1723606599,-17.3753563,-66.3051727,interseccion
INTER_1723606601,1723606601,Intersección 1723606601,-17.3892179,-66.3080189,interseccion
INTER_1723606602,1723606602,Intersección 1723606602,-17.3776617,-66.3086166,interseccion
INTER_1723606608,1723606608,Intersección 1723606608,-17.407895,-66.3077206,interseccion
INTER_1723606621,1723606621,Intersección 1723606621,-17.3665449,-66.3077725,interseccion
INTER_1723606645,1723606645,Intersección 1723606645,-17.398805,-66.3092432,interseccion
INTER_1723606646,1723606646,Intersección 1723606646,-17.3676488,-66.3092571,interseccion
INTER_1723606664,1723606664,Intersección 1723606664,-17.3954291,-66.3053498,interseccion
INTER_1723606665,1723606665,Intersección 1723606665,-17.3743237,-66.3078441,interseccion
INTER_1723606693,1723606693,Intersección 1723606693,-17.3877048,-66.3225927,interseccion
INTER_1723606704,1723606704,Intersección 1723606704,-17.4059458,-66.306615,interseccion
INTER_1723606709,1723606709,Intersección 1723606709,-17.3930482,-66.3121522,interseccion
INTER_1723606716,1723606716,Intersección 1723606716,-17.3737728,-66.3055085,interseccion
INTER_1723606727,1723606727,Intersección 1723606727,-17.4083048,-66.3067626,interseccion
INTER_1723606732,1723606732,Intersección 1723606732,-17.391577,-66.3112536,interseccion
INTER_1723606737,1723606737,Intersección 1723606737,-17.3795578,-66.3065325,interseccion
INTER_1723606741,1723606741,Intersección 1723606741,-17.3892971,-66.3098648,interseccion
INTER_1723606758,1723606758,Intersección 1723606758,-17.3793173,-66.3085855,interseccion
INTER_1723606778,1723606778,Intersección 1723606778,-17.3908987,-66.308012,interseccion
INTER_1723606781,1723606781,Intersección 1723606781,-17.3866023,-66.3037563,interseccion
INTER_1723606793,1723606793,Intersección 1723606793,-17.3926928,-66.3080694,interseccion
INTER_1723606801,1723606801,Intersección 1723606801,-17.3928429,-66.309346,interseccion
INTER_1723606815,1723606815,Intersección 1723606815,-17.3981655,-66.3092508,interseccion
INTER_1723764440,1723764440,Intersección 1723764440,-17.4321881,-66.3224999,interseccion
INTER_1723764442,1723764442,Intersección 1723764442,-17.4281027,-66.3201932,interseccion
INTER_1723764500,1723764500,Intersección 1723764500,-17.4253837,-66.3199442,interseccion
INTER_1723764510,1723764510,Intersección 1723764510,-17.4234346,-66.3217101,interseccion
INTER_1723764544,1723764544,Intersección 1723764544,-17.431789,-66.3235667,interseccion
INTER_1934708810,1934708810,Intersección 1934708810,-17.3959356,-66.3164331,interseccion
INTER_1934708832,1934708832,Intersección 1934708832,-17.3849854,-66.3176547,interseccion
INTER_1934708877,1934708877,Intersección 1934708877,-17.3864254,-66.317478,interseccion
INTER_2134414177,2134414177,Intersección 2134414177,-17.3934435,-66.2645292,interseccion
INTER_2134415346,2134415346,Intersección 2134415346,-17.3927684,-66.2786334,interseccion
INTER_2134416425,2134416425,Intersección 2134416425,-17.3822116,-66.2777648,interseccion
INTER_2134453721,2134453721,Intersección 2134453721,-17.3877778,-66.246255,interseccion
INTER_2134458795,2134458795,Intersección 2134458795,-17.3864568,-66.2399796,interseccion
INTER_2134458863,2134458863,Intersección 2134458863,-17.3907602,-66.2468125,interseccion
INTER_2138389133,2138389133,Intersección 2138389133,-17.3872474,-66.2565194,interseccion
INTER_2138391001,2138391001,Intersección 2138391001,-17.3817715,-66.2538492,interseccion
INTER_2138391875,2138391875,Intersección 2138391875,-17.3796607,-66.254735,interseccion
INTER_2138416888,2138416888,Intersección 2138416888,-17.3855383,-66.2622838,interseccion
INTER_2138416890,2138416890,Intersección 2138416890,-17.3909897,-66.2677577,interseccion
INTER_2138416891,2138416891,Intersección 2138416891,-17.3928199,-66.2678247,interseccion
INTER_2138416896,2138416896,Intersección 2138416896,-17.3858294,-66.2612972,interseccion
INTER_2138416906,2138416906,Intersección 2138416906,-17.3983076,-66.2620311,interseccion
INTER_2138416910,2138416910,Intersección 2138416910,-17.3860327,-66.2623035,interseccion
INTER_2138416913,2138416913,Intersección 2138416913,-17.3955437,-66.2662984,interseccion
INTER_2138416914,2138416914,Intersección 2138416914,-17.3858875,-66.2606458,interseccion
INTER_2138416915,2138416915,Intersección 2138416915,-17.3864755,-66.2623211,interseccion
INTER_2140772663,2140772663,Intersección 2140772663,-17.400287,-66.3158293,interseccion
INTER_2140772665,2140772665,Intersección 2140772665,-17.3972213,-66.3162141,interseccion
INTER_2140772671,2140772671,Intersección 2140772671,-17.3985043,-66.3160724,interseccion
INTER_2140772675,2140772675,Intersección 2140772675,-17.3961968,-66.3164191,interseccion
INTER_2140883410,2140883410,Intersección 2140883410,-17.3972932,-66.2819732,interseccion
INTER_2140883412,2140883412,Intersección 2140883412,-17.3968621,-66.2823369,interseccion
INTER_2140912505,2140912505,Intersección 2140912505,-17.3902625,-66.2730166,interseccion
INTER_2140912536,2140912536,Intersección 2140912536,-17.3932016,-66.2727616,interseccion
INTER_2140912539,2140912539,Intersección 2140912539,-17.3913026,-66.2727613,interseccion
INTER_2140912543,2140912543,Intersección 2140912543,-17.3935427,-66.2727581,interseccion
INTER_2140912563,2140912563,Intersección 2140912563,-17.3935115,-66.2728906,interseccion
INTER_2141417985,2141417985,Intersección 2141417985,-17.3965461,-66.3143467,interseccion
INTER_2141417986,2141417986,Intersección 2141417986,-17.3976688,-66.3131475,interseccion
INTER_2141417988,2141417988,Intersección 2141417988,-17.3949,-66.3122047,interseccion
INTER_2141418005,2141418005,Intersección 2141418005,-17.3966132,-66.3130425,interseccion
INTER_2141418007,2141418007,Intersección 2141418007,-17.3986993,-66.3130715,interseccion
INTER_2141418011,2141418011,Intersección 2141418011,-17.3975943,-66.3144385,interseccion
INTER_2141418012,2141418012,Intersección 2141418012,-17.39773,-66.3124326,interseccion
INTER_2141418013,2141418013,Intersección 2141418013,-17.3976824,-66.3130175,interseccion
INTER_2141418015,2141418015,Intersección 2141418015,-17.3930043,-66.3141181,interseccion
INTER_2147777592,2147777592,Intersección 2147777592,-17.3882648,-66.2480539,interseccion
INTER_2147777593,2147777593,Intersección 2147777593,-17.3880457,-66.2441213,interseccion
INTER_2147777596,2147777596,Intersección 2147777596,-17.3835353,-66.2434828,interseccion
INTER_2147777598,2147777598,Intersección 2147777598,-17.385465,-66.2437902,interseccion
INTER_2164845589,2164845589,Intersección 2164845589,-17.3869886,-66.2527809,interseccion
INTER_2164845596,2164845596,Intersección 2164845596,-17.3867533,-66.2536577,interseccion
INTER_2328924664,2328924664,Intersección 2328924664,-17.3856044,-66.3198572,interseccion
INTER_2328924666,2328924666,Intersección 2328924666,-17.384685,-66.3166957,interseccion
INTER_2328928017,2328928017,Intersección 2328928017,-17.3852876,-66.3186961,interseccion
INTER_2328928019,2328928019,Intersección 2328928019,-17.3838477,-66.3200853,interseccion
INTER_2328928023,2328928023,Intersección 2328928023,-17.3826278,-66.3190082,interseccion
INTER_2328928025,2328928025,Intersección 2328928025,-17.3871917,-66.3205372,interseccion
INTER_2334904462,2334904462,Intersección 2334904462,-17.3795578,-66.2788665,interseccion
INTER_2334905554,2334905554,Intersección 2334905554,-17.3794974,-66.2864963,interseccion
INTER_2340084696,2340084696,Intersección 2340084696,-17.3847514,-66.2367603,interseccion
INTER_2340084697,2340084697,Intersección 2340084697,-17.3840509,-66.2379249,interseccion
INTER_2340084698,2340084698,Intersección 2340084698,-17.3681583,-66.2366245,interseccion
INTER_2340084699,2340084699,Intersección 2340084699,-17.3682815,-66.2354819,interseccion
INTER_2340084700,2340084700,Intersección 2340084700,-17.3683995,-66.2343454,interseccion
INTER_2340084701,2340084701,Intersección 2340084701,-17.3685241,-66.233145,interseccion
INTER_2340084702,2340084702,Intersección 2340084702,-17.3684226,-66.2313145,interseccion
INTER_2340084705,2340084705,Intersección 2340084705,-17.3661136,-66.2414046,interseccion
INTER_2340090786,2340090786,Intersección 2340090786,-17.3981695,-66.2346662,interseccion
INTER_2343297816,2343297816,Intersección 2343297816,-17.3886433,-66.311942,interseccion
INTER_2343304629,2343304629,Intersección 2343304629,-17.3737909,-66.324104,interseccion
INTER_2350257447,2350257447,Intersección 2350257447,-17.3934536,-66.2510176,interseccion
INTER_2354388561,2354388561,Intersección 2354388561,-17.3860447,-66.2371721,interseccion
INTER_2354388562,2354388562,Intersección 2354388562,-17.3878496,-66.2355141,interseccion
INTER_2360589703,2360589703,Intersección 2360589703,-17.392921,-66.2687823,interseccion
INTER_2360591381,2360591381,Intersección 2360591381,-17.3910888,-66.2439718,interseccion
INTER_2360591385,2360591385,Intersección 2360591385,-17.3910824,-66.242786,interseccion
INTER_2360591387,2360591387,Intersección 2360591387,-17.3910786,-66.2421277,interseccion
INTER_2360591389,2360591389,Intersección 2360591389,-17.3910953,-66.2409578,interseccion
INTER_2360591391,2360591391,Intersección 2360591391,-17.3911265,-66.2398926,interseccion
INTER_2360591395,2360591395,Intersección 2360591395,-17.3911634,-66.2388037,interseccion
INTER_2482043207,2482043207,Intersección 2482043207,-17.3973157,-66.2817332,interseccion
INTER_2522478741,2522478741,Intersección 2522478741,-17.3885384,-66.2697677,interseccion
INTER_2522478742,2522478742,Intersección 2522478742,-17.3884468,-66.2682274,interseccion
INTER_2533145345,2533145345,Intersección 2533145345,-17.3926593,-66.296646,interseccion
INTER_2533145355,2533145355,Intersección 2533145355,-17.3951932,-66.2957097,interseccion
INTER_2533148409,2533148409,Intersección 2533148409,-17.3961629,-66.3113217,interseccion
INTER_2533172994,2533172994,Intersección 2533172994,-17.3961646,-66.3193653,interseccion
INTER_2533172995,2533172995,Intersección 2533172995,-17.3917925,-66.3205402,interseccion
INTER_2543871636,2543871636,Intersección 2543871636,-17.3912671,-66.2363634,interseccion
INTER_2543871659,2543871659,Intersección 2543871659,-17.3913699,-66.2338508,interseccion
INTER_2543871673,2543871673,Intersección 2543871673,-17.3914226,-66.2324432,interseccion
INTER_2543871687,2543871687,Intersección 2543871687,-17.3914393,-66.2319864,interseccion
INTER_2543871756,2543871756,Intersección 2543871756,-17.3910154,-66.2324275,interseccion
INTER_2544237691,2544237691,Intersección 2544237691,-17.3925058,-66.2662804,interseccion
INTER_2544242052,2544242052,Intersección 2544242052,-17.3931985,-66.2621509,interseccion
INTER_2544242053,2544242053,Intersección 2544242053,-17.3923631,-66.2620232,interseccion
INTER_2549336040,2549336040,Intersección 2549336040,-17.3895678,-66.2500429,interseccion
INTER_2563978270,2563978270,Intersección 2563978270,-17.3477783,-66.2426214,interseccion
INTER_2563978271,2563978271,Intersección 2563978271,-17.3480517,-66.2480858,interseccion
INTER_2563978276,2563978276,Intersección 2563978276,-17.3489069,-66.2458266,interseccion
INTER_2563978298,2563978298,Intersección 2563978298,-17.3517069,-66.2457333,interseccion
INTER_2563978316,2563978316,Intersección 2563978316,-17.3530291,-66.2534384,interseccion
INTER_2563978323,2563978323,Intersección 2563978323,-17.3531061,-66.2501799,interseccion
INTER_2563978328,2563978328,Intersección 2563978328,-17.3533115,-66.2440637,interseccion
INTER_2563978333,2563978333,Intersección 2563978333,-17.3533503,-66.2450926,interseccion
INTER_2563978335,2563978335,Intersección 2563978335,-17.353581,-66.2501468,interseccion
INTER_2563978356,2563978356,Intersección 2563978356,-17.3551312,-66.2342398,interseccion
INTER_2563978457,2563978457,Intersección 2563978457,-17.356675,-66.2410012,interseccion
INTER_2563978488,2563978488,Intersección 2563978488,-17.359904,-66.2357053,interseccion
INTER_2569977528,2569977528,Intersección 2569977528,-17.3890877,-66.2435864,interseccion
INTER_2569977547,2569977547,Intersección 2569977547,-17.3965369,-66.2359377,interseccion
INTER_2569977551,2569977551,Intersección 2569977551,-17.3964396,-66.2348057,interseccion
INTER_2573182892,2573182892,Intersección 2573182892,-17.3967043,-66.2662448,interseccion
INTER_2573182897,2573182897,Intersección 2573182897,-17.3975187,-66.2663143,interseccion
INTER_2573182905,2573182905,Intersección 2573182905,-17.3964425,-66.2647879,interseccion
INTER_2594886774,2594886774,Intersección 2594886774,-17.3910496,-66.2444712,interseccion
INTER_2617313829,2617313829,Intersección 2617313829,-17.4088727,-66.280749,interseccion
INTER_2617313830,2617313830,Intersección 2617313830,-17.4088848,-66.2796556,interseccion
INTER_2617313831,2617313831,Intersección 2617313831,-17.4088873,-66.2789468,interseccion
INTER_2617313832,2617313832,Intersección 2617313832,-17.4088919,-66.2777816,interseccion
INTER_2617313833,2617313833,Intersección 2617313833,-17.4088916,-66.2777054,interseccion
INTER_2617313834,2617313834,Intersección 2617313834,-17.4088913,-66.2754947,interseccion
INTER_2617313925,2617313925,Intersección 2617313925,-17.4053557,-66.278346,interseccion
INTER_2617313926,2617313926,Intersección 2617313926,-17.405677,-66.2780299,interseccion
INTER_2715075861,2715075861,Intersección 2715075861,-17.3554396,-66.2331676,interseccion
INTER_2715075865,2715075865,Intersección 2715075865,-17.3570446,-66.2463354,interseccion
INTER_2715075885,2715075885,Intersección 2715075885,-17.3589287,-66.2462389,interseccion
INTER_2715075907,2715075907,Intersección 2715075907,-17.3596776,-66.2412748,interseccion
INTER_2715075909,2715075909,Intersección 2715075909,-17.3601086,-66.2409021,interseccion
INTER_2715075911,2715075911,Intersección 2715075911,-17.3604384,-66.2455214,interseccion
INTER_2715075913,2715075913,Intersección 2715075913,-17.3609622,-66.2418276,interseccion
INTER_2715075915,2715075915,Intersección 2715075915,-17.3610193,-66.2438775,interseccion
INTER_2715075919,2715075919,Intersección 2715075919,-17.3611436,-66.2422976,interseccion
INTER_2715075924,2715075924,Intersección 2715075924,-17.3621288,-66.2359626,interseccion
INTER_2975215334,2975215334,Intersección 2975215334,-17.4219901,-66.2648795,interseccion
INTER_2975215335,2975215335,Intersección 2975215335,-17.4225202,-66.2647062,interseccion
INTER_2975215337,2975215337,Intersección 2975215337,-17.4234663,-66.2641079,interseccion
INTER_2975215342,2975215342,Intersección 2975215342,-17.4247442,-66.2622646,interseccion
INTER_2975215344,2975215344,Intersección 2975215344,-17.4270134,-66.2643334,interseccion
INTER_2975215347,2975215347,Intersección 2975215347,-17.4311492,-66.2639839,interseccion
INTER_2975215349,2975215349,Intersección 2975215349,-17.434033,-66.2643223,interseccion
INTER_2981955957,2981955957,Intersección 2981955957,-17.3533824,-66.2461132,interseccion
INTER_2981955972,2981955972,Intersección 2981955972,-17.3542995,-66.249283,interseccion
INTER_2981955978,2981955978,Intersección 2981955978,-17.3550202,-66.2477318,interseccion
INTER_2981955981,2981955981,Intersección 2981955981,-17.355142,-66.2463997,interseccion
INTER_2981955984,2981955984,Intersección 2981955984,-17.3552587,-66.2449598,interseccion
INTER_2981956011,2981956011,Intersección 2981956011,-17.3565606,-66.2500064,interseccion
INTER_2981956054,2981956054,Intersección 2981956054,-17.3589215,-66.2484347,interseccion
INTER_3017415632,3017415632,Intersección 3017415632,-17.3984379,-66.2378919,interseccion
INTER_3017415833,3017415833,Intersección 3017415833,-17.3976564,-66.2381618,interseccion
INTER_3192787622,3192787622,Intersección 3192787622,-17.3873536,-66.2741598,interseccion
INTER_3192787645,3192787645,Intersección 3192787645,-17.3943285,-66.2862367,interseccion
INTER_3192787655,3192787655,Intersección 3192787655,-17.3943491,-66.286777,interseccion
INTER_3195120410,3195120410,Intersección 3195120410,-17.3928669,-66.2682498,interseccion
INTER_3257962986,3257962986,Intersección 3257962986,-17.3939796,-66.2914851,interseccion
INTER_3257962987,3257962987,Intersección 3257962987,-17.3940002,-66.2906144,interseccion
INTER_3257962999,3257962999,Intersección 3257962999,-17.3946266,-66.2917477,interseccion
INTER_3257963006,3257963006,Intersección 3257963006,-17.3946247,-66.29318,interseccion
INTER_3257963018,3257963018,Intersección 3257963018,-17.3948667,-66.2917805,interseccion
INTER_3257963027,3257963027,Intersección 3257963027,-17.3957369,-66.3110565,interseccion
INTER_3263469538,3263469538,Intersección 3263469538,-17.3928216,-66.2794619,interseccion
INTER_3362121926,3362121926,Intersección 3362121926,-17.3987743,-66.271461,interseccion
INTER_3649896048,3649896048,Intersección 3649896048,-17.3892172,-66.2358196,interseccion
INTER_3649896051,3649896051,Intersección 3649896051,-17.3907488,-66.2386826,interseccion
INTER_3649896052,3649896052,Intersección 3649896052,-17.3908414,-66.236584,interseccion
INTER_3649896053,3649896053,Intersección 3649896053,-17.3909256,-66.2345897,interseccion
INTER_3675144109,3675144109,Intersección 3675144109,-17.3829911,-66.23647,interseccion
INTER_3677020739,3677020739,Intersección 3677020739,-17.3527303,-66.2852574,interseccion
INTER_3677020740,3677020740,Intersección 3677020740,-17.3541807,-66.2851113,interseccion
INTER_3677020741,3677020741,Intersección 3677020741,-17.3550992,-66.2850189,interseccion
INTER_3677020742,3677020742,Intersección 3677020742,-17.3541348,-66.2845542,interseccion
INTER_3677020743,3677020743,Intersección 3677020743,-17.3542421,-66.2851052,interseccion
INTER_3677020744,3677020744,Intersección 3677020744,-17.3543003,-66.2856717,interseccion
INTER_3677020747,3677020747,Intersección 3677020747,-17.3540144,-66.2856982,interseccion
INTER_3677020749,3677020749,Intersección 3677020749,-17.3550587,-66.2844664,interseccion
INTER_3677020750,3677020750,Intersección 3677020750,-17.3551314,-66.2854596,interseccion
INTER_3677020752,3677020752,Intersección 3677020752,-17.3595226,-66.284147,interseccion
INTER_3677020775,3677020775,Intersección 3677020775,-17.3635974,-66.2840192,interseccion
INTER_3677020781,3677020781,Intersección 3677020781,-17.3757181,-66.2848974,interseccion
INTER_3677020782,3677020782,Intersección 3677020782,-17.3726536,-66.2830647,interseccion
INTER_3677020783,3677020783,Intersección 3677020783,-17.3725196,-66.2840084,interseccion
INTER_3677020785,3677020785,Intersección 3677020785,-17.372533,-66.2845408,interseccion
INTER_3677020786,3677020786,Intersección 3677020786,-17.3764963,-66.2831715,interseccion
INTER_3677020787,3677020787,Intersección 3677020787,-17.3770699,-66.2833182,interseccion
INTER_3677020788,3677020788,Intersección 3677020788,-17.3770654,-66.283413,interseccion
INTER_3677020789,3677020789,Intersección 3677020789,-17.3808928,-66.2835936,interseccion
INTER_3677020790,3677020790,Intersección 3677020790,-17.3809152,-66.2848474,interseccion
INTER_3684250452,3684250452,Intersección 3684250452,-17.4117182,-66.2313634,interseccion
INTER_3685892705,3685892705,Intersección 3685892705,-17.4120246,-66.2418188,interseccion
INTER_3685892709,3685892709,Intersección 3685892709,-17.4123276,-66.241589,interseccion
INTER_3685893350,3685893350,Intersección 3685893350,-17.4145817,-66.2509908,interseccion
INTER_3685893370,3685893370,Intersección 3685893370,-17.4149952,-66.2471619,interseccion
INTER_3685893460,3685893460,Intersección 3685893460,-17.4160062,-66.2527649,interseccion
INTER_3685893467,3685893467,Intersección 3685893467,-17.41612,-66.2457296,interseccion
INTER_3685893477,3685893477,Intersección 3685893477,-17.4161797,-66.252065,interseccion
INTER_3685893486,3685893486,Intersección 3685893486,-17.4163133,-66.2456771,interseccion
INTER_3685893492,3685893492,Intersección 3685893492,-17.4164897,-66.2501993,interseccion
INTER_3685893500,3685893500,Intersección 3685893500,-17.41698,-66.2476073,interseccion
INTER_3685893507,3685893507,Intersección 3685893507,-17.4167024,-66.2491261,interseccion
INTER_3685893537,3685893537,Intersección 3685893537,-17.4170217,-66.2448331,interseccion
INTER_3685893546,3685893546,Intersección 3685893546,-17.4171315,-66.2458023,interseccion
INTER_3685893553,3685893553,Intersección 3685893553,-17.4172771,-66.2512289,interseccion
INTER_3685893572,3685893572,Intersección 3685893572,-17.4182164,-66.2524997,interseccion
INTER_3685893574,3685893574,Intersección 3685893574,-17.4180034,-66.2321043,interseccion
INTER_3685893582,3685893582,Intersección 3685893582,-17.4186438,-66.2494913,interseccion
INTER_3685893591,3685893591,Intersección 3685893591,-17.4198648,-66.2479519,interseccion
INTER_3685893600,3685893600,Intersección 3685893600,-17.4204118,-66.248781,interseccion
INTER_3685893605,3685893605,Intersección 3685893605,-17.4210018,-66.2499874,interseccion
INTER_3685893611,3685893611,Intersección 3685893611,-17.4211331,-66.2500071,interseccion
INTER_3685893617,3685893617,Intersección 3685893617,-17.4222088,-66.2503137,interseccion
INTER_3685893665,3685893665,Intersección 3685893665,-17.4237325,-66.2479239,interseccion
INTER_3686014205,3686014205,Intersección 3686014205,-17.4183363,-66.242045,interseccion
INTER_3686022957,3686022957,Intersección 3686022957,-17.4189218,-66.2333796,interseccion
INTER_3686022966,3686022966,Intersección 3686022966,-17.4190369,-66.2339051,interseccion
INTER_3686022984,3686022984,Intersección 3686022984,-17.419791,-66.2427,interseccion
INTER_3686022986,3686022986,Intersección 3686022986,-17.4198048,-66.2420526,interseccion
INTER_3700161851,3700161851,Intersección 3700161851,-17.4211087,-66.2794523,interseccion
INTER_3700161940,3700161940,Intersección 3700161940,-17.4227158,-66.2850775,interseccion
INTER_3700173915,3700173915,Intersección 3700173915,-17.4185802,-66.2835764,interseccion
INTER_3700232952,3700232952,Intersección 3700232952,-17.4020271,-66.2788754,interseccion
INTER_3700232957,3700232957,Intersección 3700232957,-17.4020747,-66.2799982,interseccion
INTER_3700232960,3700232960,Intersección 3700232960,-17.4020472,-66.281213,interseccion
INTER_3700232962,3700232962,Intersección 3700232962,-17.4017296,-66.2775518,interseccion
INTER_3700232964,3700232964,Intersección 3700232964,-17.4007469,-66.2738645,interseccion
INTER_3804474298,3804474298,Intersección 3804474298,-17.4209593,-66.323163,interseccion
INTER_3804474533,3804474533,Intersección 3804474533,-17.4328201,-66.3202513,interseccion
INTER_3804474534,3804474534,Intersección 3804474534,-17.432805,-66.3189075,interseccion
INTER_3804474538,3804474538,Intersección 3804474538,-17.4328504,-66.3201145,interseccion
INTER_3804474568,3804474568,Intersección 3804474568,-17.4334405,-66.316624,interseccion
INTER_3804474612,3804474612,Intersección 3804474612,-17.4358083,-66.3206856,interseccion
INTER_3804474618,3804474618,Intersección 3804474618,-17.4360273,-66.3208412,interseccion
INTER_3811530746,3811530746,Intersección 3811530746,-17.3898373,-66.2895229,interseccion
INTER_3811530747,3811530747,Intersección 3811530747,-17.3903255,-66.2895206,interseccion
INTER_3811530748,3811530748,Intersección 3811530748,-17.3906993,-66.2895142,interseccion
INTER_3811530751,3811530751,Intersección 3811530751,-17.3910935,-66.2896342,interseccion
INTER_3811530753,3811530753,Intersección 3811530753,-17.3912399,-66.2896942,interseccion
INTER_3811531558,3811531558,Intersección 3811531558,-17.3918804,-66.2902486,interseccion
INTER_3811531563,3811531563,Intersección 3811531563,-17.3923122,-66.2906214,interseccion
INTER_3811531654,3811531654,Intersección 3811531654,-17.3949945,-66.2916231,interseccion
INTER_3811531662,3811531662,Intersección 3811531662,-17.3967398,-66.2906688,interseccion
INTER_3811531663,3811531663,Intersección 3811531663,-17.3973958,-66.290689,interseccion
INTER_3811531666,3811531666,Intersección 3811531666,-17.3979131,-66.2916808,interseccion
INTER_3821231876,3821231876,Intersección 3821231876,-17.3750919,-66.325362,interseccion
INTER_3821232013,3821232013,Intersección 3821232013,-17.3791864,-66.3183363,interseccion
INTER_3821232107,3821232107,Intersección 3821232107,-17.3824348,-66.3179555,interseccion
INTER_3821232113,3821232113,Intersección 3821232113,-17.3827744,-66.3198772,interseccion
INTER_3821232262,3821232262,Intersección 3821232262,-17.3839137,-66.3207872,interseccion
INTER_3821232266,3821232266,Intersección 3821232266,-17.3842422,-66.3219803,interseccion
INTER_3821232272,3821232272,Intersección 3821232272,-17.3844234,-66.3250736,interseccion
INTER_3821232306,3821232306,Intersección 3821232306,-17.3857883,-66.3205311,interseccion
INTER_3821232418,3821232418,Intersección 3821232418,-17.3932532,-66.3239788,interseccion
INTER_3821232446,3821232446,Intersección 3821232446,-17.3945951,-66.3238955,interseccion
INTER_3821232456,3821232456,Intersección 3821232456,-17.3948396,-66.3253992,interseccion
INTER_3821232536,3821232536,Intersección 3821232536,-17.3890732,-66.3229074,interseccion
INTER_3821232554,3821232554,Intersección 3821232554,-17.3895596,-66.3180635,interseccion
INTER_3821232557,3821232557,Intersección 3821232557,-17.3895889,-66.3226611,interseccion
INTER_3821232568,3821232568,Intersección 3821232568,-17.3897355,-66.3186937,interseccion
INTER_3821232603,3821232603,Intersección 3821232603,-17.3903865,-66.3186198,interseccion
INTER_3821232604,3821232604,Intersección 3821232604,-17.3903942,-66.3209253,interseccion
INTER_3821232619,3821232619,Intersección 3821232619,-17.3907801,-66.3221684,interseccion
INTER_3821232645,3821232645,Intersección 3821232645,-17.3910015,-66.3185013,interseccion
INTER_3821232651,3821232651,Intersección 3821232651,-17.3910215,-66.3207533,interseccion
INTER_3821232657,3821232657,Intersección 3821232657,-17.3912035,-66.3252173,interseccion
INTER_3821232661,3821232661,Intersección 3821232661,-17.3913601,-66.3219041,interseccion
INTER_3821232662,3821232662,Intersección 3821232662,-17.3913661,-66.3237527,interseccion
INTER_3821233101,3821233101,Intersección 3821233101,-17.3969972,-66.3249623,interseccion
INTER_3821233113,3821233113,Intersección 3821233113,-17.3973544,-66.3217321,interseccion
INTER_3821233143,3821233143,Intersección 3821233143,-17.3989896,-66.3215435,interseccion
INTER_3821233152,3821233152,Intersección 3821233152,-17.3995125,-66.3223515,interseccion
INTER_3821233276,3821233276,Intersección 3821233276,-17.4001815,-66.321915,interseccion
INTER_3821233313,3821233313,Intersección 3821233313,-17.4018622,-66.3220246,interseccion
INTER_3821233316,3821233316,Intersección 3821233316,-17.40213,-66.3225483,interseccion
INTER_3821233328,3821233328,Intersección 3821233328,-17.4022033,-66.3229393,interseccion
INTER_3821233340,3821233340,Intersección 3821233340,-17.4027429,-66.321785,interseccion
INTER_3821233343,3821233343,Intersección 3821233343,-17.4028516,-66.3222242,interseccion
INTER_3821233578,3821233578,Intersección 3821233578,-17.4043475,-66.3213046,interseccion
INTER_3821276606,3821276606,Intersección 3821276606,-17.4284123,-66.3227466,interseccion
INTER_3821276612,3821276612,Intersección 3821276612,-17.4313254,-66.3245399,interseccion
INTER_3821276613,3821276613,Intersección 3821276613,-17.4321903,-66.3225661,interseccion
INTER_3821276623,3821276623,Intersección 3821276623,-17.4346869,-66.3238764,interseccion
INTER_3821276647,3821276647,Intersección 3821276647,-17.4370535,-66.3250992,interseccion
INTER_3880715071,3880715071,Intersección 3880715071,-17.3908024,-66.2480154,interseccion
INTER_3880715082,3880715082,Intersección 3880715082,-17.3936332,-66.2489092,interseccion
INTER_3880715086,3880715086,Intersección 3880715086,-17.3965121,-66.2488473,interseccion
INTER_3880715087,3880715087,Intersección 3880715087,-17.3958161,-66.2488547,interseccion
INTER_3880715088,3880715088,Intersección 3880715088,-17.3947327,-66.2488923,interseccion
INTER_3880715091,3880715091,Intersección 3880715091,-17.3987031,-66.2484214,interseccion
INTER_3880715119,3880715119,Intersección 3880715119,-17.3956224,-66.2487795,interseccion
INTER_3880715129,3880715129,Intersección 3880715129,-17.3952973,-66.2477064,interseccion
INTER_3880715134,3880715134,Intersección 3880715134,-17.3908638,-66.2489476,interseccion
INTER_3880715143,3880715143,Intersección 3880715143,-17.3910156,-66.2490276,interseccion
INTER_3880715151,3880715151,Intersección 3880715151,-17.3853138,-66.2508256,interseccion
INTER_3880715154,3880715154,Intersección 3880715154,-17.3841157,-66.2509335,interseccion
INTER_3881280447,3881280447,Intersección 3881280447,-17.3934258,-66.2579911,interseccion
INTER_3915785748,3915785748,Intersección 3915785748,-17.3560166,-66.3041105,interseccion
INTER_3915785752,3915785752,Intersección 3915785752,-17.3566202,-66.3061708,interseccion
INTER_3957625553,3957625553,Intersección 3957625553,-17.349305,-66.2360554,interseccion
INTER_4015826701,4015826701,Intersección 4015826701,-17.3806917,-66.2647787,interseccion
INTER_4015826702,4015826702,Intersección 4015826702,-17.3810226,-66.2673747,interseccion
INTER_4015826704,4015826704,Intersección 4015826704,-17.3842017,-66.2647676,interseccion
INTER_4015826705,4015826705,Intersección 4015826705,-17.3861085,-66.2648239,interseccion
INTER_4015826711,4015826711,Intersección 4015826711,-17.4014221,-66.2763966,interseccion
INTER_4051113024,4051113024,Intersección 4051113024,-17.4013854,-66.3156867,interseccion
INTER_4051113036,4051113036,Intersección 4051113036,-17.3990904,-66.3205045,interseccion
INTER_4051113077,4051113077,Intersección 4051113077,-17.399211,-66.3125798,interseccion
INTER_4051113082,4051113082,Intersección 4051113082,-17.3991167,-66.3145445,interseccion
INTER_4051113086,4051113086,Intersección 4051113086,-17.3990047,-66.3159808,interseccion
INTER_4079416456,4079416456,Intersección 4079416456,-17.3819101,-66.2513721,interseccion
INTER_4106769759,4106769759,Intersección 4106769759,-17.348173,-66.2912523,interseccion
INTER_4106769777,4106769777,Intersección 4106769777,-17.3495274,-66.2931252,interseccion
INTER_4106780026,4106780026,Intersección 4106780026,-17.3540855,-66.2882216,interseccion
INTER_4106780039,4106780039,Intersección 4106780039,-17.3555193,-66.2903173,interseccion
INTER_4113102047,4113102047,Intersección 4113102047,-17.3660468,-66.2347521,interseccion
INTER_4113102048,4113102048,Intersección 4113102048,-17.3668557,-66.2348265,interseccion
INTER_4113102080,4113102080,Intersección 4113102080,-17.3657446,-66.2380161,interseccion
INTER_4113102789,4113102789,Intersección 4113102789,-17.3640661,-66.2325876,interseccion
INTER_4113102791,4113102791,Intersección 4113102791,-17.3635921,-66.2315439,interseccion
INTER_4113102793,4113102793,Intersección 4113102793,-17.3624665,-66.2314441,interseccion
INTER_4113102794,4113102794,Intersección 4113102794,-17.3600183,-66.2312679,interseccion
INTER_4113102802,4113102802,Intersección 4113102802,-17.3713897,-66.2323295,interseccion
INTER_4160023134,4160023134,Intersección 4160023134,-17.397228,-66.3039123,interseccion
INTER_4160023135,4160023135,Intersección 4160023135,-17.3972473,-66.3054536,interseccion
INTER_4160023137,4160023137,Intersección 4160023137,-17.3955418,-66.3054061,interseccion
INTER_4160023140,4160023140,Intersección 4160023140,-17.3979524,-66.3055007,interseccion
INTER_4160023141,4160023141,Intersección 4160023141,-17.3972452,-66.3045837,interseccion
INTER_4160023143,4160023143,Intersección 4160023143,-17.3979342,-66.3045777,interseccion
INTER_4160023146,4160023146,Intersección 4160023146,-17.3997223,-66.3045623,interseccion
INTER_4160023172,4160023172,Intersección 4160023172,-17.3981844,-66.3100304,interseccion
INTER_4160023173,4160023173,Intersección 4160023173,-17.3988059,-66.3100175,interseccion
INTER_4160023175,4160023175,Intersección 4160023175,-17.3973947,-66.3100287,interseccion
INTER_4160023176,4160023176,Intersección 4160023176,-17.3981623,-66.3080547,interseccion
INTER_4160023181,4160023181,Intersección 4160023181,-17.3988599,-66.3080599,interseccion
INTER_4160023183,4160023183,Intersección 4160023183,-17.3984665,-66.3024575,interseccion
INTER_4160023186,4160023186,Intersección 4160023186,-17.3975163,-66.3031663,interseccion
INTER_4160023187,4160023187,Intersección 4160023187,-17.3980585,-66.3031626,interseccion
INTER_4160023188,4160023188,Intersección 4160023188,-17.3979233,-66.3039153,interseccion
INTER_4160023692,4160023692,Intersección 4160023692,-17.4015806,-66.3037645,interseccion
INTER_4160023697,4160023697,Intersección 4160023697,-17.4049881,-66.3039933,interseccion
INTER_4160023700,4160023700,Intersección 4160023700,-17.4056744,-66.3040638,interseccion
INTER_4160023714,4160023714,Intersección 4160023714,-17.3957548,-66.3092743,interseccion
INTER_4160023717,4160023717,Intersección 4160023717,-17.3986319,-66.3045716,interseccion
INTER_4160023718,4160023718,Intersección 4160023718,-17.398623,-66.303919,interseccion
INTER_4160023719,4160023719,Intersección 4160023719,-17.3980003,-66.3069184,interseccion
INTER_4160023721,4160023721,Intersección 4160023721,-17.3956224,-66.3069208,interseccion
INTER_4209316570,4209316570,Intersección 4209316570,-17.3987979,-66.2503158,interseccion
INTER_4209316571,4209316571,Intersección 4209316571,-17.3987848,-66.2507614,interseccion
INTER_4209316573,4209316573,Intersección 4209316573,-17.3987618,-66.251549,interseccion
INTER_4209316575,4209316575,Intersección 4209316575,-17.3985697,-66.2527922,interseccion
INTER_4209316578,4209316578,Intersección 4209316578,-17.3987026,-66.2531875,interseccion
INTER_4209321374,4209321374,Intersección 4209321374,-17.4121918,-66.2722796,interseccion
INTER_4209326318,4209326318,Intersección 4209326318,-17.4252056,-66.2888664,interseccion
INTER_4210233447,4210233447,Intersección 4210233447,-17.3936017,-66.2401509,interseccion
INTER_4210233448,4210233448,Intersección 4210233448,-17.3941382,-66.2401038,interseccion
INTER_4210234111,4210234111,Intersección 4210234111,-17.4071725,-66.2323251,interseccion
INTER_4265472822,4265472822,Intersección 4265472822,-17.3886387,-66.2884773,interseccion
INTER_4265472824,4265472824,Intersección 4265472824,-17.3886795,-66.2890118,interseccion
INTER_4265472825,4265472825,Intersección 4265472825,-17.3908162,-66.2855311,interseccion
INTER_4265472856,4265472856,Intersección 4265472856,-17.3869262,-66.2896345,interseccion
INTER_4265472858,4265472858,Intersección 4265472858,-17.3851949,-66.2880588,interseccion
INTER_4317735437,4317735437,Intersección 4317735437,-17.3883412,-66.2470042,interseccion
INTER_4320722283,4320722283,Intersección 4320722283,-17.3850744,-66.2675493,interseccion
INTER_4320722284,4320722284,Intersección 4320722284,-17.3844542,-66.2675217,interseccion
INTER_4320722285,4320722285,Intersección 4320722285,-17.3839242,-66.2675044,interseccion
INTER_4320722286,4320722286,Intersección 4320722286,-17.3834285,-66.2674888,interseccion
INTER_4331600187,4331600187,Intersección 4331600187,-17.4128502,-66.2655595,interseccion
INTER_4340534383,4340534383,Intersección 4340534383,-17.3970439,-66.2339264,interseccion
INTER_4340534513,4340534513,Intersección 4340534513,-17.3992952,-66.231784,interseccion
INTER_4382907699,4382907699,Intersección 4382907699,-17.3747812,-66.2778283,interseccion
INTER_4382907700,4382907700,Intersección 4382907700,-17.3748525,-66.2747677,interseccion
INTER_4382907702,4382907702,Intersección 4382907702,-17.3751554,-66.2756538,interseccion
INTER_4382907705,4382907705,Intersección 4382907705,-17.3754368,-66.2764595,interseccion
INTER_4382907706,4382907706,Intersección 4382907706,-17.37561,-66.2747743,interseccion
INTER_4382907709,4382907709,Intersección 4382907709,-17.3757559,-66.2705629,interseccion
INTER_4382907710,4382907710,Intersección 4382907710,-17.3757531,-66.2756207,interseccion
INTER_4382907712,4382907712,Intersección 4382907712,-17.3759069,-66.2756193,interseccion
INTER_4382907714,4382907714,Intersección 4382907714,-17.3759699,-66.2763926,interseccion
INTER_4382907721,4382907721,Intersección 4382907721,-17.3761552,-66.2747658,interseccion
INTER_4382907725,4382907725,Intersección 4382907725,-17.3763359,-66.2764073,interseccion
INTER_4382907727,4382907727,Intersección 4382907727,-17.3764729,-66.2755756,interseccion
INTER_4382907736,4382907736,Intersección 4382907736,-17.3767233,-66.2747508,interseccion
INTER_4382907737,4382907737,Intersección 4382907737,-17.3771477,-66.2705372,interseccion
INTER_4382907740,4382907740,Intersección 4382907740,-17.3777629,-66.2735692,interseccion
INTER_4382907741,4382907741,Intersección 4382907741,-17.3777215,-66.2723881,interseccion
INTER_4382907744,4382907744,Intersección 4382907744,-17.3778066,-66.2746337,interseccion
INTER_4382907748,4382907748,Intersección 4382907748,-17.3792065,-66.2745268,interseccion
INTER_4382907752,4382907752,Intersección 4382907752,-17.3795867,-66.2698984,interseccion
INTER_4382907755,4382907755,Intersección 4382907755,-17.3803016,-66.2726379,interseccion
INTER_4382907756,4382907756,Intersección 4382907756,-17.3803637,-66.273813,interseccion
INTER_4382907757,4382907757,Intersección 4382907757,-17.3803926,-66.274456,interseccion
INTER_4382907761,4382907761,Intersección 4382907761,-17.3808583,-66.2744339,interseccion
INTER_4382907765,4382907765,Intersección 4382907765,-17.3815383,-66.2729143,interseccion
INTER_4382907766,4382907766,Intersección 4382907766,-17.3816105,-66.2737426,interseccion
INTER_4382907768,4382907768,Intersección 4382907768,-17.3816647,-66.2743649,interseccion
INTER_4382907769,4382907769,Intersección 4382907769,-17.3819249,-66.2735043,interseccion
INTER_4382907770,4382907770,Intersección 4382907770,-17.3825186,-66.273469,interseccion
INTER_4382907772,4382907772,Intersección 4382907772,-17.3825948,-66.274353,interseccion
INTER_4382907773,4382907773,Intersección 4382907773,-17.382681,-66.2699636,interseccion
INTER_4382907783,4382907783,Intersección 4382907783,-17.3834446,-66.2680511,interseccion
INTER_4382907793,4382907793,Intersección 4382907793,-17.3849264,-66.2680826,interseccion
INTER_4382907794,4382907794,Intersección 4382907794,-17.385082,-66.269776,interseccion
INTER_4382907795,4382907795,Intersección 4382907795,-17.3851898,-66.2699186,interseccion
INTER_4382907796,4382907796,Intersección 4382907796,-17.3865327,-66.2709002,interseccion
INTER_4382907797,4382907797,Intersección 4382907797,-17.3865577,-66.271955,interseccion
INTER_4382907801,4382907801,Intersección 4382907801,-17.3869392,-66.2697421,interseccion
INTER_4382907835,4382907835,Intersección 4382907835,-17.3884705,-66.2688218,interseccion
INTER_4382907837,4382907837,Intersección 4382907837,-17.3885488,-66.2699092,interseccion
INTER_4382907841,4382907841,Intersección 4382907841,-17.3886533,-66.2697735,interseccion
INTER_4382907863,4382907863,Intersección 4382907863,-17.391082,-66.2683575,interseccion
INTER_4382907867,4382907867,Intersección 4382907867,-17.3911497,-66.2689428,interseccion
INTER_4382907889,4382907889,Intersección 4382907889,-17.3920935,-66.26202,interseccion
INTER_4382907895,4382907895,Intersección 4382907895,-17.3923822,-66.2649543,interseccion
INTER_4382907906,4382907906,Intersección 4382907906,-17.3926823,-66.2678255,interseccion
INTER_4382907913,4382907913,Intersección 4382907913,-17.3927573,-66.2687974,interseccion
INTER_4382907914,4382907914,Intersección 4382907914,-17.3927914,-66.2649912,interseccion
INTER_4382907916,4382907916,Intersección 4382907916,-17.3929245,-66.266316,interseccion
INTER_4382907918,4382907918,Intersección 4382907918,-17.3928552,-66.2699472,interseccion
INTER_4382907919,4382907919,Intersección 4382907919,-17.3928988,-66.2701042,interseccion
INTER_4382907934,4382907934,Intersección 4382907934,-17.3930105,-66.2712226,interseccion
INTER_4382907941,4382907941,Intersección 4382907941,-17.3931139,-66.272292,interseccion
INTER_4382907947,4382907947,Intersección 4382907947,-17.3933159,-66.2701184,interseccion
INTER_4382907951,4382907951,Intersección 4382907951,-17.3933432,-66.2645397,interseccion
INTER_4382907954,4382907954,Intersección 4382907954,-17.3934084,-66.2711547,interseccion
INTER_4382907959,4382907959,Intersección 4382907959,-17.3935201,-66.2650365,interseccion
INTER_4382907969,4382907969,Intersección 4382907969,-17.3946618,-66.2730559,interseccion
INTER_4382907970,4382907970,Intersección 4382907970,-17.3946707,-66.272963,interseccion
INTER_4382907971,4382907971,Intersección 4382907971,-17.3946947,-66.2731247,interseccion
INTER_4382907972,4382907972,Intersección 4382907972,-17.3947261,-66.27307,interseccion
INTER_4382907973,4382907973,Intersección 4382907973,-17.3947369,-66.2729747,interseccion
INTER_4405983153,4405983153,Intersección 4405983153,-17.3534163,-66.2387717,interseccion
INTER_4405983154,4405983154,Intersección 4405983154,-17.3601051,-66.2322685,interseccion
INTER_4405983155,4405983155,Intersección 4405983155,-17.3589241,-66.2321907,interseccion
INTER_4405983156,4405983156,Intersección 4405983156,-17.358845,-66.2321737,interseccion
INTER_4476210494,4476210494,Intersección 4476210494,-17.3887062,-66.2398765,interseccion
INTER_4509962931,4509962931,Intersección 4509962931,-17.3974509,-66.268104,interseccion
INTER_4509962933,4509962933,Intersección 4509962933,-17.3976157,-66.2694039,interseccion
INTER_4509962935,4509962935,Intersección 4509962935,-17.3976568,-66.2685861,interseccion
INTER_4509962936,4509962936,Intersección 4509962936,-17.3978209,-66.270138,interseccion
INTER_4509962937,4509962937,Intersección 4509962937,-17.3981437,-66.2694074,interseccion
INTER_4509962957,4509962957,Intersección 4509962957,-17.3990218,-66.2671887,interseccion
INTER_4509962971,4509962971,Intersección 4509962971,-17.3995019,-66.2686716,interseccion
INTER_4509962973,4509962973,Intersección 4509962973,-17.3995402,-66.2678459,interseccion
INTER_4509962978,4509962978,Intersección 4509962978,-17.39983,-66.2699802,interseccion
INTER_4509963003,4509963003,Intersección 4509963003,-17.4019762,-66.2781446,interseccion
INTER_4509963019,4509963019,Intersección 4509963019,-17.402129,-66.2788845,interseccion
INTER_4509963020,4509963020,Intersección 4509963020,-17.4021584,-66.2812313,interseccion
INTER_4509963022,4509963022,Intersección 4509963022,-17.4021762,-66.2793821,interseccion
INTER_4509963024,4509963024,Intersección 4509963024,-17.4021796,-66.2799976,interseccion
INTER_4509963034,4509963034,Intersección 4509963034,-17.4029539,-66.279461,interseccion
INTER_4509963036,4509963036,Intersección 4509963036,-17.4053316,-66.2779977,interseccion
INTER_4571009821,4571009821,Intersección 4571009821,-17.3988363,-66.266126,interseccion
INTER_4571009825,4571009825,Intersección 4571009825,-17.3985454,-66.2649596,interseccion
INTER_4571009828,4571009828,Intersección 4571009828,-17.3970323,-66.2659084,interseccion
INTER_4571009835,4571009835,Intersección 4571009835,-17.3971118,-66.2648445,interseccion
INTER_4571009853,4571009853,Intersección 4571009853,-17.4036456,-66.2668401,interseccion
INTER_4571009886,4571009886,Intersección 4571009886,-17.4029509,-66.2719059,interseccion
INTER_4571010204,4571010204,Intersección 4571010204,-17.4121855,-66.2721961,interseccion
INTER_4571010206,4571010206,Intersección 4571010206,-17.4103496,-66.2719968,interseccion
INTER_4571010207,4571010207,Intersección 4571010207,-17.4103652,-66.2709102,interseccion
INTER_4571010208,4571010208,Intersección 4571010208,-17.4115526,-66.2719995,interseccion
INTER_4571010209,4571010209,Intersección 4571010209,-17.4103623,-66.271455,interseccion
INTER_4571010210,4571010210,Intersección 4571010210,-17.4115718,-66.2714521,interseccion
INTER_4571010211,4571010211,Intersección 4571010211,-17.4095048,-66.275386,interseccion
INTER_4571010212,4571010212,Intersección 4571010212,-17.4095429,-66.2749707,interseccion
INTER_4571010213,4571010213,Intersección 4571010213,-17.4094713,-66.2757513,interseccion
INTER_4571010231,4571010231,Intersección 4571010231,-17.4102852,-66.2764674,interseccion
INTER_4571010233,4571010233,Intersección 4571010233,-17.4102673,-66.2771299,interseccion
INTER_4571010234,4571010234,Intersección 4571010234,-17.4090275,-66.2771058,interseccion
INTER_4571010265,4571010265,Intersección 4571010265,-17.4036613,-66.2735001,interseccion
INTER_4571010267,4571010267,Intersección 4571010267,-17.40091,-66.2737532,interseccion
INTER_4571010269,4571010269,Intersección 4571010269,-17.4007229,-66.2729732,interseccion
INTER_4571961260,4571961260,Intersección 4571961260,-17.3915474,-66.2522758,interseccion
INTER_4571961261,4571961261,Intersección 4571961261,-17.3916021,-66.2528687,interseccion
INTER_4571961262,4571961262,Intersección 4571961262,-17.3916326,-66.2532125,interseccion
INTER_4571961263,4571961263,Intersección 4571961263,-17.3917822,-66.2548107,interseccion
INTER_4571961264,4571961264,Intersección 4571961264,-17.3919108,-66.2560619,interseccion
INTER_4571961268,4571961268,Intersección 4571961268,-17.3920993,-66.2579464,interseccion
INTER_4571961277,4571961277,Intersección 4571961277,-17.3895932,-66.2573004,interseccion
INTER_4571961293,4571961293,Intersección 4571961293,-17.3922694,-66.2596399,interseccion
INTER_4571961312,4571961312,Intersección 4571961312,-17.3912411,-66.2504496,interseccion
INTER_4571961323,4571961323,Intersección 4571961323,-17.3859945,-66.2564553,interseccion
INTER_4571961346,4571961346,Intersección 4571961346,-17.3870997,-66.2594194,interseccion
INTER_4571961347,4571961347,Intersección 4571961347,-17.385832,-66.2593746,interseccion
INTER_4571961353,4571961353,Intersección 4571961353,-17.3863847,-66.2549267,interseccion
INTER_4571961354,4571961354,Intersección 4571961354,-17.3865441,-66.2549691,interseccion
INTER_4571961356,4571961356,Intersección 4571961356,-17.3846652,-66.2565627,interseccion
INTER_4571961357,4571961357,Intersección 4571961357,-17.3845453,-66.2579628,interseccion
INTER_4571961358,4571961358,Intersección 4571961358,-17.3844847,-66.2585152,interseccion
INTER_4571961365,4571961365,Intersección 4571961365,-17.383429,-66.2578532,interseccion
INTER_4571961374,4571961374,Intersección 4571961374,-17.384964,-66.2548937,interseccion
INTER_4571961375,4571961375,Intersección 4571961375,-17.3857647,-66.2549629,interseccion
INTER_4571961376,4571961376,Intersección 4571961376,-17.3849807,-66.2546205,interseccion
INTER_4571961377,4571961377,Intersección 4571961377,-17.3858128,-66.2546797,interseccion
INTER_4571961390,4571961390,Intersección 4571961390,-17.3858957,-66.2528018,interseccion
INTER_4571961393,4571961393,Intersección 4571961393,-17.3902465,-66.2595068,interseccion
INTER_4571961394,4571961394,Intersección 4571961394,-17.3819489,-66.2605588,interseccion
INTER_4571961395,4571961395,Intersección 4571961395,-17.3832296,-66.2600998,interseccion
INTER_4571961396,4571961396,Intersección 4571961396,-17.3831417,-66.2612526,interseccion
INTER_4571961397,4571961397,Intersección 4571961397,-17.3831016,-66.2618293,interseccion
INTER_4571961398,4571961398,Intersección 4571961398,-17.3831714,-66.2606753,interseccion
INTER_4571961399,4571961399,Intersección 4571961399,-17.3832636,-66.2596352,interseccion
INTER_4571961416,4571961416,Intersección 4571961416,-17.3823864,-66.2647428,interseccion
INTER_4571961417,4571961417,Intersección 4571961417,-17.3822929,-66.2640641,interseccion
INTER_4571961418,4571961418,Intersección 4571961418,-17.3822672,-66.2629036,interseccion
INTER_4571961419,4571961419,Intersección 4571961419,-17.3815017,-66.264204,interseccion
INTER_4571961420,4571961420,Intersección 4571961420,-17.3823099,-66.2642173,interseccion
INTER_4572556624,4572556624,Intersección 4572556624,-17.3872197,-66.2938556,interseccion
INTER_4572556625,4572556625,Intersección 4572556625,-17.3885829,-66.2940343,interseccion
INTER_4572556627,4572556627,Intersección 4572556627,-17.3881553,-66.2940066,interseccion
INTER_4572556628,4572556628,Intersección 4572556628,-17.3881728,-66.2931627,interseccion
INTER_4572556630,4572556630,Intersección 4572556630,-17.3885225,-66.2948956,interseccion
INTER_4572556631,4572556631,Intersección 4572556631,-17.3892999,-66.2948836,interseccion
INTER_4572556644,4572556644,Intersección 4572556644,-17.3887147,-66.2957879,interseccion
INTER_4572556647,4572556647,Intersección 4572556647,-17.3872529,-66.2957085,interseccion
INTER_4572556648,4572556648,Intersección 4572556648,-17.387256,-66.2957607,interseccion
INTER_4572556649,4572556649,Intersección 4572556649,-17.3878002,-66.2939202,interseccion
INTER_4572556652,4572556652,Intersección 4572556652,-17.3878676,-66.2956936,interseccion
INTER_4572556653,4572556653,Intersección 4572556653,-17.3886848,-66.2949861,interseccion
INTER_4572556654,4572556654,Intersección 4572556654,-17.3894258,-66.2952695,interseccion
INTER_4572556659,4572556659,Intersección 4572556659,-17.3881635,-66.2947869,interseccion
INTER_4572556677,4572556677,Intersección 4572556677,-17.3861191,-66.2932516,interseccion
INTER_4572556678,4572556678,Intersección 4572556678,-17.3872151,-66.2920096,interseccion
INTER_4572556681,4572556681,Intersección 4572556681,-17.3860854,-66.2920616,interseccion
INTER_4572556686,4572556686,Intersección 4572556686,-17.3854336,-66.2912947,interseccion
INTER_4572556687,4572556687,Intersección 4572556687,-17.3861838,-66.2925902,interseccion
INTER_4572556688,4572556688,Intersección 4572556688,-17.3871714,-66.292549,interseccion
INTER_4572560889,4572560889,Intersección 4572560889,-17.3862197,-66.2927937,interseccion
INTER_4572560890,4572560890,Intersección 4572560890,-17.3871293,-66.2933267,interseccion
INTER_4572560898,4572560898,Intersección 4572560898,-17.3884748,-66.2919757,interseccion
INTER_4572560901,4572560901,Intersección 4572560901,-17.3871766,-66.292498,interseccion
INTER_4572560902,4572560902,Intersección 4572560902,-17.3876304,-66.2931459,interseccion
INTER_4573875436,4573875436,Intersección 4573875436,-17.3553801,-66.2784255,interseccion
INTER_4573875437,4573875437,Intersección 4573875437,-17.3577056,-66.2773714,interseccion
INTER_4573875438,4573875438,Intersección 4573875438,-17.3577464,-66.2783138,interseccion
INTER_4573875439,4573875439,Intersección 4573875439,-17.3577837,-66.2790352,interseccion
INTER_4573875440,4573875440,Intersección 4573875440,-17.357815,-66.279707,interseccion
INTER_4573875442,4573875442,Intersección 4573875442,-17.3586638,-66.2789907,interseccion
INTER_4573875443,4573875443,Intersección 4573875443,-17.3567049,-66.2791148,interseccion
INTER_4573875444,4573875444,Intersección 4573875444,-17.3554092,-66.2791631,interseccion
INTER_4573875445,4573875445,Intersección 4573875445,-17.3586369,-66.278255,interseccion
INTER_4573875446,4573875446,Intersección 4573875446,-17.3566867,-66.2783691,interseccion
INTER_4573875449,4573875449,Intersección 4573875449,-17.3586737,-66.2809327,interseccion
INTER_4573875451,4573875451,Intersección 4573875451,-17.3586654,-66.2796649,interseccion
INTER_4573875452,4573875452,Intersección 4573875452,-17.3567276,-66.2797639,interseccion
INTER_4573875453,4573875453,Intersección 4573875453,-17.3554423,-66.2798155,interseccion
INTER_4573875454,4573875454,Intersección 4573875454,-17.3548795,-66.2798521,interseccion
INTER_4573875455,4573875455,Intersección 4573875455,-17.3571424,-66.2797425,interseccion
INTER_4573875456,4573875456,Intersección 4573875456,-17.3561534,-66.2797858,interseccion
INTER_4573875462,4573875462,Intersección 4573875462,-17.3572404,-66.2819401,interseccion
INTER_4573875463,4573875463,Intersección 4573875463,-17.3572473,-66.2828787,interseccion
INTER_4573875467,4573875467,Intersección 4573875467,-17.3600454,-66.2795386,interseccion
INTER_4573875470,4573875470,Intersección 4573875470,-17.3583917,-66.3087264,interseccion
INTER_4573875487,4573875487,Intersección 4573875487,-17.361816,-66.3116715,interseccion
INTER_4573875490,4573875490,Intersección 4573875490,-17.3593389,-66.3123367,interseccion
INTER_4573875581,4573875581,Intersección 4573875581,-17.3484174,-66.3151369,interseccion
INTER_4573875601,4573875601,Intersección 4573875601,-17.3511925,-66.3117172,interseccion
INTER_4573875964,4573875964,Intersección 4573875964,-17.3511997,-66.3006054,interseccion
INTER_4573876590,4573876590,Intersección 4573876590,-17.3486202,-66.2963946,interseccion
INTER_4573876591,4573876591,Intersección 4573876591,-17.3492658,-66.2961276,interseccion
INTER_4573876592,4573876592,Intersección 4573876592,-17.3501728,-66.2957732,interseccion
INTER_4573876817,4573876817,Intersección 4573876817,-17.3543094,-66.3066956,interseccion
INTER_4573876819,4573876819,Intersección 4573876819,-17.3562097,-66.3047565,interseccion
INTER_4573876826,4573876826,Intersección 4573876826,-17.3517183,-66.2951621,interseccion
INTER_4573876841,4573876841,Intersección 4573876841,-17.3640093,-66.2894832,interseccion
INTER_4573876851,4573876851,Intersección 4573876851,-17.3578792,-66.2898533,interseccion
INTER_4573876852,4573876852,Intersección 4573876852,-17.3576041,-66.2899473,interseccion
INTER_4573876854,4573876854,Intersección 4573876854,-17.3577578,-66.2905937,interseccion
INTER_4573876858,4573876858,Intersección 4573876858,-17.3573993,-66.2879436,interseccion
INTER_4573876891,4573876891,Intersección 4573876891,-17.3580368,-66.2888556,interseccion
INTER_4574012516,4574012516,Intersección 4574012516,-17.4018702,-66.2874547,interseccion
INTER_4574012532,4574012532,Intersección 4574012532,-17.3996259,-66.2899721,interseccion
INTER_4574012536,4574012536,Intersección 4574012536,-17.4018245,-66.2916236,interseccion
INTER_4574012537,4574012537,Intersección 4574012537,-17.401974,-66.2917474,interseccion
INTER_4574012538,4574012538,Intersección 4574012538,-17.4042582,-66.2916532,interseccion
INTER_4574012540,4574012540,Intersección 4574012540,-17.4063862,-66.2916711,interseccion
INTER_4574012541,4574012541,Intersección 4574012541,-17.4037952,-66.2916555,interseccion
INTER_4574012542,4574012542,Intersección 4574012542,-17.404167,-66.2906617,interseccion
INTER_4574012543,4574012543,Intersección 4574012543,-17.4036887,-66.2906596,interseccion
INTER_4574012547,4574012547,Intersección 4574012547,-17.4020271,-66.2883899,interseccion
INTER_4574012553,4574012553,Intersección 4574012553,-17.4019899,-66.2899614,interseccion
INTER_4574012554,4574012554,Intersección 4574012554,-17.401975,-66.291629,interseccion
INTER_4574012570,4574012570,Intersección 4574012570,-17.4019271,-66.2942323,interseccion
INTER_4574012572,4574012572,Intersección 4574012572,-17.4018799,-66.2953003,interseccion
INTER_4574012595,4574012595,Intersección 4574012595,-17.4054365,-66.2884877,interseccion
INTER_4574012597,4574012597,Intersección 4574012597,-17.4040799,-66.2862471,interseccion
INTER_4574012607,4574012607,Intersección 4574012607,-17.4047347,-66.2906733,interseccion
INTER_4574012608,4574012608,Intersección 4574012608,-17.4046631,-66.2899799,interseccion
INTER_4574012617,4574012617,Intersección 4574012617,-17.4007101,-66.2917259,interseccion
INTER_4574012618,4574012618,Intersección 4574012618,-17.4006978,-66.2925474,interseccion
INTER_4574012619,4574012619,Intersección 4574012619,-17.3996859,-66.2916688,interseccion
INTER_4586486667,4586486667,Intersección 4586486667,-17.3904497,-66.2358101,interseccion
INTER_4586486668,4586486668,Intersección 4586486668,-17.3903654,-66.2360499,interseccion
INTER_4586486685,4586486685,Intersección 4586486685,-17.3956855,-66.2374384,interseccion
INTER_4586486686,4586486686,Intersección 4586486686,-17.3966367,-66.2385592,interseccion
INTER_4586486687,4586486687,Intersección 4586486687,-17.3966087,-66.2382722,interseccion
INTER_4586487870,4586487870,Intersección 4586487870,-17.3977559,-66.241452,interseccion
INTER_4586487876,4586487876,Intersección 4586487876,-17.393243,-66.2370045,interseccion
INTER_4586487894,4586487894,Intersección 4586487894,-17.3971708,-66.2389471,interseccion
INTER_4586487980,4586487980,Intersección 4586487980,-17.3943972,-66.2403994,interseccion
INTER_4586487981,4586487981,Intersección 4586487981,-17.3944016,-66.2413399,interseccion
INTER_4586487985,4586487985,Intersección 4586487985,-17.3793363,-66.2404073,interseccion
INTER_4586488132,4586488132,Intersección 4586488132,-17.3794392,-66.2385552,interseccion
INTER_4586488133,4586488133,Intersección 4586488133,-17.38427,-66.2322691,interseccion
INTER_4586488216,4586488216,Intersección 4586488216,-17.3910432,-66.2439758,interseccion
INTER_4586488276,4586488276,Intersección 4586488276,-17.3826656,-66.2350852,interseccion
INTER_4586488277,4586488277,Intersección 4586488277,-17.3826674,-66.235491,interseccion
INTER_4586488278,4586488278,Intersección 4586488278,-17.3830948,-66.2354845,interseccion
INTER_4586488279,4586488279,Intersección 4586488279,-17.381189,-66.2322761,interseccion
INTER_4586488280,4586488280,Intersección 4586488280,-17.3811779,-66.2318261,interseccion
INTER_4586488283,4586488283,Intersección 4586488283,-17.3827416,-66.2323273,interseccion
INTER_4586488301,4586488301,Intersección 4586488301,-17.3851603,-66.2378354,interseccion
INTER_4586488302,4586488302,Intersección 4586488302,-17.3849672,-66.2383046,interseccion
INTER_4586488303,4586488303,Intersección 4586488303,-17.3847944,-66.2387246,interseccion
INTER_4586488307,4586488307,Intersección 4586488307,-17.3846056,-66.2391833,interseccion
INTER_4586488308,4586488308,Intersección 4586488308,-17.3861359,-66.2388498,interseccion
INTER_4586488311,4586488311,Intersección 4586488311,-17.3879986,-66.2361401,interseccion
INTER_4586488312,4586488312,Intersección 4586488312,-17.3862714,-66.2361577,interseccion
INTER_4586488313,4586488313,Intersección 4586488313,-17.3871215,-66.2354978,interseccion
INTER_4586488314,4586488314,Intersección 4586488314,-17.3872762,-66.2363439,interseccion
INTER_4586488318,4586488318,Intersección 4586488318,-17.3874065,-66.2345758,interseccion
INTER_4586488319,4586488319,Intersección 4586488319,-17.3876243,-66.2340084,interseccion
INTER_4586488320,4586488320,Intersección 4586488320,-17.3891236,-66.2339977,interseccion
INTER_4586488321,4586488321,Intersección 4586488321,-17.3896645,-66.2336657,interseccion
INTER_4586488322,4586488322,Intersección 4586488322,-17.3891248,-66.2337028,interseccion
INTER_4586488324,4586488324,Intersección 4586488324,-17.3880817,-66.2329803,interseccion
INTER_4586488343,4586488343,Intersección 4586488343,-17.3873986,-66.2323195,interseccion
INTER_4586488344,4586488344,Intersección 4586488344,-17.3874726,-66.2323175,interseccion
INTER_4586488347,4586488347,Intersección 4586488347,-17.3859143,-66.2317723,interseccion
INTER_4586488349,4586488349,Intersección 4586488349,-17.3867998,-66.2337069,interseccion
INTER_4586488353,4586488353,Intersección 4586488353,-17.385967,-66.233872,interseccion
INTER_4586488357,4586488357,Intersección 4586488357,-17.3846165,-66.2342587,interseccion
INTER_4586488361,4586488361,Intersección 4586488361,-17.3854203,-66.234307,interseccion
INTER_4586488371,4586488371,Intersección 4586488371,-17.3858901,-66.2355338,interseccion
INTER_4586488375,4586488375,Intersección 4586488375,-17.3847621,-66.2355638,interseccion
INTER_4586488380,4586488380,Intersección 4586488380,-17.383871,-66.2355737,interseccion
INTER_4586488382,4586488382,Intersección 4586488382,-17.3838192,-66.236454,interseccion
INTER_4586488383,4586488383,Intersección 4586488383,-17.3886166,-66.2438141,interseccion
INTER_4586488384,4586488384,Intersección 4586488384,-17.3880874,-66.243772,interseccion
INTER_4586488419,4586488419,Intersección 4586488419,-17.3908672,-66.2461527,interseccion
INTER_4586488420,4586488420,Intersección 4586488420,-17.3878084,-66.2460478,interseccion
INTER_4586488434,4586488434,Intersección 4586488434,-17.3907168,-66.2461655,interseccion
INTER_4586488435,4586488435,Intersección 4586488435,-17.3906555,-66.2444998,interseccion
INTER_4586488451,4586488451,Intersección 4586488451,-17.3828681,-66.2463485,interseccion
INTER_4597566702,4597566702,Intersección 4597566702,-17.3862985,-66.2662807,interseccion
INTER_4597566717,4597566717,Intersección 4597566717,-17.3851129,-66.2638628,interseccion
INTER_4597566728,4597566728,Intersección 4597566728,-17.3852665,-66.2647915,interseccion
INTER_4597566729,4597566729,Intersección 4597566729,-17.3856809,-66.2675631,interseccion
INTER_4597566731,4597566731,Intersección 4597566731,-17.3846763,-66.2647864,interseccion
INTER_4597566733,4597566733,Intersección 4597566733,-17.3854396,-66.2662809,interseccion
INTER_4597566735,4597566735,Intersección 4597566735,-17.3843484,-66.2662777,interseccion
INTER_4597566736,4597566736,Intersección 4597566736,-17.3838104,-66.2662822,interseccion
INTER_4597566737,4597566737,Intersección 4597566737,-17.3836916,-66.2647473,interseccion
INTER_4597566744,4597566744,Intersección 4597566744,-17.3817483,-66.2673652,interseccion
INTER_4597566746,4597566746,Intersección 4597566746,-17.3826824,-66.2673834,interseccion
INTER_4597594283,4597594283,Intersección 4597594283,-17.3872633,-66.2698796,interseccion
INTER_4597594285,4597594285,Intersección 4597594285,-17.3855767,-66.2662831,interseccion
INTER_4597594286,4597594286,Intersección 4597594286,-17.3869249,-66.2662458,interseccion
INTER_4597594287,4597594287,Intersección 4597594287,-17.384894,-66.2662648,interseccion
INTER_4597594790,4597594790,Intersección 4597594790,-17.3815879,-66.2662541,interseccion
INTER_4597594791,4597594791,Intersección 4597594791,-17.3808708,-66.2663407,interseccion
INTER_4597594792,4597594792,Intersección 4597594792,-17.3825386,-66.266253,interseccion
INTER_4597594793,4597594793,Intersección 4597594793,-17.3809487,-66.2668895,interseccion
INTER_4597594794,4597594794,Intersección 4597594794,-17.3816508,-66.2667849,interseccion
INTER_4597594795,4597594795,Intersección 4597594795,-17.3826259,-66.2668296,interseccion
INTER_4597594796,4597594796,Intersección 4597594796,-17.3833413,-66.2667554,interseccion
INTER_4597594797,4597594797,Intersección 4597594797,-17.3831558,-66.2647231,interseccion
INTER_4597594799,4597594799,Intersección 4597594799,-17.3832809,-66.2663018,interseccion
INTER_4597594800,4597594800,Intersección 4597594800,-17.3825456,-66.266337,interseccion
INTER_4597594802,4597594802,Intersección 4597594802,-17.385569,-66.2648059,interseccion
INTER_4597594803,4597594803,Intersección 4597594803,-17.3870284,-66.2675718,interseccion
INTER_4597594804,4597594804,Intersección 4597594804,-17.3868418,-66.2648523,interseccion
INTER_4597594805,4597594805,Intersección 4597594805,-17.3869752,-66.2669695,interseccion
INTER_4597594806,4597594806,Intersección 4597594806,-17.3856814,-66.2669903,interseccion
INTER_4597594807,4597594807,Intersección 4597594807,-17.3857507,-66.2681528,interseccion
INTER_4616932802,4616932802,Intersección 4616932802,-17.3485868,-66.2948113,interseccion
INTER_4636951392,4636951392,Intersección 4636951392,-17.3981794,-66.2671246,interseccion
INTER_4636984461,4636984461,Intersección 4636984461,-17.399292,-66.284469,interseccion
INTER_4636984699,4636984699,Intersección 4636984699,-17.4032252,-66.2842714,interseccion
INTER_4636984709,4636984709,Intersección 4636984709,-17.4034716,-66.2842819,interseccion
INTER_4636984712,4636984712,Intersección 4636984712,-17.4033736,-66.2858405,interseccion
INTER_4681129928,4681129928,Intersección 4681129928,-17.3950535,-66.3226868,interseccion
INTER_4681129929,4681129929,Intersección 4681129929,-17.3950375,-66.3223585,interseccion
INTER_4681129930,4681129930,Intersección 4681129930,-17.3948785,-66.3211712,interseccion
INTER_4768964682,4768964682,Intersección 4768964682,-17.3901166,-66.2756512,interseccion
INTER_4768964683,4768964683,Intersección 4768964683,-17.3907022,-66.2756053,interseccion
INTER_4788873551,4788873551,Intersección 4788873551,-17.3515082,-66.2878361,interseccion
INTER_4788873591,4788873591,Intersección 4788873591,-17.347544,-66.2998931,interseccion
INTER_4804070259,4804070259,Intersección 4804070259,-17.3613102,-66.2876393,interseccion
INTER_4804070261,4804070261,Intersección 4804070261,-17.3576417,-66.2882741,interseccion
INTER_4804070263,4804070263,Intersección 4804070263,-17.3616241,-66.2867162,interseccion
INTER_4804070265,4804070265,Intersección 4804070265,-17.3607797,-66.2868295,interseccion
INTER_4804070283,4804070283,Intersección 4804070283,-17.3691204,-66.2848955,interseccion
INTER_4804070284,4804070284,Intersección 4804070284,-17.3684387,-66.2839304,interseccion
INTER_4804070312,4804070312,Intersección 4804070312,-17.3678404,-66.2857603,interseccion
INTER_4804071142,4804071142,Intersección 4804071142,-17.3604022,-66.2825683,interseccion
INTER_4852378079,4852378079,Intersección 4852378079,-17.3935481,-66.2510411,interseccion
INTER_4937827217,4937827217,Intersección 4937827217,-17.4148865,-66.2814863,interseccion
INTER_4937828221,4937828221,Intersección 4937828221,-17.4150553,-66.2788008,interseccion
INTER_4937828222,4937828222,Intersección 4937828222,-17.4151349,-66.2788213,interseccion
INTER_4938036881,4938036881,Intersección 4938036881,-17.3479666,-66.2561244,interseccion
INTER_4938036888,4938036888,Intersección 4938036888,-17.3483932,-66.2506592,interseccion
INTER_4938036890,4938036890,Intersección 4938036890,-17.3478053,-66.2542424,interseccion
INTER_4938036895,4938036895,Intersección 4938036895,-17.3479227,-66.2552035,interseccion
INTER_4938036899,4938036899,Intersección 4938036899,-17.3479699,-66.2559952,interseccion
INTER_4938881725,4938881725,Intersección 4938881725,-17.3984013,-66.3178577,interseccion
INTER_4938881729,4938881729,Intersección 4938881729,-17.4015529,-66.3162298,interseccion
INTER_4938881731,4938881731,Intersección 4938881731,-17.4025423,-66.3168838,interseccion
INTER_4938881740,4938881740,Intersección 4938881740,-17.4023456,-66.3179529,interseccion
INTER_4938881747,4938881747,Intersección 4938881747,-17.4008599,-66.3190499,interseccion
INTER_4938881748,4938881748,Intersección 4938881748,-17.4029052,-66.3188105,interseccion
INTER_4938881749,4938881749,Intersección 4938881749,-17.4015122,-66.3189424,interseccion
INTER_4938881750,4938881750,Intersección 4938881750,-17.4014577,-66.3182029,interseccion
INTER_4938881752,4938881752,Intersección 4938881752,-17.4012051,-66.31719,interseccion
INTER_4938881753,4938881753,Intersección 4938881753,-17.4030729,-66.3167519,interseccion
INTER_4938881775,4938881775,Intersección 4938881775,-17.4006409,-66.3127401,interseccion
INTER_4938881779,4938881779,Intersección 4938881779,-17.4020341,-66.3130677,interseccion
INTER_4938881783,4938881783,Intersección 4938881783,-17.3994925,-66.3149376,interseccion
INTER_4938882235,4938882235,Intersección 4938882235,-17.3938667,-66.3165959,interseccion
INTER_4938882236,4938882236,Intersección 4938882236,-17.3938233,-66.3162154,interseccion
INTER_4938882258,4938882258,Intersección 4938882258,-17.3911926,-66.3169034,interseccion
INTER_4938882259,4938882259,Intersección 4938882259,-17.3911255,-66.3162934,interseccion
INTER_4938882266,4938882266,Intersección 4938882266,-17.3828849,-66.3169095,interseccion
INTER_4939641740,4939641740,Intersección 4939641740,-17.3957084,-66.3161872,interseccion
INTER_4941079635,4941079635,Intersección 4941079635,-17.3965099,-66.2804118,interseccion
INTER_4941413343,4941413343,Intersección 4941413343,-17.3928573,-66.3152272,interseccion
INTER_4941413345,4941413345,Intersección 4941413345,-17.3917837,-66.3151384,interseccion
INTER_4941413346,4941413346,Intersección 4941413346,-17.3911076,-66.3151206,interseccion
INTER_4941413347,4941413347,Intersección 4941413347,-17.3897691,-66.3151818,interseccion
INTER_4941413349,4941413349,Intersección 4941413349,-17.391817,-66.3140479,interseccion
INTER_4941413370,4941413370,Intersección 4941413370,-17.3970131,-66.3191436,interseccion
INTER_4941413373,4941413373,Intersección 4941413373,-17.398947,-66.3222177,interseccion
INTER_4941413381,4941413381,Intersección 4941413381,-17.3928925,-66.3214637,interseccion
INTER_4941413382,4941413382,Intersección 4941413382,-17.3927326,-66.3203099,interseccion
INTER_4941413383,4941413383,Intersección 4941413383,-17.3928045,-66.3208375,interseccion
INTER_4941413384,4941413384,Intersección 4941413384,-17.3920635,-66.3209528,interseccion
INTER_4941413385,4941413385,Intersección 4941413385,-17.3921694,-66.3204466,interseccion
INTER_4941413386,4941413386,Intersección 4941413386,-17.3919695,-66.3193814,interseccion
INTER_4941417715,4941417715,Intersección 4941417715,-17.4100691,-66.3228116,interseccion
INTER_4941417859,4941417859,Intersección 4941417859,-17.4137967,-66.3240739,interseccion
INTER_4941417860,4941417860,Intersección 4941417860,-17.4146778,-66.3238986,interseccion
INTER_4941417876,4941417876,Intersección 4941417876,-17.4225534,-66.3192276,interseccion
INTER_4941417882,4941417882,Intersección 4941417882,-17.4250284,-66.318852,interseccion
INTER_4960901277,4960901277,Intersección 4960901277,-17.3918978,-66.3205126,interseccion
INTER_4960901278,4960901278,Intersección 4960901278,-17.3915172,-66.3194974,interseccion
INTER_4960901279,4960901279,Intersección 4960901279,-17.3908628,-66.3178996,interseccion
INTER_4960919458,4960919458,Intersección 4960919458,-17.3823743,-66.2788261,interseccion
INTER_4960919467,4960919467,Intersección 4960919467,-17.3806769,-66.2787742,interseccion
INTER_4960919470,4960919470,Intersección 4960919470,-17.3804362,-66.2757906,interseccion
INTER_4960919471,4960919471,Intersección 4960919471,-17.3809253,-66.2757541,interseccion
INTER_4960919473,4960919473,Intersección 4960919473,-17.3781825,-66.2787436,interseccion
INTER_4970808522,4970808522,Intersección 4970808522,-17.3605028,-66.3237927,interseccion
INTER_4970838890,4970838890,Intersección 4970838890,-17.3855408,-66.3133924,interseccion
INTER_4970838897,4970838897,Intersección 4970838897,-17.380245,-66.3134282,interseccion
INTER_4970838901,4970838901,Intersección 4970838901,-17.3857637,-66.3117504,interseccion
INTER_4970838902,4970838902,Intersección 4970838902,-17.385776,-66.3114036,interseccion
INTER_4996050546,4996050546,Intersección 4996050546,-17.3783305,-66.2538319,interseccion
INTER_4996050547,4996050547,Intersección 4996050547,-17.3793078,-66.2538492,interseccion
INTER_4996050575,4996050575,Intersección 4996050575,-17.375648,-66.2520118,interseccion
INTER_4996050583,4996050583,Intersección 4996050583,-17.378206,-66.2492186,interseccion
INTER_5029522944,5029522944,Intersección 5029522944,-17.4086041,-66.2909111,interseccion
INTER_5029522945,5029522945,Intersección 5029522945,-17.4130378,-66.2874131,interseccion
INTER_5029522953,5029522953,Intersección 5029522953,-17.4098993,-66.2882504,interseccion
INTER_5029522954,5029522954,Intersección 5029522954,-17.4124469,-66.2888665,interseccion
INTER_5029522963,5029522963,Intersección 5029522963,-17.4129178,-66.2863256,interseccion
INTER_5029522972,5029522972,Intersección 5029522972,-17.4111937,-66.2910907,interseccion
INTER_5031062949,5031062949,Intersección 5031062949,-17.4227195,-66.2921208,interseccion
INTER_5031062952,5031062952,Intersección 5031062952,-17.4216583,-66.2945952,interseccion
INTER_5031062953,5031062953,Intersección 5031062953,-17.4215302,-66.2944418,interseccion
INTER_5031062954,5031062954,Intersección 5031062954,-17.4212723,-66.2932502,interseccion
INTER_5031062972,5031062972,Intersección 5031062972,-17.4219818,-66.2903218,interseccion
INTER_5031062973,5031062973,Intersección 5031062973,-17.4222386,-66.2909459,interseccion
INTER_5031062974,5031062974,Intersección 5031062974,-17.4216579,-66.2912216,interseccion
INTER_5031062975,5031062975,Intersección 5031062975,-17.4219809,-66.2910683,interseccion
INTER_5031062976,5031062976,Intersección 5031062976,-17.4217502,-66.2904828,interseccion
INTER_5031062996,5031062996,Intersección 5031062996,-17.41992,-66.293023,interseccion
INTER_5031062999,5031062999,Intersección 5031062999,-17.4203576,-66.2941346,interseccion
INTER_5031063009,5031063009,Intersección 5031063009,-17.4216089,-66.294646,interseccion
INTER_5031063012,5031063012,Intersección 5031063012,-17.4210158,-66.2949181,interseccion
INTER_5031063015,5031063015,Intersección 5031063015,-17.4186667,-66.2975253,interseccion
INTER_5031064322,5031064322,Intersección 5031064322,-17.4173693,-66.2943407,interseccion
INTER_5031064323,5031064323,Intersección 5031064323,-17.4176354,-66.2945875,interseccion
INTER_5031064325,5031064325,Intersección 5031064325,-17.4180993,-66.2927653,interseccion
INTER_5031064326,5031064326,Intersección 5031064326,-17.4184717,-66.2923576,interseccion
INTER_5031064327,5031064327,Intersección 5031064327,-17.4188322,-66.29195,interseccion
INTER_5031064328,5031064328,Intersección 5031064328,-17.4185708,-66.2907495,interseccion
INTER_5031064333,5031064333,Intersección 5031064333,-17.4192906,-66.2917374,interseccion
INTER_5031064345,5031064345,Intersección 5031064345,-17.418813,-66.2873873,interseccion
INTER_5031064350,5031064350,Intersección 5031064350,-17.4172166,-66.2871936,interseccion
INTER_5031163231,5031163231,Intersección 5031163231,-17.4136213,-66.2744605,interseccion
INTER_5031163232,5031163232,Intersección 5031163232,-17.4141026,-66.2753469,interseccion
INTER_5031163234,5031163234,Intersección 5031163234,-17.4132031,-66.2784499,interseccion
INTER_5031163246,5031163246,Intersección 5031163246,-17.4117442,-66.2782419,interseccion
INTER_5031163248,5031163248,Intersección 5031163248,-17.4116909,-66.2782321,interseccion
INTER_5031163249,5031163249,Intersección 5031163249,-17.4117002,-66.2781802,interseccion
INTER_5031163252,5031163252,Intersección 5031163252,-17.4097499,-66.2778231,interseccion
INTER_5031163254,5031163254,Intersección 5031163254,-17.4010137,-66.2747545,interseccion
INTER_5031163255,5031163255,Intersección 5031163255,-17.4017895,-66.2736102,interseccion
INTER_5031163258,5031163258,Intersección 5031163258,-17.4053608,-66.2734825,interseccion
INTER_5031163259,5031163259,Intersección 5031163259,-17.4053545,-66.2733952,interseccion
INTER_5031163281,5031163281,Intersección 5031163281,-17.4083728,-66.2755572,interseccion
INTER_5031163318,5031163318,Intersección 5031163318,-17.4115277,-66.2724505,interseccion
INTER_5031163319,5031163319,Intersección 5031163319,-17.4115869,-66.2705613,interseccion
INTER_5031163320,5031163320,Intersección 5031163320,-17.4121898,-66.2711515,interseccion
INTER_5031163721,5031163721,Intersección 5031163721,-17.4126368,-66.2721197,interseccion
INTER_5031163723,5031163723,Intersección 5031163723,-17.4121759,-66.2731822,interseccion
INTER_5031163727,5031163727,Intersección 5031163727,-17.4091554,-66.2618095,interseccion
INTER_5031163731,5031163731,Intersección 5031163731,-17.4078878,-66.2618341,interseccion
INTER_5031163732,5031163732,Intersección 5031163732,-17.4079184,-66.2624905,interseccion
INTER_5031163733,5031163733,Intersección 5031163733,-17.4079667,-66.2639005,interseccion
INTER_5031163734,5031163734,Intersección 5031163734,-17.4079894,-66.2645631,interseccion
INTER_5031163735,5031163735,Intersección 5031163735,-17.4073807,-66.2645701,interseccion
INTER_5031163747,5031163747,Intersección 5031163747,-17.4091651,-66.2645408,interseccion
INTER_5031163748,5031163748,Intersección 5031163748,-17.4085781,-66.2645427,interseccion
INTER_5031163749,5031163749,Intersección 5031163749,-17.4085679,-66.265196,interseccion
INTER_5031163808,5031163808,Intersección 5031163808,-17.4345108,-66.2696772,interseccion
INTER_5031163814,5031163814,Intersección 5031163814,-17.4336302,-66.2659693,interseccion
INTER_5123030579,5123030579,Intersección 5123030579,-17.3986781,-66.2390734,interseccion
INTER_5123030593,5123030593,Intersección 5123030593,-17.3969658,-66.2367505,interseccion
INTER_5123030721,5123030721,Intersección 5123030721,-17.3991252,-66.2382594,interseccion
INTER_5123030730,5123030730,Intersección 5123030730,-17.3991604,-66.2329954,interseccion
INTER_5123030733,5123030733,Intersección 5123030733,-17.3992657,-66.2328017,interseccion
INTER_5123030735,5123030735,Intersección 5123030735,-17.401074,-66.2326276,interseccion
INTER_5123030739,5123030739,Intersección 5123030739,-17.3992422,-66.2339177,interseccion
INTER_5123030740,5123030740,Intersección 5123030740,-17.4009351,-66.2338694,interseccion
INTER_5123030746,5123030746,Intersección 5123030746,-17.3986001,-66.2338807,interseccion
INTER_5123030747,5123030747,Intersección 5123030747,-17.3986148,-66.233085,interseccion
INTER_5123030754,5123030754,Intersección 5123030754,-17.3963816,-66.2348133,interseccion
INTER_5123030755,5123030755,Intersección 5123030755,-17.3961777,-66.2339123,interseccion
INTER_5154057421,5154057421,Intersección 5154057421,-17.396035,-66.2743019,interseccion
INTER_5154057422,5154057422,Intersección 5154057422,-17.3961005,-66.273964,interseccion
INTER_5165742738,5165742738,Intersección 5165742738,-17.4201673,-66.313397,interseccion
INTER_5165742748,5165742748,Intersección 5165742748,-17.42268,-66.3126639,interseccion
INTER_5165742749,5165742749,Intersección 5165742749,-17.4172084,-66.3028322,interseccion
INTER_5165742750,5165742750,Intersección 5165742750,-17.4200553,-66.3001372,interseccion
INTER_5165742751,5165742751,Intersección 5165742751,-17.4194951,-66.3015622,interseccion
INTER_5165742752,5165742752,Intersección 5165742752,-17.4193057,-66.3019203,interseccion
INTER_5165742753,5165742753,Intersección 5165742753,-17.4191035,-66.3022502,interseccion
INTER_5165742755,5165742755,Intersección 5165742755,-17.4183611,-66.3026006,interseccion
INTER_5165742756,5165742756,Intersección 5165742756,-17.417323,-66.3022738,interseccion
INTER_5165742757,5165742757,Intersección 5165742757,-17.4174358,-66.3018119,interseccion
INTER_5165742760,5165742760,Intersección 5165742760,-17.4164169,-66.3016186,interseccion
INTER_5165742761,5165742761,Intersección 5165742761,-17.4150696,-66.3023263,interseccion
INTER_5165742762,5165742762,Intersección 5165742762,-17.4148142,-66.3027678,interseccion
INTER_5165742764,5165742764,Intersección 5165742764,-17.4160189,-66.3031538,interseccion
INTER_5165742765,5165742765,Intersección 5165742765,-17.4172146,-66.3035792,interseccion
INTER_5165742766,5165742766,Intersección 5165742766,-17.4156305,-66.2994334,interseccion
INTER_5165742767,5165742767,Intersección 5165742767,-17.4167923,-66.2999146,interseccion
INTER_5165742768,5165742768,Intersección 5165742768,-17.4175158,-66.3002349,interseccion
INTER_5165742769,5165742769,Intersección 5165742769,-17.4191503,-66.3009166,interseccion
INTER_5165742770,5165742770,Intersección 5165742770,-17.4196537,-66.3011599,interseccion
INTER_5165742771,5165742771,Intersección 5165742771,-17.4202692,-66.3014133,interseccion
INTER_5165742772,5165742772,Intersección 5165742772,-17.4208617,-66.3016494,interseccion
INTER_5165742773,5165742773,Intersección 5165742773,-17.4210203,-66.3012645,interseccion
INTER_5165742774,5165742774,Intersección 5165742774,-17.4204228,-66.3010097,interseccion
INTER_5165742775,5165742775,Intersección 5165742775,-17.4198175,-66.3007441,interseccion
INTER_5165742776,5165742776,Intersección 5165742776,-17.4192972,-66.3005367,interseccion
INTER_5165742777,5165742777,Intersección 5165742777,-17.4176647,-66.2998418,interseccion
INTER_5165742779,5165742779,Intersección 5165742779,-17.4172344,-66.2989639,interseccion
INTER_5165742785,5165742785,Intersección 5165742785,-17.4212814,-66.3006341,interseccion
INTER_5165742786,5165742786,Intersección 5165742786,-17.4195347,-66.299922,interseccion
INTER_5165742790,5165742790,Intersección 5165742790,-17.4189192,-66.3012859,interseccion
INTER_5165742795,5165742795,Intersección 5165742795,-17.4186915,-66.3017191,interseccion
INTER_5165742798,5165742798,Intersección 5165742798,-17.4185213,-66.302053,interseccion
INTER_5165742804,5165742804,Intersección 5165742804,-17.4182615,-66.3031621,interseccion
INTER_5165742809,5165742809,Intersección 5165742809,-17.418108,-66.30383,interseccion
INTER_5165742812,5165742812,Intersección 5165742812,-17.4180572,-66.3044002,interseccion
INTER_5165742815,5165742815,Intersección 5165742815,-17.4177331,-66.3051711,interseccion
INTER_5165744114,5165744114,Intersección 5165744114,-17.3769282,-66.2678618,interseccion
INTER_5165744504,5165744504,Intersección 5165744504,-17.432876,-66.3103183,interseccion
INTER_5165744508,5165744508,Intersección 5165744508,-17.4333398,-66.3109151,interseccion
INTER_5165744785,5165744785,Intersección 5165744785,-17.4173677,-66.2971494,interseccion
INTER_5165744797,5165744797,Intersección 5165744797,-17.418346,-66.2965116,interseccion
INTER_5165744800,5165744800,Intersección 5165744800,-17.4190731,-66.2959735,interseccion
INTER_5165744805,5165744805,Intersección 5165744805,-17.4139425,-66.3209318,interseccion
INTER_5165744921,5165744921,Intersección 5165744921,-17.4111886,-66.3235004,interseccion
INTER_5165744922,5165744922,Intersección 5165744922,-17.4132255,-66.3241691,interseccion
INTER_5165744924,5165744924,Intersección 5165744924,-17.4137381,-66.3217887,interseccion
INTER_5165744931,5165744931,Intersección 5165744931,-17.4150945,-66.3220435,interseccion
INTER_5165744932,5165744932,Intersección 5165744932,-17.4199233,-66.3110263,interseccion
INTER_5165744936,5165744936,Intersección 5165744936,-17.4208041,-66.3122106,interseccion
INTER_5165744937,5165744937,Intersección 5165744937,-17.4192266,-66.3119712,interseccion
INTER_5165744938,5165744938,Intersección 5165744938,-17.4197786,-66.3116114,interseccion
INTER_5165744939,5165744939,Intersección 5165744939,-17.4193299,-66.3107231,interseccion
INTER_5165744940,5165744940,Intersección 5165744940,-17.4199762,-66.3120013,interseccion
INTER_5165744941,5165744941,Intersección 5165744941,-17.4196486,-66.3113549,interseccion
INTER_5165744953,5165744953,Intersección 5165744953,-17.4206445,-66.3089429,interseccion
INTER_5165744983,5165744983,Intersección 5165744983,-17.4203447,-66.3092682,interseccion
INTER_5165744997,5165744997,Intersección 5165744997,-17.4197625,-66.3090348,interseccion
INTER_5165745002,5165745002,Intersección 5165745002,-17.4195526,-66.3087559,interseccion
INTER_5165745017,5165745017,Intersección 5165745017,-17.419664,-66.3081296,interseccion
INTER_5165745224,5165745224,Intersección 5165745224,-17.419591,-66.3070098,interseccion
INTER_5165745225,5165745225,Intersección 5165745225,-17.4191816,-66.3078024,interseccion
INTER_5165745227,5165745227,Intersección 5165745227,-17.4191214,-66.3078292,interseccion
INTER_5165745243,5165745243,Intersección 5165745243,-17.4187836,-66.3074577,interseccion
INTER_5165745248,5165745248,Intersección 5165745248,-17.418401,-66.3071224,interseccion
INTER_5165745261,5165745261,Intersección 5165745261,-17.4193172,-66.3034934,interseccion
INTER_5165745263,5165745263,Intersección 5165745263,-17.4192251,-66.3039024,interseccion
INTER_5165745265,5165745265,Intersección 5165745265,-17.419202,-66.304298,interseccion
INTER_5165745271,5165745271,Intersección 5165745271,-17.4190779,-66.3058001,interseccion
INTER_5165745274,5165745274,Intersección 5165745274,-17.4197739,-66.3020638,interseccion
INTER_5165745276,5165745276,Intersección 5165745276,-17.4207209,-66.3021094,interseccion
INTER_5165745280,5165745280,Intersección 5165745280,-17.4203678,-66.303319,interseccion
INTER_5165745283,5165745283,Intersección 5165745283,-17.4199327,-66.3046695,interseccion
INTER_5165745286,5165745286,Intersección 5165745286,-17.4200223,-66.3042243,interseccion
INTER_5165745287,5165745287,Intersección 5165745287,-17.420172,-66.3037455,interseccion
INTER_5165745290,5165745290,Intersección 5165745290,-17.4201758,-66.3034666,interseccion
INTER_5165745293,5165745293,Intersección 5165745293,-17.4202372,-66.3032721,interseccion
INTER_5165745299,5165745299,Intersección 5165745299,-17.4195514,-66.3028309,interseccion
INTER_5165745303,5165745303,Intersección 5165745303,-17.4196115,-66.3024245,interseccion
INTER_5165745304,5165745304,Intersección 5165745304,-17.4199212,-66.3017365,interseccion
INTER_5165745305,5165745305,Intersección 5165745305,-17.419815,-66.3024701,interseccion
INTER_5165745306,5165745306,Intersección 5165745306,-17.420117,-66.301813,interseccion
INTER_5165745307,5165745307,Intersección 5165745307,-17.4206691,-66.3003911,interseccion
INTER_5165745309,5165745309,Intersección 5165745309,-17.4134086,-66.3158922,interseccion
INTER_5165745311,5165745311,Intersección 5165745311,-17.4127471,-66.3173647,interseccion
INTER_5165745312,5165745312,Intersección 5165745312,-17.4128597,-66.3177122,interseccion
INTER_5165745313,5165745313,Intersección 5165745313,-17.4090798,-66.3169839,interseccion
INTER_5165745314,5165745314,Intersección 5165745314,-17.4100525,-66.31739,interseccion
INTER_5165745315,5165745315,Intersección 5165745315,-17.4080716,-66.3196293,interseccion
INTER_5165745524,5165745524,Intersección 5165745524,-17.4086132,-66.3200956,interseccion
INTER_5165745525,5165745525,Intersección 5165745525,-17.4088317,-66.3201551,interseccion
INTER_5165745532,5165745532,Intersección 5165745532,-17.4077746,-66.3207711,interseccion
INTER_5165745540,5165745540,Intersección 5165745540,-17.4063276,-66.319455,interseccion
INTER_5165745547,5165745547,Intersección 5165745547,-17.4059422,-66.3202352,interseccion
INTER_5165745549,5165745549,Intersección 5165745549,-17.4057582,-66.3206916,interseccion
INTER_5165745554,5165745554,Intersección 5165745554,-17.4102623,-66.312472,interseccion
INTER_5165745555,5165745555,Intersección 5165745555,-17.4112551,-66.3134345,interseccion
INTER_5165745557,5165745557,Intersección 5165745557,-17.4162577,-66.3196443,interseccion
INTER_5165745580,5165745580,Intersección 5165745580,-17.4161542,-66.3184421,interseccion
INTER_5165745599,5165745599,Intersección 5165745599,-17.4153825,-66.3182962,interseccion
INTER_5165745606,5165745606,Intersección 5165745606,-17.4157677,-66.3176363,interseccion
INTER_5165745611,5165745611,Intersección 5165745611,-17.415939,-66.3169339,interseccion
INTER_5165745615,5165745615,Intersección 5165745615,-17.4165518,-66.3169177,interseccion
INTER_5165745618,5165745618,Intersección 5165745618,-17.4168668,-66.3169138,interseccion
INTER_5165745733,5165745733,Intersección 5165745733,-17.4208706,-66.3174006,interseccion
INTER_5165745781,5165745781,Intersección 5165745781,-17.4180222,-66.3193747,interseccion
INTER_5165745807,5165745807,Intersección 5165745807,-17.4222705,-66.318554,interseccion
INTER_5165745818,5165745818,Intersección 5165745818,-17.4152084,-66.3147828,interseccion
INTER_5165745819,5165745819,Intersección 5165745819,-17.4147802,-66.314897,interseccion
INTER_5165745820,5165745820,Intersección 5165745820,-17.414731,-66.3143242,interseccion
INTER_5165746021,5165746021,Intersección 5165746021,-17.4148648,-66.3163986,interseccion
INTER_5165746024,5165746024,Intersección 5165746024,-17.4190727,-66.3116702,interseccion
INTER_5165746025,5165746025,Intersección 5165746025,-17.4183741,-66.3125056,interseccion
INTER_5165746028,5165746028,Intersección 5165746028,-17.4178211,-66.3118656,interseccion
INTER_5165746029,5165746029,Intersección 5165746029,-17.4178188,-66.3119598,interseccion
INTER_5165746037,5165746037,Intersección 5165746037,-17.416616,-66.3155561,interseccion
INTER_5165746041,5165746041,Intersección 5165746041,-17.4193802,-66.3122714,interseccion
INTER_5165746042,5165746042,Intersección 5165746042,-17.4196729,-66.3128436,interseccion
INTER_5165746067,5165746067,Intersección 5165746067,-17.4171547,-66.3114421,interseccion
INTER_5165746075,5165746075,Intersección 5165746075,-17.4157804,-66.3140814,interseccion
INTER_5165746079,5165746079,Intersección 5165746079,-17.4147503,-66.3136764,interseccion
INTER_5165746083,5165746083,Intersección 5165746083,-17.4148727,-66.313267,interseccion
INTER_5165746086,5165746086,Intersección 5165746086,-17.414264,-66.3133532,interseccion
INTER_5165746096,5165746096,Intersección 5165746096,-17.4163848,-66.3081688,interseccion
INTER_5165746108,5165746108,Intersección 5165746108,-17.4091774,-66.3155579,interseccion
INTER_5165746110,5165746110,Intersección 5165746110,-17.4087261,-66.3152315,interseccion
INTER_5165746116,5165746116,Intersección 5165746116,-17.4076234,-66.3178966,interseccion
INTER_5165746117,5165746117,Intersección 5165746117,-17.4080052,-66.3169447,interseccion
INTER_5165746118,5165746118,Intersección 5165746118,-17.4084073,-66.3159592,interseccion
INTER_5165746453,5165746453,Intersección 5165746453,-17.4102131,-66.3145454,interseccion
INTER_5165746454,5165746454,Intersección 5165746454,-17.4099708,-66.3154627,interseccion
INTER_5165746459,5165746459,Intersección 5165746459,-17.4103687,-66.3130809,interseccion
INTER_5165746460,5165746460,Intersección 5165746460,-17.4095965,-66.3113544,interseccion
INTER_5165746463,5165746463,Intersección 5165746463,-17.4097033,-66.3118525,interseccion
INTER_5165746465,5165746465,Intersección 5165746465,-17.4101205,-66.3116607,interseccion
INTER_5165746469,5165746469,Intersección 5165746469,-17.4107539,-66.312566,interseccion
INTER_5165746471,5165746471,Intersección 5165746471,-17.4108678,-66.3136013,interseccion
INTER_5165746477,5165746477,Intersección 5165746477,-17.4113316,-66.3139976,interseccion
INTER_5165746485,5165746485,Intersección 5165746485,-17.4111813,-66.3123567,interseccion
INTER_5165746496,5165746496,Intersección 5165746496,-17.4096973,-66.3183118,interseccion
INTER_5165746498,5165746498,Intersección 5165746498,-17.4082216,-66.3193597,interseccion
INTER_5165746500,5165746500,Intersección 5165746500,-17.4087444,-66.3195509,interseccion
INTER_5165746502,5165746502,Intersección 5165746502,-17.4089227,-66.3189791,interseccion
INTER_5165746505,5165746505,Intersección 5165746505,-17.409203,-66.3180752,interseccion
INTER_5165746506,5165746506,Intersección 5165746506,-17.4089368,-66.3190381,interseccion
INTER_5165746510,5165746510,Intersección 5165746510,-17.4100565,-66.3192903,interseccion
INTER_5165746515,5165746515,Intersección 5165746515,-17.4102433,-66.3195115,interseccion
INTER_5165746561,5165746561,Intersección 5165746561,-17.3485175,-66.2616734,interseccion
INTER_5165746562,5165746562,Intersección 5165746562,-17.3484056,-66.2639907,interseccion
INTER_5165746564,5165746564,Intersección 5165746564,-17.3484216,-66.2637028,interseccion
INTER_5165746565,5165746565,Intersección 5165746565,-17.348955,-66.263633,interseccion
INTER_5165746567,5165746567,Intersección 5165746567,-17.349988,-66.2634934,interseccion
INTER_5165746722,5165746722,Intersección 5165746722,-17.4098991,-66.3192956,interseccion
INTER_5165746724,5165746724,Intersección 5165746724,-17.4104301,-66.3179948,interseccion
INTER_5165746736,5165746736,Intersección 5165746736,-17.4132152,-66.3137556,interseccion
INTER_5165746738,5165746738,Intersección 5165746738,-17.4148117,-66.3153152,interseccion
INTER_5165746740,5165746740,Intersección 5165746740,-17.4143344,-66.3154534,interseccion
INTER_5165746744,5165746744,Intersección 5165746744,-17.4138379,-66.3145816,interseccion
INTER_5165746747,5165746747,Intersección 5165746747,-17.4120976,-66.3165852,interseccion
INTER_5165746748,5165746748,Intersección 5165746748,-17.4119542,-66.3157135,interseccion
INTER_5165746750,5165746750,Intersección 5165746750,-17.411816,-66.3141981,interseccion
INTER_5165746751,5165746751,Intersección 5165746751,-17.4117322,-66.3131842,interseccion
INTER_5165746752,5165746752,Intersección 5165746752,-17.4116644,-66.3122018,interseccion
INTER_5165746753,5165746753,Intersección 5165746753,-17.4121411,-66.3126263,interseccion
INTER_5165746754,5165746754,Intersección 5165746754,-17.4121769,-66.3129656,interseccion
INTER_5165746755,5165746755,Intersección 5165746755,-17.4122575,-66.3140734,interseccion
INTER_5165746756,5165746756,Intersección 5165746756,-17.4124008,-66.3157229,interseccion
INTER_5165746758,5165746758,Intersección 5165746758,-17.4126376,-66.3132258,interseccion
INTER_5165746759,5165746759,Intersección 5165746759,-17.4126849,-66.3139164,interseccion
INTER_5165746762,5165746762,Intersección 5165746762,-17.4129639,-66.3162701,interseccion
INTER_5165746766,5165746766,Intersección 5165746766,-17.4134902,-66.3163935,interseccion
INTER_5165746769,5165746769,Intersección 5165746769,-17.413008,-66.3164371,interseccion
INTER_5165746770,5165746770,Intersección 5165746770,-17.413255,-66.3171619,interseccion
INTER_5165746781,5165746781,Intersección 5165746781,-17.4112357,-66.3179377,interseccion
INTER_5165746784,5165746784,Intersección 5165746784,-17.4111244,-66.3181838,interseccion
INTER_5165746789,5165746789,Intersección 5165746789,-17.4098917,-66.3177999,interseccion
INTER_5165746790,5165746790,Intersección 5165746790,-17.4105821,-66.319793,interseccion
INTER_5165746809,5165746809,Intersección 5165746809,-17.4160468,-66.318796,interseccion
INTER_5165747031,5165747031,Intersección 5165747031,-17.4191387,-66.315209,interseccion
INTER_5165747222,5165747222,Intersección 5165747222,-17.4184791,-66.3053991,interseccion
INTER_5165747228,5165747228,Intersección 5165747228,-17.4177894,-66.3018411,interseccion
INTER_5165747229,5165747229,Intersección 5165747229,-17.4179237,-66.3013932,interseccion
INTER_5165747230,5165747230,Intersección 5165747230,-17.4180427,-66.30096,interseccion
INTER_5165747231,5165747231,Intersección 5165747231,-17.4181912,-66.3005202,interseccion
INTER_5165747232,5165747232,Intersección 5165747232,-17.4183722,-66.3001426,interseccion
INTER_5165747233,5165747233,Intersección 5165747233,-17.4185987,-66.2995378,interseccion
INTER_5165747234,5165747234,Intersección 5165747234,-17.418655,-66.2995204,interseccion
INTER_5165747235,5165747235,Intersección 5165747235,-17.4178943,-66.2992354,interseccion
INTER_5165747236,5165747236,Intersección 5165747236,-17.4173824,-66.3005872,interseccion
INTER_5165747241,5165747241,Intersección 5165747241,-17.4174567,-66.3016225,interseccion
INTER_5165747247,5165747247,Intersección 5165747247,-17.4172749,-66.3031259,interseccion
INTER_5165747249,5165747249,Intersección 5165747249,-17.4170753,-66.3041934,interseccion
INTER_5165747250,5165747250,Intersección 5165747250,-17.4168912,-66.3049299,interseccion
INTER_5165747251,5165747251,Intersección 5165747251,-17.4169486,-66.2995479,interseccion
INTER_5165747256,5165747256,Intersección 5165747256,-17.4166505,-66.3003203,interseccion
INTER_5165747262,5165747262,Intersección 5165747262,-17.4164884,-66.3014336,interseccion
INTER_5165747269,5165747269,Intersección 5165747269,-17.4161476,-66.3026458,interseccion
INTER_5165747299,5165747299,Intersección 5165747299,-17.4162308,-66.3066785,interseccion
INTER_5165747300,5165747300,Intersección 5165747300,-17.4157315,-66.3063914,interseccion
INTER_5165747301,5165747301,Intersección 5165747301,-17.4158608,-66.306161,interseccion
INTER_5165747429,5165747429,Intersección 5165747429,-17.4128845,-66.308843,interseccion
INTER_5165747436,5165747436,Intersección 5165747436,-17.4120837,-66.3103224,interseccion
INTER_5165747441,5165747441,Intersección 5165747441,-17.411395,-66.3113737,interseccion
INTER_5165747442,5165747442,Intersección 5165747442,-17.411357,-66.311483,interseccion
INTER_5165747443,5165747443,Intersección 5165747443,-17.4113029,-66.3099602,interseccion
INTER_5165747451,5165747451,Intersección 5165747451,-17.4104488,-66.3108022,interseccion
INTER_5165747474,5165747474,Intersección 5165747474,-17.4159896,-66.3098086,interseccion
INTER_5165747482,5165747482,Intersección 5165747482,-17.4133529,-66.3129643,interseccion
INTER_5165747483,5165747483,Intersección 5165747483,-17.4123253,-66.3122334,interseccion
INTER_5165747494,5165747494,Intersección 5165747494,-17.4146837,-66.3093165,interseccion
INTER_5165747498,5165747498,Intersección 5165747498,-17.4141974,-66.3092105,interseccion
INTER_5165747510,5165747510,Intersección 5165747510,-17.4118455,-66.3118364,interseccion
INTER_5165747621,5165747621,Intersección 5165747621,-17.4124146,-66.311008,interseccion
INTER_5165747624,5165747624,Intersección 5165747624,-17.4122956,-66.3109168,interseccion
INTER_5165747632,5165747632,Intersección 5165747632,-17.4116834,-66.3084413,interseccion
INTER_5165747639,5165747639,Intersección 5165747639,-17.4116561,-66.308662,interseccion
INTER_5165747658,5165747658,Intersección 5165747658,-17.4101536,-66.3106268,interseccion
INTER_5165747660,5165747660,Intersección 5165747660,-17.4093296,-66.3117372,interseccion
INTER_5165747663,5165747663,Intersección 5165747663,-17.4092388,-66.3120228,interseccion
INTER_5165747683,5165747683,Intersección 5165747683,-17.4114488,-66.3086928,interseccion
INTER_5165747688,5165747688,Intersección 5165747688,-17.4125621,-66.3077876,interseccion
INTER_5165747704,5165747704,Intersección 5165747704,-17.4141609,-66.3059528,interseccion
INTER_5165747705,5165747705,Intersección 5165747705,-17.4142337,-66.3060913,interseccion
INTER_5165747709,5165747709,Intersección 5165747709,-17.4150689,-66.3045046,interseccion
INTER_5165747710,5165747710,Intersección 5165747710,-17.4145506,-66.3042766,interseccion
INTER_5165747711,5165747711,Intersección 5165747711,-17.4139585,-66.3056968,interseccion
INTER_5165747712,5165747712,Intersección 5165747712,-17.4133636,-66.3055883,interseccion
INTER_5165747934,5165747934,Intersección 5165747934,-17.4150331,-66.3061313,interseccion
INTER_5165747935,5165747935,Intersección 5165747935,-17.415289,-66.3055064,interseccion
INTER_5165747943,5165747943,Intersección 5165747943,-17.4161809,-66.3055909,interseccion
INTER_5165747944,5165747944,Intersección 5165747944,-17.4154476,-66.3069762,interseccion
INTER_5165747962,5165747962,Intersección 5165747962,-17.4157177,-66.307801,interseccion
INTER_5165747981,5165747981,Intersección 5165747981,-17.4172224,-66.306456,interseccion
INTER_5165747982,5165747982,Intersección 5165747982,-17.4162295,-66.308029,interseccion
INTER_5165747993,5165747993,Intersección 5165747993,-17.4170894,-66.3102981,interseccion
INTER_5165747996,5165747996,Intersección 5165747996,-17.4173594,-66.3101909,interseccion
INTER_5165748014,5165748014,Intersección 5165748014,-17.4177164,-66.3064894,interseccion
INTER_5165748123,5165748123,Intersección 5165748123,-17.4180722,-66.3053468,interseccion
INTER_5165748124,5165748124,Intersección 5165748124,-17.4157676,-66.299006,interseccion
INTER_5165748127,5165748127,Intersección 5165748127,-17.415495,-66.2998375,interseccion
INTER_5165748130,5165748130,Intersección 5165748130,-17.4154899,-66.3004383,interseccion
INTER_5165748132,5165748132,Intersección 5165748132,-17.4154336,-66.3010392,interseccion
INTER_5165748133,5165748133,Intersección 5165748133,-17.4152084,-66.3018465,interseccion
INTER_5165748142,5165748142,Intersección 5165748142,-17.4142192,-66.3039561,interseccion
INTER_5165748143,5165748143,Intersección 5165748143,-17.4142983,-66.3036899,interseccion
INTER_5165748161,5165748161,Intersección 5165748161,-17.4129364,-66.3075596,interseccion
INTER_5165748169,5165748169,Intersección 5165748169,-17.4113022,-66.3050675,interseccion
INTER_5165748171,5165748171,Intersección 5165748171,-17.4121371,-66.3053117,interseccion
INTER_5165748175,5165748175,Intersección 5165748175,-17.4109594,-66.3049819,interseccion
INTER_5165748190,5165748190,Intersección 5165748190,-17.4073571,-66.3067218,interseccion
INTER_5165748193,5165748193,Intersección 5165748193,-17.4072087,-66.3076552,interseccion
INTER_5165748194,5165748194,Intersección 5165748194,-17.407139,-66.3076443,interseccion
INTER_5165748196,5165748196,Intersección 5165748196,-17.4070234,-66.3089648,interseccion
INTER_5165748199,5165748199,Intersección 5165748199,-17.4056608,-66.3091582,interseccion
INTER_5165748202,5165748202,Intersección 5165748202,-17.4014405,-66.3095233,interseccion
INTER_5165748203,5165748203,Intersección 5165748203,-17.4014249,-66.3099441,interseccion
INTER_5165748205,5165748205,Intersección 5165748205,-17.4001482,-66.3094884,interseccion
INTER_5165748544,5165748544,Intersección 5165748544,-17.3686411,-66.2702824,interseccion
INTER_5165748571,5165748571,Intersección 5165748571,-17.3686549,-66.2706562,interseccion
INTER_5165748572,5165748572,Intersección 5165748572,-17.3652806,-66.2709662,interseccion
INTER_5165748579,5165748579,Intersección 5165748579,-17.3654983,-66.2742336,interseccion
INTER_5165748581,5165748581,Intersección 5165748581,-17.3504752,-66.273013,interseccion
INTER_5165748591,5165748591,Intersección 5165748591,-17.3476609,-66.2742144,interseccion
INTER_5165748592,5165748592,Intersección 5165748592,-17.3476219,-66.2753671,interseccion
INTER_5165748593,5165748593,Intersección 5165748593,-17.348283,-66.2739891,interseccion
INTER_5165748594,5165748594,Intersección 5165748594,-17.3482395,-66.2754107,interseccion
INTER_5165748603,5165748603,Intersección 5165748603,-17.3656664,-66.2923958,interseccion
INTER_5165748604,5165748604,Intersección 5165748604,-17.3624058,-66.2925527,interseccion
INTER_5165748625,5165748625,Intersección 5165748625,-17.3645037,-66.2913973,interseccion
INTER_5165748650,5165748650,Intersección 5165748650,-17.362418,-66.2803779,interseccion
INTER_5165748652,5165748652,Intersección 5165748652,-17.3627597,-66.2810418,interseccion
INTER_5165748653,5165748653,Intersección 5165748653,-17.364099,-66.2792686,interseccion
INTER_5165748654,5165748654,Intersección 5165748654,-17.3654133,-66.2791425,interseccion
INTER_5165748655,5165748655,Intersección 5165748655,-17.3652161,-66.2791261,interseccion
INTER_5165748656,5165748656,Intersección 5165748656,-17.3645369,-66.2791904,interseccion
INTER_5165748657,5165748657,Intersección 5165748657,-17.3634058,-66.2793372,interseccion
INTER_5165748658,5165748658,Intersección 5165748658,-17.3619909,-66.2794836,interseccion
INTER_5165748659,5165748659,Intersección 5165748659,-17.36008,-66.2796713,interseccion
INTER_5165748665,5165748665,Intersección 5165748665,-17.3531705,-66.2680668,interseccion
INTER_5165748667,5165748667,Intersección 5165748667,-17.3530786,-66.2650054,interseccion
INTER_5165748668,5165748668,Intersección 5165748668,-17.3542814,-66.2649608,interseccion
INTER_5165748671,5165748671,Intersección 5165748671,-17.3676167,-66.2561015,interseccion
INTER_5165748673,5165748673,Intersección 5165748673,-17.3659448,-66.2569908,interseccion
INTER_5165748677,5165748677,Intersección 5165748677,-17.3664403,-66.2535319,interseccion
INTER_5165748678,5165748678,Intersección 5165748678,-17.3677451,-66.2534966,interseccion
INTER_5165748679,5165748679,Intersección 5165748679,-17.3682204,-66.2526694,interseccion
INTER_5165748683,5165748683,Intersección 5165748683,-17.3685185,-66.2515973,interseccion
INTER_5165748701,5165748701,Intersección 5165748701,-17.363541,-66.2542048,interseccion
INTER_5165748702,5165748702,Intersección 5165748702,-17.3676534,-66.2566046,interseccion
INTER_5165748711,5165748711,Intersección 5165748711,-17.3626487,-66.2574974,interseccion
INTER_5165748713,5165748713,Intersección 5165748713,-17.3621997,-66.2482291,interseccion
INTER_5165748718,5165748718,Intersección 5165748718,-17.3602183,-66.2509127,interseccion
INTER_5165748720,5165748720,Intersección 5165748720,-17.3603292,-66.2497864,interseccion
INTER_5165748724,5165748724,Intersección 5165748724,-17.3620794,-66.2495327,interseccion
INTER_5165748726,5165748726,Intersección 5165748726,-17.3643143,-66.2480092,interseccion
INTER_5165748737,5165748737,Intersección 5165748737,-17.3628794,-66.2314801,interseccion
INTER_5165748738,5165748738,Intersección 5165748738,-17.3627958,-66.2324466,interseccion
INTER_5172148516,5172148516,Intersección 5172148516,-17.3691933,-66.2630454,interseccion
INTER_5195629546,5195629546,Intersección 5195629546,-17.3647646,-66.2759291,interseccion
INTER_5195629547,5195629547,Intersección 5195629547,-17.3667008,-66.2744357,interseccion
INTER_5195629548,5195629548,Intersección 5195629548,-17.3664634,-66.2726441,interseccion
INTER_5195629549,5195629549,Intersección 5195629549,-17.3668542,-66.2790524,interseccion
INTER_5195629567,5195629567,Intersección 5195629567,-17.3632715,-66.2784989,interseccion
INTER_5195629568,5195629568,Intersección 5195629568,-17.3639393,-66.2802606,interseccion
INTER_5195629570,5195629570,Intersección 5195629570,-17.3634553,-66.2802054,interseccion
INTER_5195629573,5195629573,Intersección 5195629573,-17.3632368,-66.2784147,interseccion
INTER_5195629574,5195629574,Intersección 5195629574,-17.3631546,-66.2781173,interseccion
INTER_5195629578,5195629578,Intersección 5195629578,-17.3623473,-66.2754111,interseccion
INTER_5195629580,5195629580,Intersección 5195629580,-17.3623276,-66.2778773,interseccion
INTER_5195629582,5195629582,Intersección 5195629582,-17.3622115,-66.2785416,interseccion
INTER_5195629583,5195629583,Intersección 5195629583,-17.3623013,-66.2794526,interseccion
INTER_5195629591,5195629591,Intersección 5195629591,-17.3622475,-66.2790067,interseccion
INTER_5195629592,5195629592,Intersección 5195629592,-17.3633743,-66.2788549,interseccion
INTER_5195629596,5195629596,Intersección 5195629596,-17.3651061,-66.2742042,interseccion
INTER_5195629597,5195629597,Intersección 5195629597,-17.3666084,-66.2764379,interseccion
INTER_5195629599,5195629599,Intersección 5195629599,-17.3666238,-66.2776308,interseccion
INTER_5195629600,5195629600,Intersección 5195629600,-17.3666901,-66.2783073,interseccion
INTER_5195629601,5195629601,Intersección 5195629601,-17.3662561,-66.2775735,interseccion
INTER_5195629602,5195629602,Intersección 5195629602,-17.3672861,-66.2777302,interseccion
INTER_5195629603,5195629603,Intersección 5195629603,-17.3671574,-66.2785728,interseccion
INTER_5195629611,5195629611,Intersección 5195629611,-17.3671489,-66.2789325,interseccion
INTER_5195629614,5195629614,Intersección 5195629614,-17.3685774,-66.2797712,interseccion
INTER_5195629618,5195629618,Intersección 5195629618,-17.3668845,-66.2806909,interseccion
INTER_5195630429,5195630429,Intersección 5195630429,-17.3678927,-66.2807721,interseccion
INTER_5195630433,5195630433,Intersección 5195630433,-17.3675148,-66.2745786,interseccion
INTER_5195630438,5195630438,Intersección 5195630438,-17.3705257,-66.2805402,interseccion
INTER_5195630439,5195630439,Intersección 5195630439,-17.370526,-66.2798909,interseccion
INTER_5195630440,5195630440,Intersección 5195630440,-17.3706799,-66.2805938,interseccion
INTER_5195630449,5195630449,Intersección 5195630449,-17.3695421,-66.282901,interseccion
INTER_5195630518,5195630518,Intersección 5195630518,-17.3654987,-66.2806195,interseccion
INTER_5205559160,5205559160,Intersección 5205559160,-17.391523,-66.3225407,interseccion
INTER_5205559161,5205559161,Intersección 5205559161,-17.3909964,-66.3227154,interseccion
INTER_5205559162,5205559162,Intersección 5205559162,-17.3903865,-66.3229663,interseccion
INTER_5205559164,5205559164,Intersección 5205559164,-17.3911976,-66.3232706,interseccion
INTER_5205559165,5205559165,Intersección 5205559165,-17.3905699,-66.3235257,interseccion
INTER_5205559172,5205559172,Intersección 5205559172,-17.3920889,-66.3240733,interseccion
INTER_5207595579,5207595579,Intersección 5207595579,-17.4207325,-66.278396,interseccion
INTER_5207600303,5207600303,Intersección 5207600303,-17.4315885,-66.2718937,interseccion
INTER_5207600308,5207600308,Intersección 5207600308,-17.4320391,-66.2708483,interseccion
INTER_5207600314,5207600314,Intersección 5207600314,-17.4327484,-66.2692334,interseccion
INTER_5207600316,5207600316,Intersección 5207600316,-17.4329235,-66.2679319,interseccion
INTER_5213587290,5213587290,Intersección 5213587290,-17.4279509,-66.2721855,interseccion
INTER_5213587291,5213587291,Intersección 5213587291,-17.4276927,-66.2723007,interseccion
INTER_5213587299,5213587299,Intersección 5213587299,-17.4295416,-66.2695068,interseccion
INTER_5213587310,5213587310,Intersección 5213587310,-17.4285896,-66.2644759,interseccion
INTER_5236799583,5236799583,Intersección 5236799583,-17.3933129,-66.2616055,interseccion
INTER_5236799587,5236799587,Intersección 5236799587,-17.3957866,-66.2628153,interseccion
INTER_5236799589,5236799589,Intersección 5236799589,-17.3963342,-66.2628723,interseccion
INTER_5236799592,5236799592,Intersección 5236799592,-17.3969128,-66.2629106,interseccion
INTER_5236799594,5236799594,Intersección 5236799594,-17.3964763,-66.261857,interseccion
INTER_5236799598,5236799598,Intersección 5236799598,-17.396512,-66.2615019,interseccion
INTER_5236799600,5236799600,Intersección 5236799600,-17.3976019,-66.2641939,interseccion
INTER_5236799601,5236799601,Intersección 5236799601,-17.3983721,-66.2641869,interseccion
INTER_5236799602,5236799602,Intersección 5236799602,-17.397594,-66.2635714,interseccion
INTER_5236799603,5236799603,Intersección 5236799603,-17.3982925,-66.2635686,interseccion
INTER_5236799607,5236799607,Intersección 5236799607,-17.3985201,-66.2648805,interseccion
INTER_5236799608,5236799608,Intersección 5236799608,-17.3975996,-66.2647891,interseccion
INTER_5236799609,5236799609,Intersección 5236799609,-17.396942,-66.2647458,interseccion
INTER_5236799610,5236799610,Intersección 5236799610,-17.3958375,-66.2646441,interseccion
INTER_5236799611,5236799611,Intersección 5236799611,-17.3952516,-66.2646027,interseccion
INTER_5236799613,5236799613,Intersección 5236799613,-17.3942183,-66.2645645,interseccion
INTER_5236806811,5236806811,Intersección 5236806811,-17.3922706,-66.2610333,interseccion
INTER_5236806812,5236806812,Intersección 5236806812,-17.3918759,-66.2582763,interseccion
INTER_5237392191,5237392191,Intersección 5237392191,-17.4006095,-66.3124745,interseccion
INTER_5237392194,5237392194,Intersección 5237392194,-17.3974134,-66.3121741,interseccion
INTER_5237399567,5237399567,Intersección 5237399567,-17.3974679,-66.3113904,interseccion
INTER_5237399568,5237399568,Intersección 5237399568,-17.3993363,-66.3114872,interseccion
INTER_5237399577,5237399577,Intersección 5237399577,-17.3999506,-66.3080297,interseccion
INTER_5237399579,5237399579,Intersección 5237399579,-17.3999398,-66.307933,interseccion
INTER_5237399587,5237399587,Intersección 5237399587,-17.4016448,-66.3046331,interseccion
INTER_5240483086,5240483086,Intersección 5240483086,-17.3943305,-66.2863096,interseccion
INTER_5240483093,5240483093,Intersección 5240483093,-17.3945759,-66.2861796,interseccion
INTER_5240483101,5240483101,Intersección 5240483101,-17.3945616,-66.2863752,interseccion
INTER_5240483426,5240483426,Intersección 5240483426,-17.3948437,-66.2947522,interseccion
INTER_5240483427,5240483427,Intersección 5240483427,-17.3949679,-66.2947234,interseccion
INTER_5242307724,5242307724,Intersección 5242307724,-17.3959541,-66.3129934,interseccion
INTER_5242307733,5242307733,Intersección 5242307733,-17.3958384,-66.3107977,interseccion
INTER_5242307740,5242307740,Intersección 5242307740,-17.3957491,-66.3112683,interseccion
INTER_5242307745,5242307745,Intersección 5242307745,-17.3949608,-66.3100065,interseccion
INTER_5242307762,5242307762,Intersección 5242307762,-17.397261,-66.3069268,interseccion
INTER_5242307772,5242307772,Intersección 5242307772,-17.3954539,-66.3039009,interseccion
INTER_5242307775,5242307775,Intersección 5242307775,-17.3961641,-66.298842,interseccion
INTER_5242307776,5242307776,Intersección 5242307776,-17.3962356,-66.2998917,interseccion
INTER_5242307777,5242307777,Intersección 5242307777,-17.3966702,-66.2988412,interseccion
INTER_5242307778,5242307778,Intersección 5242307778,-17.3966464,-66.2998887,interseccion
INTER_5242307779,5242307779,Intersección 5242307779,-17.3953418,-66.3017652,interseccion
INTER_5242307787,5242307787,Intersección 5242307787,-17.395237,-66.3017818,interseccion
INTER_5242307788,5242307788,Intersección 5242307788,-17.395164,-66.3004517,interseccion
INTER_5242307789,5242307789,Intersección 5242307789,-17.3952701,-66.3004458,interseccion
INTER_5242307795,5242307795,Intersección 5242307795,-17.3954586,-66.3010333,interseccion
INTER_5242307796,5242307796,Intersección 5242307796,-17.3952092,-66.3012742,interseccion
INTER_5242307797,5242307797,Intersección 5242307797,-17.3951865,-66.3008621,interseccion
INTER_5242307798,5242307798,Intersección 5242307798,-17.3953123,-66.3012715,interseccion
INTER_5242307799,5242307799,Intersección 5242307799,-17.3952907,-66.3008526,interseccion
INTER_5242307803,5242307803,Intersección 5242307803,-17.3950902,-66.3011916,interseccion
INTER_5242307807,5242307807,Intersección 5242307807,-17.3950675,-66.3009791,interseccion
INTER_5242307815,5242307815,Intersección 5242307815,-17.3954176,-66.300932,interseccion
INTER_5242307819,5242307819,Intersección 5242307819,-17.3954632,-66.3010958,interseccion
INTER_5242308021,5242308021,Intersección 5242308021,-17.3954367,-66.3011666,interseccion
INTER_5242308025,5242308025,Intersección 5242308025,-17.3950515,-66.3010613,interseccion
INTER_5242308053,5242308053,Intersección 5242308053,-17.3953816,-66.3025274,interseccion
INTER_5242308056,5242308056,Intersección 5242308056,-17.395248,-66.2973267,interseccion
INTER_5242308059,5242308059,Intersección 5242308059,-17.3969315,-66.2981115,interseccion
INTER_5242308060,5242308060,Intersección 5242308060,-17.3969747,-66.298843,interseccion
INTER_5242308068,5242308068,Intersección 5242308068,-17.3992921,-66.3010226,interseccion
INTER_5242308069,5242308069,Intersección 5242308069,-17.3964121,-66.3010303,interseccion
INTER_5242308075,5242308075,Intersección 5242308075,-17.3952401,-66.2998539,interseccion
INTER_5242308076,5242308076,Intersección 5242308076,-17.3951887,-66.2988399,interseccion
INTER_5242308087,5242308087,Intersección 5242308087,-17.3948496,-66.2972486,interseccion
INTER_5242308088,5242308088,Intersección 5242308088,-17.3945167,-66.2916881,interseccion
INTER_5242308089,5242308089,Intersección 5242308089,-17.39448,-66.2947042,interseccion
INTER_5247634531,5247634531,Intersección 5247634531,-17.3539916,-66.281121,interseccion
INTER_5247634532,5247634532,Intersección 5247634532,-17.3547688,-66.2810334,interseccion
INTER_5247634533,5247634533,Intersección 5247634533,-17.354532,-66.2819313,interseccion
INTER_5247634534,5247634534,Intersección 5247634534,-17.3545378,-66.2810614,interseccion
INTER_5247634535,5247634535,Intersección 5247634535,-17.3538928,-66.2820159,interseccion
INTER_5247634536,5247634536,Intersección 5247634536,-17.3533964,-66.2820749,interseccion
INTER_5247634537,5247634537,Intersección 5247634537,-17.3539789,-66.2820078,interseccion
INTER_5249355596,5249355596,Intersección 5249355596,-17.3502521,-66.2703394,interseccion
INTER_5249355598,5249355598,Intersección 5249355598,-17.3502872,-66.2697625,interseccion
INTER_5249355599,5249355599,Intersección 5249355599,-17.3502465,-66.2691261,interseccion
INTER_5249355603,5249355603,Intersección 5249355603,-17.3495326,-66.2704688,interseccion
INTER_5249355610,5249355610,Intersección 5249355610,-17.3491035,-66.2711068,interseccion
INTER_5249355613,5249355613,Intersección 5249355613,-17.348087,-66.2725735,interseccion
INTER_5249627832,5249627832,Intersección 5249627832,-17.3566871,-66.2774168,interseccion
INTER_5249627854,5249627854,Intersección 5249627854,-17.3569054,-66.2636992,interseccion
INTER_5249627861,5249627861,Intersección 5249627861,-17.3576639,-66.2680957,interseccion
INTER_5249627977,5249627977,Intersección 5249627977,-17.3536667,-66.2752447,interseccion
INTER_5251482115,5251482115,Intersección 5251482115,-17.4192296,-66.3045324,interseccion
INTER_5251482116,5251482116,Intersección 5251482116,-17.420875,-66.304852,interseccion
INTER_5251482118,5251482118,Intersección 5251482118,-17.4204663,-66.3060093,interseccion
INTER_5251482122,5251482122,Intersección 5251482122,-17.4209679,-66.304518,interseccion
INTER_5251482124,5251482124,Intersección 5251482124,-17.4210907,-66.304003,interseccion
INTER_5251482126,5251482126,Intersección 5251482126,-17.4213466,-66.3034988,interseccion
INTER_5251482130,5251482130,Intersección 5251482130,-17.4217414,-66.3074588,interseccion
INTER_5251482160,5251482160,Intersección 5251482160,-17.4227695,-66.3102687,interseccion
INTER_5251482168,5251482168,Intersección 5251482168,-17.4226364,-66.3092709,interseccion
INTER_5251482170,5251482170,Intersección 5251482170,-17.4219404,-66.309185,interseccion
INTER_5251482224,5251482224,Intersección 5251482224,-17.4245507,-66.3057304,interseccion
INTER_5251482425,5251482425,Intersección 5251482425,-17.4206053,-66.3024349,interseccion
INTER_5251482426,5251482426,Intersección 5251482426,-17.4199617,-66.302151,interseccion
INTER_5251482427,5251482427,Intersección 5251482427,-17.4213876,-66.303016,interseccion
INTER_5251482428,5251482428,Intersección 5251482428,-17.4204941,-66.3027479,interseccion
INTER_5251482429,5251482429,Intersección 5251482429,-17.4212284,-66.2968811,interseccion
INTER_5251482436,5251482436,Intersección 5251482436,-17.4193863,-66.299513,interseccion
INTER_5251482437,5251482437,Intersección 5251482437,-17.4192709,-66.2998126,interseccion
INTER_5251482438,5251482438,Intersección 5251482438,-17.4213671,-66.2965357,interseccion
INTER_5251482508,5251482508,Intersección 5251482508,-17.4230795,-66.2956214,interseccion
INTER_5255248264,5255248264,Intersección 5255248264,-17.4163664,-66.2958089,interseccion
INTER_5255248271,5255248271,Intersección 5255248271,-17.4172805,-66.2955467,interseccion
INTER_5390500466,5390500466,Intersección 5390500466,-17.388854,-66.2321067,interseccion
INTER_5483940725,5483940725,Intersección 5483940725,-17.3744741,-66.2736833,interseccion
INTER_5483940726,5483940726,Intersección 5483940726,-17.3796895,-66.2800738,interseccion
INTER_5483940731,5483940731,Intersección 5483940731,-17.3798851,-66.2845082,interseccion
INTER_5483940732,5483940732,Intersección 5483940732,-17.3799138,-66.2835529,interseccion
INTER_5483940739,5483940739,Intersección 5483940739,-17.3797215,-66.2806295,interseccion
INTER_5483940744,5483940744,Intersección 5483940744,-17.3795529,-66.2800569,interseccion
INTER_5483940745,5483940745,Intersección 5483940745,-17.3789439,-66.2788402,interseccion
INTER_5483940746,5483940746,Intersección 5483940746,-17.3784676,-66.2807787,interseccion
INTER_5483940747,5483940747,Intersección 5483940747,-17.3785655,-66.2799561,interseccion
INTER_5483940749,5483940749,Intersección 5483940749,-17.376589,-66.2814594,interseccion
INTER_5488900070,5488900070,Intersección 5488900070,-17.3823248,-66.2756927,interseccion
INTER_5488900072,5488900072,Intersección 5488900072,-17.382154,-66.2743715,interseccion
INTER_5488900078,5488900078,Intersección 5488900078,-17.3849905,-66.274858,interseccion
INTER_5488900080,5488900080,Intersección 5488900080,-17.3850316,-66.2742272,interseccion
INTER_5488900081,5488900081,Intersección 5488900081,-17.3838539,-66.272771,interseccion
INTER_5488900082,5488900082,Intersección 5488900082,-17.3861279,-66.2720056,interseccion
INTER_5488900083,5488900083,Intersección 5488900083,-17.3861887,-66.2727843,interseccion
INTER_5488903726,5488903726,Intersección 5488903726,-17.3863056,-66.2741673,interseccion
INTER_5488907171,5488907171,Intersección 5488907171,-17.3818791,-66.2729927,interseccion
INTER_5488907172,5488907172,Intersección 5488907172,-17.3828009,-66.272906,interseccion
INTER_5488907173,5488907173,Intersección 5488907173,-17.3815478,-66.2730229,interseccion
INTER_5488907175,5488907175,Intersección 5488907175,-17.3825279,-66.2736308,interseccion
INTER_5488907199,5488907199,Intersección 5488907199,-17.3814161,-66.2757346,interseccion
INTER_5492133336,5492133336,Intersección 5492133336,-17.3829528,-66.2736385,interseccion
INTER_5492133383,5492133383,Intersección 5492133383,-17.3793619,-66.2761906,interseccion
INTER_5494163607,5494163607,Intersección 5494163607,-17.3888581,-66.2764195,interseccion
INTER_5494163609,5494163609,Intersección 5494163609,-17.3881694,-66.2764387,interseccion
INTER_5494163619,5494163619,Intersección 5494163619,-17.3876665,-66.2766272,interseccion
INTER_5565041856,5565041856,Intersección 5565041856,-17.3849338,-66.2322994,interseccion
INTER_5565042624,5565042624,Intersección 5565042624,-17.3878038,-66.2345878,interseccion
INTER_5574215920,5574215920,Intersección 5574215920,-17.3874198,-66.2333275,interseccion
INTER_5578393157,5578393157,Intersección 5578393157,-17.3866191,-66.2399694,interseccion
INTER_5578393158,5578393158,Intersección 5578393158,-17.3864981,-66.2392467,interseccion
INTER_5597262742,5597262742,Intersección 5597262742,-17.4009258,-66.2738362,interseccion
INTER_5597262770,5597262770,Intersección 5597262770,-17.402836,-66.2751864,interseccion
INTER_5597262776,5597262776,Intersección 5597262776,-17.4045084,-66.2758775,interseccion
INTER_5597262777,5597262777,Intersección 5597262777,-17.4050376,-66.2759625,interseccion
INTER_5597262789,5597262789,Intersección 5597262789,-17.40157,-66.2764842,interseccion
INTER_5597262795,5597262795,Intersección 5597262795,-17.4026701,-66.2765968,interseccion
INTER_5597262796,5597262796,Intersección 5597262796,-17.4032963,-66.2766892,interseccion
INTER_5597262797,5597262797,Intersección 5597262797,-17.4038594,-66.2767875,interseccion
INTER_5597262798,5597262798,Intersección 5597262798,-17.4043853,-66.2768828,interseccion
INTER_5597262799,5597262799,Intersección 5597262799,-17.4049144,-66.2769697,interseccion
INTER_5597262800,5597262800,Intersección 5597262800,-17.4054614,-66.2770636,interseccion
INTER_5597262801,5597262801,Intersección 5597262801,-17.405983,-66.2771605,interseccion
INTER_5597262802,5597262802,Intersección 5597262802,-17.4064182,-66.27725,interseccion
INTER_5597262803,5597262803,Intersección 5597262803,-17.4064685,-66.2772612,interseccion
INTER_5597262807,5597262807,Intersección 5597262807,-17.4072796,-66.2773906,interseccion
INTER_5597262808,5597262808,Intersección 5597262808,-17.4072749,-66.2774655,interseccion
INTER_5597262809,5597262809,Intersección 5597262809,-17.4069148,-66.2786143,interseccion
INTER_5597262810,5597262810,Intersección 5597262810,-17.4068102,-66.2791807,interseccion
INTER_5618211869,5618211869,Intersección 5618211869,-17.3738431,-66.324056,interseccion
INTER_5618211884,5618211884,Intersección 5618211884,-17.371274,-66.3193136,interseccion
INTER_5618386699,5618386699,Intersección 5618386699,-17.3686955,-66.3223977,interseccion
INTER_5618386700,5618386700,Intersección 5618386700,-17.3713223,-66.321432,interseccion
INTER_5623102485,5623102485,Intersección 5623102485,-17.40411,-66.2330803,interseccion
INTER_5623102486,5623102486,Intersección 5623102486,-17.4030668,-66.2332205,interseccion
INTER_5623102763,5623102763,Intersección 5623102763,-17.4070482,-66.2428595,interseccion
INTER_5623102770,5623102770,Intersección 5623102770,-17.3989815,-66.2380364,interseccion
INTER_5623102774,5623102774,Intersección 5623102774,-17.3992046,-66.2357531,interseccion
INTER_5623124763,5623124763,Intersección 5623124763,-17.4050723,-66.2443642,interseccion
INTER_5623124764,5623124764,Intersección 5623124764,-17.4052847,-66.243642,interseccion
INTER_5623124768,5623124768,Intersección 5623124768,-17.4057776,-66.2445957,interseccion
INTER_5623124770,5623124770,Intersección 5623124770,-17.4066636,-66.2448865,interseccion
INTER_5623124771,5623124771,Intersección 5623124771,-17.4059852,-66.243875,interseccion
INTER_5623124796,5623124796,Intersección 5623124796,-17.4023029,-66.2475459,interseccion
INTER_5623124797,5623124797,Intersección 5623124797,-17.4023291,-66.2463848,interseccion
INTER_5623125570,5623125570,Intersección 5623125570,-17.4023812,-66.2523765,interseccion
INTER_5623125573,5623125573,Intersección 5623125573,-17.3994378,-66.2515409,interseccion
INTER_5623125575,5623125575,Intersección 5623125575,-17.3994165,-66.2519905,interseccion
INTER_5623125577,5623125577,Intersección 5623125577,-17.3994842,-66.2505155,interseccion
INTER_5623125579,5623125579,Intersección 5623125579,-17.4022208,-66.2517992,interseccion
INTER_5623125580,5623125580,Intersección 5623125580,-17.4034423,-66.252862,interseccion
INTER_5623125582,5623125582,Intersección 5623125582,-17.4006932,-66.2522065,interseccion
INTER_5623125583,5623125583,Intersección 5623125583,-17.4008977,-66.2516693,interseccion
INTER_5623125584,5623125584,Intersección 5623125584,-17.401094,-66.2512699,interseccion
INTER_5623125587,5623125587,Intersección 5623125587,-17.40042,-66.2514318,interseccion
INTER_5623125588,5623125588,Intersección 5623125588,-17.4006294,-66.2510052,interseccion
INTER_5623125598,5623125598,Intersección 5623125598,-17.3964947,-66.2496374,interseccion
INTER_5623125600,5623125600,Intersección 5623125600,-17.395774,-66.2520383,interseccion
INTER_5623125601,5623125601,Intersección 5623125601,-17.3969433,-66.2519887,interseccion
INTER_5623125602,5623125602,Intersección 5623125602,-17.3946957,-66.2502736,interseccion
INTER_5623125603,5623125603,Intersección 5623125603,-17.3957907,-66.2502275,interseccion
INTER_5623125604,5623125604,Intersección 5623125604,-17.394623,-66.2529919,interseccion
INTER_5664795944,5664795944,Intersección 5664795944,-17.3638341,-66.2682104,interseccion
INTER_5664795948,5664795948,Intersección 5664795948,-17.3656991,-66.2640859,interseccion
INTER_5664795952,5664795952,Intersección 5664795952,-17.3716403,-66.2673348,interseccion
INTER_5664795953,5664795953,Intersección 5664795953,-17.371522,-66.2653457,interseccion
INTER_5664795954,5664795954,Intersección 5664795954,-17.3727172,-66.2633964,interseccion
INTER_5664795955,5664795955,Intersección 5664795955,-17.3741812,-66.2633464,interseccion
INTER_5664795956,5664795956,Intersección 5664795956,-17.3748103,-66.263308,interseccion
INTER_5664795965,5664795965,Intersección 5664795965,-17.3804595,-66.2621697,interseccion
INTER_5664795966,5664795966,Intersección 5664795966,-17.3804714,-66.2616786,interseccion
INTER_5664795967,5664795967,Intersección 5664795967,-17.3804978,-66.2607549,interseccion
INTER_5664795968,5664795968,Intersección 5664795968,-17.3797066,-66.2626441,interseccion
INTER_5664795969,5664795969,Intersección 5664795969,-17.3796931,-66.2627638,interseccion
INTER_5664795974,5664795974,Intersección 5664795974,-17.378644,-66.2581742,interseccion
INTER_5664795975,5664795975,Intersección 5664795975,-17.3815584,-66.2580805,interseccion
INTER_5664795976,5664795976,Intersección 5664795976,-17.3823082,-66.2580838,interseccion
INTER_5664795977,5664795977,Intersección 5664795977,-17.3814101,-66.2583875,interseccion
INTER_5664795978,5664795978,Intersección 5664795978,-17.3822484,-66.2583943,interseccion
INTER_5664795979,5664795979,Intersección 5664795979,-17.3808833,-66.2576842,interseccion
INTER_5664796009,5664796009,Intersección 5664796009,-17.3811212,-66.2554268,interseccion
INTER_5664796010,5664796010,Intersección 5664796010,-17.3818995,-66.2553471,interseccion
INTER_5664796011,5664796011,Intersección 5664796011,-17.3811137,-66.2553298,interseccion
INTER_5664796020,5664796020,Intersección 5664796020,-17.3846374,-66.2568386,interseccion
INTER_5664797021,5664797021,Intersección 5664797021,-17.3858589,-66.2569568,interseccion
INTER_5664797046,5664797046,Intersección 5664797046,-17.374277,-66.2576913,interseccion
INTER_5664797048,5664797048,Intersección 5664797048,-17.3738718,-66.2554116,interseccion
INTER_5664797049,5664797049,Intersección 5664797049,-17.3709362,-66.2557621,interseccion
INTER_5664797056,5664797056,Intersección 5664797056,-17.350094,-66.2645103,interseccion
INTER_5664797120,5664797120,Intersección 5664797120,-17.3484442,-66.2559391,interseccion
INTER_5664797222,5664797222,Intersección 5664797222,-17.348806,-66.2551386,interseccion
INTER_5664797225,5664797225,Intersección 5664797225,-17.3483759,-66.2551708,interseccion
INTER_5664797226,5664797226,Intersección 5664797226,-17.3492853,-66.2555043,interseccion
INTER_5664797227,5664797227,Intersección 5664797227,-17.3492566,-66.2550985,interseccion
INTER_5752324791,5752324791,Intersección 5752324791,-17.3666321,-66.2332686,interseccion
INTER_5752324792,5752324792,Intersección 5752324792,-17.3666479,-66.2331045,interseccion
INTER_5752324796,5752324796,Intersección 5752324796,-17.3659107,-66.232906,interseccion
INTER_5752324857,5752324857,Intersección 5752324857,-17.359056,-66.2318056,interseccion
INTER_5777553903,5777553903,Intersección 5777553903,-17.3963776,-66.2646946,interseccion
INTER_5854661838,5854661838,Intersección 5854661838,-17.3475973,-66.2709283,interseccion
INTER_5854661840,5854661840,Intersección 5854661840,-17.3485413,-66.2706413,interseccion
INTER_5854661847,5854661847,Intersección 5854661847,-17.3497811,-66.2708576,interseccion
INTER_5854661848,5854661848,Intersección 5854661848,-17.3501782,-66.2720064,interseccion
INTER_5854661872,5854661872,Intersección 5854661872,-17.349115,-66.2681121,interseccion
INTER_5854661873,5854661873,Intersección 5854661873,-17.3491482,-66.2670661,interseccion
INTER_5854661875,5854661875,Intersección 5854661875,-17.3483123,-66.266929,interseccion
INTER_5854661877,5854661877,Intersección 5854661877,-17.3482835,-66.2659012,interseccion
INTER_5854661878,5854661878,Intersección 5854661878,-17.348721,-66.268119,interseccion
INTER_5854661879,5854661879,Intersección 5854661879,-17.3487788,-66.2670436,interseccion
INTER_5854690198,5854690198,Intersección 5854690198,-17.3777541,-66.2730766,interseccion
INTER_5854690211,5854690211,Intersección 5854690211,-17.3717095,-66.2733308,interseccion
INTER_5864433834,5864433834,Intersección 5864433834,-17.3487494,-66.2893984,interseccion
INTER_5864433843,5864433843,Intersección 5864433843,-17.3484242,-66.2942931,interseccion
INTER_5864433844,5864433844,Intersección 5864433844,-17.3500283,-66.2950939,interseccion
INTER_5864433845,5864433845,Intersección 5864433845,-17.3508529,-66.2955043,interseccion
INTER_5864433848,5864433848,Intersección 5864433848,-17.3484047,-66.2956957,interseccion
INTER_5864433849,5864433849,Intersección 5864433849,-17.3477606,-66.295946,interseccion
INTER_5864433851,5864433851,Intersección 5864433851,-17.3490812,-66.2954557,interseccion
INTER_5864442796,5864442796,Intersección 5864442796,-17.3639785,-66.2799461,interseccion
INTER_5866174142,5866174142,Intersección 5866174142,-17.3825105,-66.2850294,interseccion
INTER_5866174144,5866174144,Intersección 5866174144,-17.3842144,-66.2848333,interseccion
INTER_5866174145,5866174145,Intersección 5866174145,-17.3843803,-66.2858627,interseccion
INTER_5866174785,5866174785,Intersección 5866174785,-17.3816259,-66.2884213,interseccion
INTER_5866174787,5866174787,Intersección 5866174787,-17.381569,-66.2878248,interseccion
INTER_5866174792,5866174792,Intersección 5866174792,-17.3838673,-66.2883731,interseccion
INTER_5866174793,5866174793,Intersección 5866174793,-17.3829225,-66.2891913,interseccion
INTER_5866174794,5866174794,Intersección 5866174794,-17.3829139,-66.2883878,interseccion
INTER_5866174795,5866174795,Intersección 5866174795,-17.3822939,-66.2892,interseccion
INTER_5866174796,5866174796,Intersección 5866174796,-17.3822931,-66.2883901,interseccion
INTER_5866174797,5866174797,Intersección 5866174797,-17.3808056,-66.2879518,interseccion
INTER_5866174799,5866174799,Intersección 5866174799,-17.380574,-66.2864701,interseccion
INTER_5866174803,5866174803,Intersección 5866174803,-17.376431,-66.2835167,interseccion
INTER_5866174805,5866174805,Intersección 5866174805,-17.3764468,-66.2814532,interseccion
INTER_5866174806,5866174806,Intersección 5866174806,-17.3764238,-66.2807956,interseccion
INTER_5866174807,5866174807,Intersección 5866174807,-17.3767765,-66.280829,interseccion
INTER_5866174815,5866174815,Intersección 5866174815,-17.3809537,-66.2864576,interseccion
INTER_5866174816,5866174816,Intersección 5866174816,-17.3808615,-66.2854593,interseccion
INTER_5866174817,5866174817,Intersección 5866174817,-17.3814831,-66.2864483,interseccion
INTER_5866174818,5866174818,Intersección 5866174818,-17.3814283,-66.2857095,interseccion
INTER_5866174819,5866174819,Intersección 5866174819,-17.3803007,-66.2878033,interseccion
INTER_5866174820,5866174820,Intersección 5866174820,-17.3801059,-66.2864763,interseccion
INTER_5866174821,5866174821,Intersección 5866174821,-17.3784133,-66.2865167,interseccion
INTER_5866174822,5866174822,Intersección 5866174822,-17.3784576,-66.2860239,interseccion
INTER_5866174823,5866174823,Intersección 5866174823,-17.3786284,-66.2850065,interseccion
INTER_5866174824,5866174824,Intersección 5866174824,-17.375418,-66.2865282,interseccion
INTER_5866174828,5866174828,Intersección 5866174828,-17.3755406,-66.2852266,interseccion
INTER_5866174829,5866174829,Intersección 5866174829,-17.3793021,-66.2843673,interseccion
INTER_5869716359,5869716359,Intersección 5869716359,-17.3920336,-66.285569,interseccion
INTER_5869716362,5869716362,Intersección 5869716362,-17.3925785,-66.2855874,interseccion
INTER_5869716363,5869716363,Intersección 5869716363,-17.3919301,-66.2841347,interseccion
INTER_5869716364,5869716364,Intersección 5869716364,-17.3923806,-66.2840849,interseccion
INTER_5869716365,5869716365,Intersección 5869716365,-17.391288,-66.2841991,interseccion
INTER_5869716366,5869716366,Intersección 5869716366,-17.3913568,-66.2841922,interseccion
INTER_5870202387,5870202387,Intersección 5870202387,-17.398154,-66.2675061,interseccion
INTER_5870202487,5870202487,Intersección 5870202487,-17.3933711,-66.2597226,interseccion
INTER_5870202491,5870202491,Intersección 5870202491,-17.39249,-66.2620503,interseccion
INTER_5870202492,5870202492,Intersección 5870202492,-17.3918378,-66.2595961,interseccion
INTER_5870202493,5870202493,Intersección 5870202493,-17.3917335,-66.2585614,interseccion
INTER_5870202494,5870202494,Intersección 5870202494,-17.3916833,-66.2579348,interseccion
INTER_5870202495,5870202495,Intersección 5870202495,-17.3915561,-66.256753,interseccion
INTER_5870202497,5870202497,Intersección 5870202497,-17.3911814,-66.252803,interseccion
INTER_5870202499,5870202499,Intersección 5870202499,-17.3909823,-66.2508025,interseccion
INTER_5870202500,5870202500,Intersección 5870202500,-17.3913246,-66.2527928,interseccion
INTER_5870202525,5870202525,Intersección 5870202525,-17.3917937,-66.2591738,interseccion
INTER_5870202528,5870202528,Intersección 5870202528,-17.3923221,-66.26022,interseccion
INTER_5870202545,5870202545,Intersección 5870202545,-17.3972929,-66.2670341,interseccion
INTER_5870202546,5870202546,Intersección 5870202546,-17.399093,-66.265169,interseccion
INTER_5870202562,5870202562,Intersección 5870202562,-17.3984156,-66.2591202,interseccion
INTER_5870202585,5870202585,Intersección 5870202585,-17.396571,-66.2589364,interseccion
INTER_5870202586,5870202586,Intersección 5870202586,-17.3965979,-66.2594672,interseccion
INTER_5870202587,5870202587,Intersección 5870202587,-17.3966267,-66.2600712,interseccion
INTER_5870202588,5870202588,Intersección 5870202588,-17.3970292,-66.259518,interseccion
INTER_5870202593,5870202593,Intersección 5870202593,-17.3983565,-66.2601693,interseccion
INTER_5870202595,5870202595,Intersección 5870202595,-17.4014649,-66.253213,interseccion
INTER_5870202598,5870202598,Intersección 5870202598,-17.4016653,-66.2552054,interseccion
INTER_5870202611,5870202611,Intersección 5870202611,-17.4004736,-66.2514605,interseccion
INTER_5870202613,5870202613,Intersección 5870202613,-17.4002125,-66.2522543,interseccion
INTER_5870202614,5870202614,Intersección 5870202614,-17.3960245,-66.254017,interseccion
INTER_5870240767,5870240767,Intersección 5870240767,-17.3935403,-66.2385169,interseccion
INTER_5870240781,5870240781,Intersección 5870240781,-17.3945386,-66.2349451,interseccion
INTER_5870240782,5870240782,Intersección 5870240782,-17.394491,-66.2338599,interseccion
INTER_5870240783,5870240783,Intersección 5870240783,-17.3953317,-66.2338775,interseccion
INTER_5870240784,5870240784,Intersección 5870240784,-17.3964216,-66.2339158,interseccion
INTER_5870241309,5870241309,Intersección 5870241309,-17.3911964,-66.2377887,interseccion
INTER_5870241312,5870241312,Intersección 5870241312,-17.3923121,-66.2372078,interseccion
INTER_5871333818,5871333818,Intersección 5871333818,-17.4183682,-66.2778801,interseccion
INTER_5871412898,5871412898,Intersección 5871412898,-17.4089327,-66.2724482,interseccion
INTER_5871412899,5871412899,Intersección 5871412899,-17.4097212,-66.2719842,interseccion
INTER_5871412900,5871412900,Intersección 5871412900,-17.4096707,-66.2731687,interseccion
INTER_5871412902,5871412902,Intersección 5871412902,-17.4103749,-66.2704363,interseccion
INTER_5871412903,5871412903,Intersección 5871412903,-17.4132865,-66.2718728,interseccion
INTER_5871412908,5871412908,Intersección 5871412908,-17.4132913,-66.2702926,interseccion
INTER_5871412914,5871412914,Intersección 5871412914,-17.411634,-66.2702841,interseccion
INTER_5871412917,5871412917,Intersección 5871412917,-17.411515,-66.2725422,interseccion
INTER_5871412918,5871412918,Intersección 5871412918,-17.4114933,-66.273228,interseccion
INTER_5871412920,5871412920,Intersección 5871412920,-17.4107382,-66.2728436,interseccion
INTER_5871412922,5871412922,Intersección 5871412922,-17.4072111,-66.2743123,interseccion
INTER_5871412923,5871412923,Intersección 5871412923,-17.4079778,-66.2744456,interseccion
INTER_5871412924,5871412924,Intersección 5871412924,-17.4085057,-66.2745167,interseccion
INTER_5871412925,5871412925,Intersección 5871412925,-17.4078326,-66.2754251,interseccion
INTER_5871412927,5871412927,Intersección 5871412927,-17.4069577,-66.2752311,interseccion
INTER_5871412933,5871412933,Intersección 5871412933,-17.4054786,-66.2740392,interseccion
INTER_5871412941,5871412941,Intersección 5871412941,-17.4036939,-66.2687271,interseccion
INTER_5920871556,5920871556,Intersección 5920871556,-17.3739891,-66.2794673,interseccion
INTER_5920871557,5920871557,Intersección 5920871557,-17.3757766,-66.2793483,interseccion
INTER_5920871566,5920871566,Intersección 5920871566,-17.3710839,-66.282976,interseccion
INTER_5920871580,5920871580,Intersección 5920871580,-17.3723842,-66.2820127,interseccion
INTER_5920871685,5920871685,Intersección 5920871685,-17.3712593,-66.2815535,interseccion
INTER_5920871690,5920871690,Intersección 5920871690,-17.3747951,-66.2849204,interseccion
INTER_5920871695,5920871695,Intersección 5920871695,-17.3719242,-66.2845267,interseccion
INTER_5920871702,5920871702,Intersección 5920871702,-17.383567,-66.2915784,interseccion
INTER_5920871703,5920871703,Intersección 5920871703,-17.3853592,-66.2910245,interseccion
INTER_5920871705,5920871705,Intersección 5920871705,-17.3852724,-66.2901342,interseccion
INTER_5920871711,5920871711,Intersección 5920871711,-17.3875929,-66.2938753,interseccion
INTER_5920902946,5920902946,Intersección 5920902946,-17.386647,-66.2935995,interseccion
INTER_5920902948,5920902948,Intersección 5920902948,-17.3865772,-66.2943858,interseccion
INTER_5920902951,5920902951,Intersección 5920902951,-17.3866509,-66.2957748,interseccion
INTER_5920902952,5920902952,Intersección 5920902952,-17.3858507,-66.2943785,interseccion
INTER_5920902953,5920902953,Intersección 5920902953,-17.3858525,-66.2931545,interseccion
INTER_5920902956,5920902956,Intersección 5920902956,-17.3859097,-66.2953078,interseccion
INTER_5920902960,5920902960,Intersección 5920902960,-17.3835793,-66.2957192,interseccion
INTER_5920902962,5920902962,Intersección 5920902962,-17.3811618,-66.2957554,interseccion
INTER_5920902963,5920902963,Intersección 5920902963,-17.3799449,-66.2957848,interseccion
INTER_5920902964,5920902964,Intersección 5920902964,-17.3801518,-66.2957798,interseccion
INTER_5920902965,5920902965,Intersección 5920902965,-17.3801506,-66.2944285,interseccion
INTER_5920902966,5920902966,Intersección 5920902966,-17.3811532,-66.2950478,interseccion
INTER_5920902981,5920902981,Intersección 5920902981,-17.386989,-66.2967023,interseccion
INTER_5920902983,5920902983,Intersección 5920902983,-17.3868125,-66.2972729,interseccion
INTER_5920903100,5920903100,Intersección 5920903100,-17.3905098,-66.298855,interseccion
INTER_5920903108,5920903108,Intersección 5920903108,-17.3924077,-66.2988458,interseccion
INTER_5920903110,5920903110,Intersección 5920903110,-17.3934631,-66.2988694,interseccion
INTER_5920903111,5920903111,Intersección 5920903111,-17.3936972,-66.3002771,interseccion
INTER_5937315825,5937315825,Intersección 5937315825,-17.4038061,-66.29176,interseccion
INTER_5937315826,5937315826,Intersección 5937315826,-17.40542,-66.2917625,interseccion
INTER_5937315827,5937315827,Intersección 5937315827,-17.4052033,-66.2952997,interseccion
INTER_5945037617,5945037617,Intersección 5945037617,-17.403326,-66.2941698,interseccion
INTER_5945037628,5945037628,Intersección 5945037628,-17.4080278,-66.2933426,interseccion
INTER_5945037629,5945037629,Intersección 5945037629,-17.4075371,-66.2933305,interseccion
INTER_5945037633,5945037633,Intersección 5945037633,-17.4095226,-66.2977805,interseccion
INTER_5945037653,5945037653,Intersección 5945037653,-17.4130825,-66.3012613,interseccion
INTER_5945037678,5945037678,Intersección 5945037678,-17.4078457,-66.2917725,interseccion
INTER_5945037679,5945037679,Intersección 5945037679,-17.4083592,-66.2931767,interseccion
INTER_5945037681,5945037681,Intersección 5945037681,-17.4074014,-66.2931163,interseccion
INTER_5945037683,5945037683,Intersección 5945037683,-17.406283,-66.2930669,interseccion
INTER_5945045898,5945045898,Intersección 5945045898,-17.4099971,-66.2876611,interseccion
INTER_5945045899,5945045899,Intersección 5945045899,-17.4084518,-66.2862792,interseccion
INTER_5945045900,5945045900,Intersección 5945045900,-17.4084617,-66.2852713,interseccion
INTER_5945045901,5945045901,Intersección 5945045901,-17.4071298,-66.2852726,interseccion
INTER_5945045902,5945045902,Intersección 5945045902,-17.4077287,-66.2862725,interseccion
INTER_5945045903,5945045903,Intersección 5945045903,-17.4077144,-66.2852713,interseccion
INTER_5945045904,5945045904,Intersección 5945045904,-17.4076606,-66.284356,interseccion
INTER_5945045906,5945045906,Intersección 5945045906,-17.402818,-66.2999572,interseccion
INTER_5945045908,5945045908,Intersección 5945045908,-17.4017979,-66.2999251,interseccion
INTER_5945045913,5945045913,Intersección 5945045913,-17.4016089,-66.3030061,interseccion
INTER_6155679869,6155679869,Intersección 6155679869,-17.3989823,-66.2382751,interseccion
INTER_6179474637,6179474637,Intersección 6179474637,-17.3957722,-66.3142956,interseccion
INTER_6179474641,6179474641,Intersección 6179474641,-17.3959149,-66.3145069,interseccion
INTER_6179474642,6179474642,Intersección 6179474642,-17.3960146,-66.3141046,interseccion
INTER_6179474646,6179474646,Intersección 6179474646,-17.3961826,-66.3143144,interseccion
INTER_6179474650,6179474650,Intersección 6179474650,-17.3957988,-66.3163552,interseccion
INTER_6182146934,6182146934,Intersección 6182146934,-17.3691162,-66.2447579,interseccion
INTER_6182146935,6182146935,Intersección 6182146935,-17.3747093,-66.2513344,interseccion
INTER_6182146944,6182146944,Intersección 6182146944,-17.367013,-66.2445264,interseccion
INTER_6182146945,6182146945,Intersección 6182146945,-17.3674155,-66.243435,interseccion
INTER_6182146946,6182146946,Intersección 6182146946,-17.3717304,-66.2440638,interseccion
INTER_6182146950,6182146950,Intersección 6182146950,-17.3690048,-66.2456534,interseccion
INTER_6182146951,6182146951,Intersección 6182146951,-17.3748626,-66.2413778,interseccion
INTER_6182146953,6182146953,Intersección 6182146953,-17.3736236,-66.248451,interseccion
INTER_6182146955,6182146955,Intersección 6182146955,-17.3702614,-66.2508651,interseccion
INTER_6182146956,6182146956,Intersección 6182146956,-17.370313,-66.249879,interseccion
INTER_6182146957,6182146957,Intersección 6182146957,-17.3702895,-66.2489414,interseccion
INTER_6182146958,6182146958,Intersección 6182146958,-17.3692555,-66.2499897,interseccion
INTER_6182149389,6182149389,Intersección 6182149389,-17.3667198,-66.2444967,interseccion
INTER_6182149391,6182149391,Intersección 6182149391,-17.3662294,-66.2462534,interseccion
INTER_6182149395,6182149395,Intersección 6182149395,-17.3659093,-66.2393269,interseccion
INTER_6182149396,6182149396,Intersección 6182149396,-17.3679129,-66.239328,interseccion
INTER_6182149397,6182149397,Intersección 6182149397,-17.3658297,-66.2386695,interseccion
INTER_6182149398,6182149398,Intersección 6182149398,-17.3670523,-66.2386828,interseccion
INTER_6182149399,6182149399,Intersección 6182149399,-17.3670514,-66.2380936,interseccion
INTER_6182149400,6182149400,Intersección 6182149400,-17.3670477,-66.2393275,interseccion
INTER_6182149401,6182149401,Intersección 6182149401,-17.3670525,-66.2388394,interseccion
INTER_6182149402,6182149402,Intersección 6182149402,-17.3678266,-66.2387833,interseccion
INTER_6298536648,6298536648,Intersección 6298536648,-17.4112177,-66.3249854,interseccion
INTER_6299798350,6299798350,Intersección 6299798350,-17.3728957,-66.2564122,interseccion
INTER_6299798361,6299798361,Intersección 6299798361,-17.3766078,-66.254637,interseccion
INTER_6299798365,6299798365,Intersección 6299798365,-17.3703447,-66.2629052,interseccion
INTER_6299798367,6299798367,Intersección 6299798367,-17.3702542,-66.2634774,interseccion
INTER_6299798368,6299798368,Intersección 6299798368,-17.3695391,-66.263634,interseccion
INTER_6299798372,6299798372,Intersección 6299798372,-17.3704735,-66.265659,interseccion
INTER_6299798387,6299798387,Intersección 6299798387,-17.3781893,-66.2462624,interseccion
INTER_6299798390,6299798390,Intersección 6299798390,-17.3777439,-66.2478432,interseccion
INTER_6299798391,6299798391,Intersección 6299798391,-17.3778792,-66.2462822,interseccion
INTER_6299798392,6299798392,Intersección 6299798392,-17.3788494,-66.2443644,interseccion
INTER_6299798393,6299798393,Intersección 6299798393,-17.377945,-66.2458429,interseccion
INTER_6299798394,6299798394,Intersección 6299798394,-17.3764521,-66.2458153,interseccion
INTER_6299820747,6299820747,Intersección 6299820747,-17.3820224,-66.259973,interseccion
INTER_6299820748,6299820748,Intersección 6299820748,-17.3810453,-66.2599169,interseccion
INTER_6299820750,6299820750,Intersección 6299820750,-17.3810937,-66.2588987,interseccion
INTER_6299820759,6299820759,Intersección 6299820759,-17.3804909,-66.2611579,interseccion
INTER_6299820760,6299820760,Intersección 6299820760,-17.3788595,-66.2611536,interseccion
INTER_6299820761,6299820761,Intersección 6299820761,-17.3798561,-66.2611574,interseccion
INTER_6299820763,6299820763,Intersección 6299820763,-17.3798464,-66.2609567,interseccion
INTER_6338167948,6338167948,Intersección 6338167948,-17.3999297,-66.3200859,interseccion
INTER_6338167949,6338167949,Intersección 6338167949,-17.3998726,-66.3210681,interseccion
INTER_6338167953,6338167953,Intersección 6338167953,-17.4004034,-66.320468,interseccion
INTER_6338167954,6338167954,Intersección 6338167954,-17.4016397,-66.3206249,interseccion
INTER_6352666672,6352666672,Intersección 6352666672,-17.396845,-66.3226743,interseccion
INTER_6352666673,6352666673,Intersección 6352666673,-17.3967139,-66.3222821,interseccion
INTER_6352666677,6352666677,Intersección 6352666677,-17.3964108,-66.3209488,interseccion
INTER_6352666679,6352666679,Intersección 6352666679,-17.3963161,-66.3201138,interseccion
INTER_6352987802,6352987802,Intersección 6352987802,-17.3946464,-66.3230483,interseccion
INTER_6352988073,6352988073,Intersección 6352988073,-17.3792416,-66.3141064,interseccion
INTER_6352988074,6352988074,Intersección 6352988074,-17.373014,-66.3091497,interseccion
INTER_6352988079,6352988079,Intersección 6352988079,-17.3726142,-66.3119225,interseccion
INTER_6352988080,6352988080,Intersección 6352988080,-17.3713497,-66.3057677,interseccion
INTER_6352988082,6352988082,Intersección 6352988082,-17.3709666,-66.3029288,interseccion
INTER_6352988083,6352988083,Intersección 6352988083,-17.3708655,-66.3027388,interseccion
INTER_6352988087,6352988087,Intersección 6352988087,-17.3703343,-66.2964401,interseccion
INTER_6387277809,6387277809,Intersección 6387277809,-17.3972547,-66.3236507,interseccion
INTER_6456707531,6456707531,Intersección 6456707531,-17.3947011,-66.236079,interseccion
INTER_6469059252,6469059252,Intersección 6469059252,-17.3678105,-66.286588,interseccion
INTER_6469059279,6469059279,Intersección 6469059279,-17.3607854,-66.2751515,interseccion
INTER_6469059283,6469059283,Intersección 6469059283,-17.361723,-66.2779495,interseccion
INTER_6469065586,6469065586,Intersección 6469065586,-17.3673108,-66.2807377,interseccion
INTER_6572862386,6572862386,Intersección 6572862386,-17.407557,-66.2818919,interseccion
INTER_6572862387,6572862387,Intersección 6572862387,-17.4075797,-66.282018,interseccion
INTER_6572862388,6572862388,Intersección 6572862388,-17.4073575,-66.2834869,interseccion
INTER_6572862389,6572862389,Intersección 6572862389,-17.4073023,-66.2836282,interseccion
INTER_6572877668,6572877668,Intersección 6572877668,-17.4105132,-66.286302,interseccion
INTER_6572877669,6572877669,Intersección 6572877669,-17.4105103,-66.2863965,interseccion
INTER_6572877670,6572877670,Intersección 6572877670,-17.4141982,-66.2864079,interseccion
INTER_6572877672,6572877672,Intersección 6572877672,-17.4141934,-66.2863323,interseccion
INTER_6572877677,6572877677,Intersección 6572877677,-17.4128976,-66.2864031,interseccion
INTER_6572877678,6572877678,Intersección 6572877678,-17.4077257,-66.286359,interseccion
INTER_6572877679,6572877679,Intersección 6572877679,-17.4089883,-66.2863822,interseccion
INTER_6572877680,6572877680,Intersección 6572877680,-17.4075165,-66.2863602,interseccion
INTER_6572877681,6572877681,Intersección 6572877681,-17.406999,-66.2863513,interseccion
INTER_6572877682,6572877682,Intersección 6572877682,-17.4065023,-66.2863531,interseccion
INTER_6572877683,6572877683,Intersección 6572877683,-17.4058809,-66.286342,interseccion
INTER_6572877684,6572877684,Intersección 6572877684,-17.4046296,-66.2863315,interseccion
INTER_6572900985,6572900985,Intersección 6572900985,-17.405241,-66.2863409,interseccion
INTER_6572900986,6572900986,Intersección 6572900986,-17.404083,-66.2863296,interseccion
INTER_6572900987,6572900987,Intersección 6572900987,-17.4032158,-66.2863234,interseccion
INTER_6572900988,6572900988,Intersección 6572900988,-17.4006178,-66.2862838,interseccion
INTER_6572900990,6572900990,Intersección 6572900990,-17.4020858,-66.2863346,interseccion
INTER_6572900991,6572900991,Intersección 6572900991,-17.4019135,-66.2863158,interseccion
INTER_6572900996,6572900996,Intersección 6572900996,-17.3984378,-66.2862568,interseccion
INTER_6572900997,6572900997,Intersección 6572900997,-17.3975366,-66.2862682,interseccion
INTER_6572900998,6572900998,Intersección 6572900998,-17.3966953,-66.2862688,interseccion
INTER_6572901000,6572901000,Intersección 6572901000,-17.3948349,-66.2862643,interseccion
INTER_6572901006,6572901006,Intersección 6572901006,-17.4039847,-66.2862459,interseccion
INTER_6583288998,6583288998,Intersección 6583288998,-17.3945595,-66.2906093,interseccion
INTER_6583289005,6583289005,Intersección 6583289005,-17.3980057,-66.2957736,interseccion
INTER_6583289029,6583289029,Intersección 6583289029,-17.397619,-66.2899526,interseccion
INTER_6583289051,6583289051,Intersección 6583289051,-17.399329,-66.30143,interseccion
INTER_6583289052,6583289052,Intersección 6583289052,-17.4015865,-66.301394,interseccion
INTER_6583289054,6583289054,Intersección 6583289054,-17.4017244,-66.2972197,interseccion
INTER_6583289055,6583289055,Intersección 6583289055,-17.4031581,-66.303862,interseccion
INTER_6583289060,6583289060,Intersección 6583289060,-17.4054076,-66.3030888,interseccion
INTER_6583289062,6583289062,Intersección 6583289062,-17.4063925,-66.3041489,interseccion
INTER_6583289069,6583289069,Intersección 6583289069,-17.4064697,-66.3032177,interseccion
INTER_6583289070,6583289070,Intersección 6583289070,-17.4079978,-66.3047134,interseccion
INTER_6583289071,6583289071,Intersección 6583289071,-17.4081184,-66.3040233,interseccion
INTER_6583289078,6583289078,Intersección 6583289078,-17.404904,-66.3048646,interseccion
INTER_6583289084,6583289084,Intersección 6583289084,-17.4040843,-66.3071262,interseccion
INTER_6583297589,6583297589,Intersección 6583297589,-17.3984796,-66.3039159,interseccion
INTER_6583297610,6583297610,Intersección 6583297610,-17.4060399,-66.305296,interseccion
INTER_6583297612,6583297612,Intersección 6583297612,-17.4002277,-66.3141051,interseccion
INTER_6583297623,6583297623,Intersección 6583297623,-17.4046063,-66.3152761,interseccion
INTER_6583297625,6583297625,Intersección 6583297625,-17.4047977,-66.3163466,interseccion
INTER_6583297648,6583297648,Intersección 6583297648,-17.3983488,-66.3187662,interseccion
INTER_6583297654,6583297654,Intersección 6583297654,-17.3970953,-66.3218904,interseccion
INTER_6583297655,6583297655,Intersección 6583297655,-17.3966142,-66.3219434,interseccion
INTER_6583297659,6583297659,Intersección 6583297659,-17.4038555,-66.3214757,interseccion
INTER_6583297700,6583297700,Intersección 6583297700,-17.4253054,-66.3250562,interseccion
INTER_6583297707,6583297707,Intersección 6583297707,-17.4191976,-66.3253469,interseccion
INTER_6583297715,6583297715,Intersección 6583297715,-17.4049269,-66.3003902,interseccion
INTER_6583297716,6583297716,Intersección 6583297716,-17.4057005,-66.3016815,interseccion
INTER_6583297717,6583297717,Intersección 6583297717,-17.4057585,-66.3004556,interseccion
INTER_6583297718,6583297718,Intersección 6583297718,-17.406352,-66.3019054,interseccion
INTER_6583297719,6583297719,Intersección 6583297719,-17.4064206,-66.3004881,interseccion
INTER_6728813997,6728813997,Intersección 6728813997,-17.4005302,-66.2865908,interseccion
INTER_6728814021,6728814021,Intersección 6728814021,-17.393123,-66.2867243,interseccion
INTER_6751605308,6751605308,Intersección 6751605308,-17.3956606,-66.3121451,interseccion
INTER_6751605309,6751605309,Intersección 6751605309,-17.3956698,-66.3122454,interseccion
INTER_6751605312,6751605312,Intersección 6751605312,-17.3958998,-66.3119884,interseccion
INTER_6751605314,6751605314,Intersección 6751605314,-17.3957891,-66.3119894,interseccion
INTER_6751605321,6751605321,Intersección 6751605321,-17.3958093,-66.3123703,interseccion
INTER_6751605324,6751605324,Intersección 6751605324,-17.3959203,-66.3123581,interseccion
INTER_6751605325,6751605325,Intersección 6751605325,-17.3959926,-66.3123004,interseccion
INTER_6751635944,6751635944,Intersección 6751635944,-17.3914921,-66.2972487,interseccion
INTER_6751635945,6751635945,Intersección 6751635945,-17.3914478,-66.2973711,interseccion
INTER_6751635946,6751635946,Intersección 6751635946,-17.3914681,-66.2981206,interseccion
INTER_6751635969,6751635969,Intersección 6751635969,-17.3785422,-66.3032087,interseccion
INTER_6751635978,6751635978,Intersección 6751635978,-17.3758007,-66.3068006,interseccion
INTER_6751635980,6751635980,Intersección 6751635980,-17.3771993,-66.3068366,interseccion
INTER_6751635992,6751635992,Intersección 6751635992,-17.3777261,-66.3085747,interseccion
INTER_6751635998,6751635998,Intersección 6751635998,-17.3828311,-66.3035824,interseccion
INTER_6751635999,6751635999,Intersección 6751635999,-17.3827485,-66.3040151,interseccion
INTER_6751636001,6751636001,Intersección 6751636001,-17.3826766,-66.3051691,interseccion
INTER_6751636002,6751636002,Intersección 6751636002,-17.3845102,-66.3040927,interseccion
INTER_6751636003,6751636003,Intersección 6751636003,-17.3828199,-66.3036412,interseccion
INTER_6751636006,6751636006,Intersección 6751636006,-17.3804134,-66.2923224,interseccion
INTER_6751636007,6751636007,Intersección 6751636007,-17.3796624,-66.2930751,interseccion
INTER_6751636008,6751636008,Intersección 6751636008,-17.3796291,-66.2922953,interseccion
INTER_6751636010,6751636010,Intersección 6751636010,-17.3804201,-66.2917027,interseccion
INTER_6751636011,6751636011,Intersección 6751636011,-17.3799198,-66.2911318,interseccion
INTER_6751636012,6751636012,Intersección 6751636012,-17.3804476,-66.2930955,interseccion
INTER_6751636013,6751636013,Intersección 6751636013,-17.380433,-66.2927167,interseccion
INTER_6751636015,6751636015,Intersección 6751636015,-17.3817177,-66.2931212,interseccion
INTER_6751636016,6751636016,Intersección 6751636016,-17.3839736,-66.2990251,interseccion
INTER_6751636017,6751636017,Intersección 6751636017,-17.3869147,-66.2989512,interseccion
INTER_6751636018,6751636018,Intersección 6751636018,-17.3868938,-66.3003017,interseccion
INTER_6751636019,6751636019,Intersección 6751636019,-17.3854893,-66.2996316,interseccion
INTER_6751636020,6751636020,Intersección 6751636020,-17.386908,-66.2996663,interseccion
INTER_6751636021,6751636021,Intersección 6751636021,-17.3887676,-66.3003304,interseccion
INTER_6751636022,6751636022,Intersección 6751636022,-17.3874654,-66.300313,interseccion
INTER_6751636024,6751636024,Intersección 6751636024,-17.3880847,-66.3024884,interseccion
INTER_6751636027,6751636027,Intersección 6751636027,-17.3951114,-66.297332,interseccion
INTER_6751636033,6751636033,Intersección 6751636033,-17.3949021,-66.2988636,interseccion
INTER_6751636034,6751636034,Intersección 6751636034,-17.395362,-66.2988332,interseccion
INTER_6751636036,6751636036,Intersección 6751636036,-17.3951555,-66.2981854,interseccion
INTER_6751636037,6751636037,Intersección 6751636037,-17.3954231,-66.3079122,interseccion
INTER_6751636038,6751636038,Intersección 6751636038,-17.3955559,-66.3077258,interseccion
INTER_6751636043,6751636043,Intersección 6751636043,-17.3955756,-66.3081104,interseccion
INTER_6751636044,6751636044,Intersección 6751636044,-17.3956893,-66.3080973,interseccion
INTER_6751636049,6751636049,Intersección 6751636049,-17.395669,-66.3077256,interseccion
INTER_6751636075,6751636075,Intersección 6751636075,-17.3932341,-66.3100337,interseccion
INTER_6751636076,6751636076,Intersección 6751636076,-17.3924535,-66.3100103,interseccion
INTER_6751636077,6751636077,Intersección 6751636077,-17.3923385,-66.3093402,interseccion
INTER_6751636081,6751636081,Intersección 6751636081,-17.3892599,-66.309341,interseccion
INTER_6751636082,6751636082,Intersección 6751636082,-17.3882761,-66.3088299,interseccion
INTER_6751636090,6751636090,Intersección 6751636090,-17.3909058,-66.3067441,interseccion
INTER_6751636104,6751636104,Intersección 6751636104,-17.3933008,-66.3081142,interseccion
INTER_6751636106,6751636106,Intersección 6751636106,-17.393595,-66.3093375,interseccion
INTER_6751636112,6751636112,Intersección 6751636112,-17.3924443,-66.309967,interseccion
INTER_6751636114,6751636114,Intersección 6751636114,-17.3916216,-66.3105925,interseccion
INTER_6751636120,6751636120,Intersección 6751636120,-17.3899137,-66.3111922,interseccion
INTER_6751636122,6751636122,Intersección 6751636122,-17.389404,-66.3103903,interseccion
INTER_6751636123,6751636123,Intersección 6751636123,-17.3893309,-66.3112069,interseccion
INTER_6751636124,6751636124,Intersección 6751636124,-17.3885506,-66.3067949,interseccion
INTER_6751636125,6751636125,Intersección 6751636125,-17.3883933,-66.3080054,interseccion
INTER_6751636126,6751636126,Intersección 6751636126,-17.3883043,-66.3080014,interseccion
INTER_6751636128,6751636128,Intersección 6751636128,-17.3883169,-66.3093669,interseccion
INTER_6751636132,6751636132,Intersección 6751636132,-17.3870326,-66.3093842,interseccion
INTER_6751636140,6751636140,Intersección 6751636140,-17.3960321,-66.3145117,interseccion
INTER_6751636141,6751636141,Intersección 6751636141,-17.3961401,-66.3144397,interseccion
INTER_6751636143,6751636143,Intersección 6751636143,-17.3961233,-66.3141632,interseccion
INTER_6751636145,6751636145,Intersección 6751636145,-17.3958989,-66.3141226,interseccion
INTER_6751636148,6751636148,Intersección 6751636148,-17.3957832,-66.3142392,interseccion
INTER_6751636150,6751636150,Intersección 6751636150,-17.394909,-66.3151406,interseccion
INTER_6751636151,6751636151,Intersección 6751636151,-17.3949697,-66.3142454,interseccion
INTER_6751636179,6751636179,Intersección 6751636179,-17.3931889,-66.3111665,interseccion
INTER_6774155552,6774155552,Intersección 6774155552,-17.4168463,-66.276497,interseccion
INTER_6774155571,6774155571,Intersección 6774155571,-17.3974976,-66.2735699,interseccion
INTER_6776041520,6776041520,Intersección 6776041520,-17.4099386,-66.2764658,interseccion
INTER_6776041521,6776041521,Intersección 6776041521,-17.4094796,-66.2764637,interseccion
INTER_6776042961,6776042961,Intersección 6776042961,-17.4100741,-66.2908885,interseccion
INTER_6776042966,6776042966,Intersección 6776042966,-17.4107122,-66.2848963,interseccion
INTER_6776042970,6776042970,Intersección 6776042970,-17.4109938,-66.2939764,interseccion
INTER_6776042971,6776042971,Intersección 6776042971,-17.4115128,-66.2967199,interseccion
INTER_6776042977,6776042977,Intersección 6776042977,-17.4126942,-66.2965202,interseccion
INTER_6776042978,6776042978,Intersección 6776042978,-17.4123417,-66.2945332,interseccion
INTER_6776042979,6776042979,Intersección 6776042979,-17.4111331,-66.2947126,interseccion
INTER_6776042980,6776042980,Intersección 6776042980,-17.4135803,-66.2943834,interseccion
INTER_6776042981,6776042981,Intersección 6776042981,-17.411253,-66.2953465,interseccion
INTER_6776042982,6776042982,Intersección 6776042982,-17.4124548,-66.2951706,interseccion
INTER_6776042983,6776042983,Intersección 6776042983,-17.413285,-66.2950823,interseccion
INTER_6776042984,6776042984,Intersección 6776042984,-17.4113827,-66.2960322,interseccion
INTER_6776042985,6776042985,Intersección 6776042985,-17.4125732,-66.2958381,interseccion
INTER_6776042986,6776042986,Intersección 6776042986,-17.4132278,-66.2957913,interseccion
INTER_6776042987,6776042987,Intersección 6776042987,-17.413142,-66.2964503,interseccion
INTER_6776043015,6776043015,Intersección 6776043015,-17.4151675,-66.2952018,interseccion
INTER_6776043029,6776043029,Intersección 6776043029,-17.4187907,-66.2970622,interseccion
INTER_6776043030,6776043030,Intersección 6776043030,-17.415938,-66.2984589,interseccion
INTER_6776043031,6776043031,Intersección 6776043031,-17.4149428,-66.298018,interseccion
INTER_6776043032,6776043032,Intersección 6776043032,-17.4156859,-66.297344,interseccion
INTER_6776043033,6776043033,Intersección 6776043033,-17.4148951,-66.2986771,interseccion
INTER_6776043034,6776043034,Intersección 6776043034,-17.4138852,-66.3006042,interseccion
INTER_6776043035,6776043035,Intersección 6776043035,-17.4143521,-66.3000351,interseccion
INTER_6776043036,6776043036,Intersección 6776043036,-17.4165505,-66.3008881,interseccion
INTER_6776043037,6776043037,Intersección 6776043037,-17.4137613,-66.301433,interseccion
INTER_6776043038,6776043038,Intersección 6776043038,-17.4162415,-66.3022103,interseccion
INTER_6776043039,6776043039,Intersección 6776043039,-17.4172755,-66.3024685,interseccion
INTER_6776043054,6776043054,Intersección 6776043054,-17.4071304,-66.3005234,interseccion
INTER_6776043056,6776043056,Intersección 6776043056,-17.4072915,-66.2987419,interseccion
INTER_6776043057,6776043057,Intersección 6776043057,-17.4072197,-66.2995986,interseccion
INTER_6776043060,6776043060,Intersección 6776043060,-17.4093217,-66.2997456,interseccion
INTER_6776043062,6776043062,Intersección 6776043062,-17.4058847,-66.3031465,interseccion
INTER_6776043066,6776043066,Intersección 6776043066,-17.4093256,-66.3027213,interseccion
INTER_6776043067,6776043067,Intersección 6776043067,-17.4104869,-66.3030107,interseccion
INTER_6776043068,6776043068,Intersección 6776043068,-17.4117478,-66.3030157,interseccion
INTER_6776043094,6776043094,Intersección 6776043094,-17.4107004,-66.2984598,interseccion
INTER_6776043097,6776043097,Intersección 6776043097,-17.4043069,-66.2928277,interseccion
INTER_6776043108,6776043108,Intersección 6776043108,-17.4089068,-66.2926839,interseccion
INTER_6776043110,6776043110,Intersección 6776043110,-17.409962,-66.2928609,interseccion
INTER_6776043111,6776043111,Intersección 6776043111,-17.4087865,-66.2917876,interseccion
INTER_6776043117,6776043117,Intersección 6776043117,-17.4037485,-66.3072187,interseccion
INTER_6776043118,6776043118,Intersección 6776043118,-17.4046402,-66.3070593,interseccion
INTER_6776043119,6776043119,Intersección 6776043119,-17.4047397,-66.3076601,interseccion
INTER_6776043122,6776043122,Intersección 6776043122,-17.3996935,-66.3081208,interseccion
INTER_6776043125,6776043125,Intersección 6776043125,-17.3994405,-66.3092483,interseccion
INTER_6776043126,6776043126,Intersección 6776043126,-17.3992375,-66.3123106,interseccion
INTER_6776043138,6776043138,Intersección 6776043138,-17.4006732,-66.312871,interseccion
INTER_6776043147,6776043147,Intersección 6776043147,-17.4070396,-66.3149479,interseccion
INTER_6776043190,6776043190,Intersección 6776043190,-17.4037456,-66.3078216,interseccion
INTER_6835454637,6835454637,Intersección 6835454637,-17.3913827,-66.2504843,interseccion
INTER_6835454638,6835454638,Intersección 6835454638,-17.3912755,-66.2490148,interseccion
INTER_6836009051,6836009051,Intersección 6836009051,-17.3615533,-66.2313769,interseccion
INTER_6836009056,6836009056,Intersección 6836009056,-17.361137,-66.2347676,interseccion
INTER_6836009060,6836009060,Intersección 6836009060,-17.361354,-66.2323486,interseccion
INTER_6836009062,6836009062,Intersección 6836009062,-17.3622729,-66.2338112,interseccion
INTER_6836009077,6836009077,Intersección 6836009077,-17.3613196,-66.2330702,interseccion
INTER_6836009080,6836009080,Intersección 6836009080,-17.3623813,-66.2331341,interseccion
INTER_6836034783,6836034783,Intersección 6836034783,-17.388094,-66.2380829,interseccion
INTER_6836037120,6836037120,Intersección 6836037120,-17.3881229,-66.2487599,interseccion
INTER_6836037122,6836037122,Intersección 6836037122,-17.3856246,-66.2484405,interseccion
INTER_6836037127,6836037127,Intersección 6836037127,-17.3908685,-66.2490434,interseccion
INTER_6836037142,6836037142,Intersección 6836037142,-17.3882087,-66.2487704,interseccion
INTER_6836037158,6836037158,Intersección 6836037158,-17.3873769,-66.2476779,interseccion
INTER_6836037176,6836037176,Intersección 6836037176,-17.3910656,-66.2378308,interseccion
INTER_6836075143,6836075143,Intersección 6836075143,-17.3601903,-66.2330014,interseccion
INTER_6917120217,6917120217,Intersección 6917120217,-17.3929681,-66.2680632,interseccion
INTER_6917120246,6917120246,Intersección 6917120246,-17.3935331,-66.2728521,interseccion
INTER_6918680884,6918680884,Intersección 6918680884,-17.3901405,-66.2384881,interseccion
INTER_6918695293,6918695293,Intersección 6918695293,-17.3838796,-66.2383703,interseccion
INTER_6918695295,6918695295,Intersección 6918695295,-17.3841274,-66.2379565,interseccion
INTER_6918695296,6918695296,Intersección 6918695296,-17.3848569,-66.2367958,interseccion
INTER_6918695298,6918695298,Intersección 6918695298,-17.3824624,-66.2401268,interseccion
INTER_6918695300,6918695300,Intersección 6918695300,-17.3829677,-66.2384965,interseccion
INTER_6920365846,6920365846,Intersección 6920365846,-17.3995929,-66.2862765,interseccion
INTER_6988392095,6988392095,Intersección 6988392095,-17.4228848,-66.254512,interseccion
INTER_6988392096,6988392096,Intersección 6988392096,-17.417171,-66.2528595,interseccion
INTER_6988392097,6988392097,Intersección 6988392097,-17.4171893,-66.2523021,interseccion
INTER_6988392099,6988392099,Intersección 6988392099,-17.4184389,-66.2515452,interseccion
INTER_6988392100,6988392100,Intersección 6988392100,-17.4192551,-66.25168,interseccion
INTER_6988392101,6988392101,Intersección 6988392101,-17.42,-66.2516218,interseccion
INTER_6988392121,6988392121,Intersección 6988392121,-17.4208837,-66.2507601,interseccion
INTER_6988392124,6988392124,Intersección 6988392124,-17.4215549,-66.2487413,interseccion
INTER_6988392126,6988392126,Intersección 6988392126,-17.4198806,-66.2437375,interseccion
INTER_6988392128,6988392128,Intersección 6988392128,-17.4198404,-66.2448718,interseccion
INTER_6988392133,6988392133,Intersección 6988392133,-17.4203898,-66.2437643,interseccion
INTER_6988392135,6988392135,Intersección 6988392135,-17.4203996,-66.2421037,interseccion
INTER_6988392136,6988392136,Intersección 6988392136,-17.4209157,-66.2389058,interseccion
INTER_6988392138,6988392138,Intersección 6988392138,-17.4210393,-66.2437942,interseccion
INTER_6988392139,6988392139,Intersección 6988392139,-17.4210119,-66.2421781,interseccion
INTER_6988392142,6988392142,Intersección 6988392142,-17.4214941,-66.2390077,interseccion
INTER_6988392146,6988392146,Intersección 6988392146,-17.4216211,-66.2421888,interseccion
INTER_6988392151,6988392151,Intersección 6988392151,-17.4224025,-66.237586,interseccion
INTER_6988392154,6988392154,Intersección 6988392154,-17.4183769,-66.243664,interseccion
INTER_6988392156,6988392156,Intersección 6988392156,-17.4173122,-66.2435943,interseccion
INTER_6988392157,6988392157,Intersección 6988392157,-17.4162089,-66.2435299,interseccion
INTER_6988392158,6988392158,Intersección 6988392158,-17.4162196,-66.2429666,interseccion
INTER_6988392160,6988392160,Intersección 6988392160,-17.4172923,-66.2425268,interseccion
INTER_6988392161,6988392161,Intersección 6988392161,-17.4177855,-66.2436397,interseccion
INTER_6988392162,6988392162,Intersección 6988392162,-17.4177717,-66.242727,interseccion
INTER_6988392165,6988392165,Intersección 6988392165,-17.4228294,-66.2421727,interseccion
INTER_6988392166,6988392166,Intersección 6988392166,-17.4222457,-66.2421835,interseccion
INTER_6988392229,6988392229,Intersección 6988392229,-17.424643,-66.2349587,interseccion
INTER_6988392233,6988392233,Intersección 6988392233,-17.4224691,-66.2372672,interseccion
INTER_6988392241,6988392241,Intersección 6988392241,-17.422807,-66.237975,interseccion
INTER_6988392246,6988392246,Intersección 6988392246,-17.422656,-66.2392491,interseccion
INTER_6988392249,6988392249,Intersección 6988392249,-17.4222414,-66.2424785,interseccion
INTER_6988392252,6988392252,Intersección 6988392252,-17.4231934,-66.239335,interseccion
INTER_6988392258,6988392258,Intersección 6988392258,-17.4228642,-66.2438782,interseccion
INTER_6988392269,6988392269,Intersección 6988392269,-17.4225458,-66.2473064,interseccion
INTER_6988392273,6988392273,Intersección 6988392273,-17.4220603,-66.2391333,interseccion
INTER_6988392275,6988392275,Intersección 6988392275,-17.420285,-66.2388307,interseccion
INTER_6988392286,6988392286,Intersección 6988392286,-17.4241045,-66.2314921,interseccion
INTER_6988392297,6988392297,Intersección 6988392297,-17.4250904,-66.2324143,interseccion
INTER_6988392317,6988392317,Intersección 6988392317,-17.4245549,-66.2317229,interseccion
INTER_6988397649,6988397649,Intersección 6988397649,-17.4227567,-66.2347965,interseccion
INTER_6988397651,6988397651,Intersección 6988397651,-17.4212842,-66.2365026,interseccion
INTER_6988397668,6988397668,Intersección 6988397668,-17.4192809,-66.2372866,interseccion
INTER_6988414381,6988414381,Intersección 6988414381,-17.4094651,-66.2340644,interseccion
INTER_6988414401,6988414401,Intersección 6988414401,-17.4019053,-66.239689,interseccion
INTER_6988414404,6988414404,Intersección 6988414404,-17.4064969,-66.2333473,interseccion
INTER_6988414405,6988414405,Intersección 6988414405,-17.4183332,-66.24609,interseccion
INTER_6988414409,6988414409,Intersección 6988414409,-17.4188045,-66.2492778,interseccion
INTER_6988414410,6988414410,Intersección 6988414410,-17.4188303,-66.2495211,interseccion
INTER_6988414411,6988414411,Intersección 6988414411,-17.4190169,-66.2506536,interseccion
INTER_6988414414,6988414414,Intersección 6988414414,-17.4191553,-66.2526709,interseccion
INTER_6988414418,6988414418,Intersección 6988414418,-17.4200353,-66.2528136,interseccion
INTER_6988414427,6988414427,Intersección 6988414427,-17.4178604,-66.2493634,interseccion
INTER_6988414431,6988414431,Intersección 6988414431,-17.418113,-66.2476687,interseccion
INTER_6988414432,6988414432,Intersección 6988414432,-17.417553,-66.2505063,interseccion
INTER_6988414433,6988414433,Intersección 6988414433,-17.417811,-66.2505938,interseccion
INTER_6988414434,6988414434,Intersección 6988414434,-17.4179392,-66.2504077,interseccion
INTER_6988414436,6988414436,Intersección 6988414436,-17.4186584,-66.2505823,interseccion
INTER_6988414443,6988414443,Intersección 6988414443,-17.4170926,-66.2452895,interseccion
INTER_6988414476,6988414476,Intersección 6988414476,-17.428881,-66.2610944,interseccion
INTER_6988414505,6988414505,Intersección 6988414505,-17.4261803,-66.2633986,interseccion
INTER_6988414506,6988414506,Intersección 6988414506,-17.4259456,-66.2632247,interseccion
INTER_6988414522,6988414522,Intersección 6988414522,-17.4234095,-66.2642795,interseccion
INTER_6988414588,6988414588,Intersección 6988414588,-17.4105076,-66.2553155,interseccion
INTER_6988414596,6988414596,Intersección 6988414596,-17.4086421,-66.2551063,interseccion
INTER_6988414650,6988414650,Intersección 6988414650,-17.4018926,-66.2508304,interseccion
INTER_6988414658,6988414658,Intersección 6988414658,-17.4085026,-66.2550891,interseccion
INTER_6988414660,6988414660,Intersección 6988414660,-17.4061575,-66.2545156,interseccion
INTER_6988418561,6988418561,Intersección 6988418561,-17.4094539,-66.258285,interseccion
INTER_6988418563,6988418563,Intersección 6988418563,-17.4084118,-66.2583444,interseccion
INTER_6988418565,6988418565,Intersección 6988418565,-17.4031112,-66.2585873,interseccion
INTER_6988418579,6988418579,Intersección 6988418579,-17.4042453,-66.2506762,interseccion
INTER_6988420786,6988420786,Intersección 6988420786,-17.4041136,-66.2448316,interseccion
INTER_6988420787,6988420787,Intersección 6988420787,-17.404877,-66.2442991,interseccion
INTER_6988420790,6988420790,Intersección 6988420790,-17.4064828,-66.2434175,interseccion
INTER_6988420791,6988420791,Intersección 6988420791,-17.4064869,-66.2440444,interseccion
INTER_6991201771,6991201771,Intersección 6991201771,-17.3499857,-66.3142652,interseccion
INTER_6991201775,6991201775,Intersección 6991201775,-17.350802,-66.3090239,interseccion
INTER_6991210258,6991210258,Intersección 6991210258,-17.3517149,-66.238456,interseccion
INTER_6993765202,6993765202,Intersección 6993765202,-17.3793161,-66.3197098,interseccion
INTER_6993765245,6993765245,Intersección 6993765245,-17.3924813,-66.3220607,interseccion
INTER_6993765246,6993765246,Intersección 6993765246,-17.3914979,-66.3224818,interseccion
INTER_6993765247,6993765247,Intersección 6993765247,-17.3917232,-66.3230198,interseccion
INTER_6993765249,6993765249,Intersección 6993765249,-17.3919153,-66.3234795,interseccion
INTER_6993765250,6993765250,Intersección 6993765250,-17.3999832,-66.3185862,interseccion
INTER_7059167499,7059167499,Intersección 7059167499,-17.4036251,-66.3078435,interseccion
INTER_7059167518,7059167518,Intersección 7059167518,-17.4028021,-66.3049469,interseccion
INTER_7059176853,7059176853,Intersección 7059176853,-17.4016921,-66.2775688,interseccion
INTER_7059177781,7059177781,Intersección 7059177781,-17.4021819,-66.2825065,interseccion
INTER_7059177914,7059177914,Intersección 7059177914,-17.3932269,-66.2939556,interseccion
INTER_7059177915,7059177915,Intersección 7059177915,-17.3932057,-66.2931826,interseccion
INTER_7059177934,7059177934,Intersección 7059177934,-17.4031716,-66.2917542,interseccion
INTER_7059177935,7059177935,Intersección 7059177935,-17.4031716,-66.29165,interseccion
INTER_7059177936,7059177936,Intersección 7059177936,-17.4031716,-66.2912393,interseccion
INTER_7059177956,7059177956,Intersección 7059177956,-17.4065338,-66.2907118,interseccion
INTER_7059177957,7059177957,Intersección 7059177957,-17.4066276,-66.2899942,interseccion
INTER_7059177958,7059177958,Intersección 7059177958,-17.4068015,-66.2884519,interseccion
INTER_7059177959,7059177959,Intersección 7059177959,-17.4069293,-66.2874294,interseccion
INTER_7059177960,7059177960,Intersección 7059177960,-17.4070545,-66.2863523,interseccion
INTER_7059178010,7059178010,Intersección 7059178010,-17.4075174,-66.2869039,interseccion
INTER_7059178011,7059178011,Intersección 7059178011,-17.408539,-66.286908,interseccion
INTER_7059178014,7059178014,Intersección 7059178014,-17.4089815,-66.2812203,interseccion
INTER_7059198518,7059198518,Intersección 7059198518,-17.4079435,-66.28345,interseccion
INTER_7059198520,7059198520,Intersección 7059198520,-17.407959,-66.2820727,interseccion
INTER_7059198523,7059198523,Intersección 7059198523,-17.4185806,-66.2835215,interseccion
INTER_7059198524,7059198524,Intersección 7059198524,-17.4169205,-66.2832838,interseccion
INTER_7059198525,7059198525,Intersección 7059198525,-17.4131183,-66.2827618,interseccion
INTER_7059198526,7059198526,Intersección 7059198526,-17.4098246,-66.282288,interseccion
INTER_7059198529,7059198529,Intersección 7059198529,-17.4075705,-66.2819666,interseccion
INTER_7059198530,7059198530,Intersección 7059198530,-17.4075279,-66.2819591,interseccion
INTER_7059198531,7059198531,Intersección 7059198531,-17.4069994,-66.2818844,interseccion
INTER_7059198532,7059198532,Intersección 7059198532,-17.4064752,-66.2818077,interseccion
INTER_7059198533,7059198533,Intersección 7059198533,-17.4059359,-66.2817339,interseccion
INTER_7059198534,7059198534,Intersección 7059198534,-17.4053964,-66.2816623,interseccion
INTER_7059198535,7059198535,Intersección 7059198535,-17.4048744,-66.2815803,interseccion
INTER_7059198536,7059198536,Intersección 7059198536,-17.404324,-66.281507,interseccion
INTER_7059198537,7059198537,Intersección 7059198537,-17.403797,-66.2814316,interseccion
INTER_7059198538,7059198538,Intersección 7059198538,-17.4032525,-66.2813536,interseccion
INTER_7059198540,7059198540,Intersección 7059198540,-17.4027272,-66.2812765,interseccion
INTER_7059198541,7059198541,Intersección 7059198541,-17.402331,-66.2812237,interseccion
INTER_7059198545,7059198545,Intersección 7059198545,-17.3936306,-66.2938036,interseccion
INTER_7059198546,7059198546,Intersección 7059198546,-17.393691,-66.2931817,interseccion
INTER_7059198581,7059198581,Intersección 7059198581,-17.3948545,-66.2973748,interseccion
INTER_7059214690,7059214690,Intersección 7059214690,-17.387755,-66.2948763,interseccion
INTER_7059214695,7059214695,Intersección 7059214695,-17.3836459,-66.296576,interseccion
INTER_7059214718,7059214718,Intersección 7059214718,-17.3772655,-66.2973341,interseccion
INTER_7059214720,7059214720,Intersección 7059214720,-17.3752884,-66.2946434,interseccion
INTER_7059214722,7059214722,Intersección 7059214722,-17.3770215,-66.2946569,interseccion
INTER_7059214724,7059214724,Intersección 7059214724,-17.3741158,-66.2948676,interseccion
INTER_7059214725,7059214725,Intersección 7059214725,-17.3759603,-66.2901696,interseccion
INTER_7059214726,7059214726,Intersección 7059214726,-17.3762684,-66.2912131,interseccion
INTER_7059214730,7059214730,Intersección 7059214730,-17.3764096,-66.2924104,interseccion
INTER_7059214731,7059214731,Intersección 7059214731,-17.3763786,-66.2915842,interseccion
INTER_7059214736,7059214736,Intersección 7059214736,-17.3751429,-66.2918947,interseccion
INTER_7059214737,7059214737,Intersección 7059214737,-17.3720739,-66.2929655,interseccion
INTER_7059214739,7059214739,Intersección 7059214739,-17.3750888,-66.2930295,interseccion
INTER_7059214740,7059214740,Intersección 7059214740,-17.3713812,-66.2923117,interseccion
INTER_7059214741,7059214741,Intersección 7059214741,-17.3701744,-66.2923655,interseccion
INTER_7059214742,7059214742,Intersección 7059214742,-17.3682486,-66.2924507,interseccion
INTER_7059214744,7059214744,Intersección 7059214744,-17.3684098,-66.2935671,interseccion
INTER_7059214748,7059214748,Intersección 7059214748,-17.3688909,-66.2921336,interseccion
INTER_7059214749,7059214749,Intersección 7059214749,-17.3689368,-66.2924203,interseccion
INTER_7059214750,7059214750,Intersección 7059214750,-17.368973,-66.2930141,interseccion
INTER_7059214751,7059214751,Intersección 7059214751,-17.3702294,-66.2931164,interseccion
INTER_7059214752,7059214752,Intersección 7059214752,-17.3683046,-66.2929636,interseccion
INTER_7059214753,7059214753,Intersección 7059214753,-17.3701565,-66.2920548,interseccion
INTER_7059214754,7059214754,Intersección 7059214754,-17.3703071,-66.2942022,interseccion
INTER_7059214759,7059214759,Intersección 7059214759,-17.3698908,-66.2930868,interseccion
INTER_7059214760,7059214760,Intersección 7059214760,-17.3698593,-66.2923795,interseccion
INTER_7059214767,7059214767,Intersección 7059214767,-17.3702572,-66.2934269,interseccion
INTER_7059214771,7059214771,Intersección 7059214771,-17.3715888,-66.293385,interseccion
INTER_7059214773,7059214773,Intersección 7059214773,-17.3696028,-66.2865462,interseccion
INTER_7059214775,7059214775,Intersección 7059214775,-17.3697048,-66.2849382,interseccion
INTER_7059214780,7059214780,Intersección 7059214780,-17.3660327,-66.2822384,interseccion
INTER_7059214783,7059214783,Intersección 7059214783,-17.366525,-66.2817041,interseccion
INTER_7059214784,7059214784,Intersección 7059214784,-17.3666403,-66.2822291,interseccion
INTER_7059258023,7059258023,Intersección 7059258023,-17.3987972,-66.269947,interseccion
INTER_7059258024,7059258024,Intersección 7059258024,-17.398857,-66.268642,interseccion
INTER_7059258025,7059258025,Intersección 7059258025,-17.3989612,-66.267189,interseccion
INTER_7059258031,7059258031,Intersección 7059258031,-17.3986649,-66.264983,interseccion
INTER_7059258035,7059258035,Intersección 7059258035,-17.3989942,-66.2666779,interseccion
INTER_7061283247,7061283247,Intersección 7061283247,-17.3858592,-66.3207559,interseccion
INTER_7061283250,7061283250,Intersección 7061283250,-17.3880279,-66.3103712,interseccion
INTER_7061283251,7061283251,Intersección 7061283251,-17.3888621,-66.3098609,interseccion
INTER_7061283256,7061283256,Intersección 7061283256,-17.3857882,-66.3079977,interseccion
INTER_7061283257,7061283257,Intersección 7061283257,-17.3844345,-66.3088845,interseccion
INTER_7061283259,7061283259,Intersección 7061283259,-17.3845281,-66.3080122,interseccion
INTER_7061283265,7061283265,Intersección 7061283265,-17.3860113,-66.3098161,interseccion
INTER_7061283269,7061283269,Intersección 7061283269,-17.3837916,-66.3051713,interseccion
INTER_7061283270,7061283270,Intersección 7061283270,-17.3838764,-66.3046467,interseccion
INTER_7061283282,7061283282,Intersección 7061283282,-17.3740982,-66.2814723,interseccion
INTER_7061283283,7061283283,Intersección 7061283283,-17.3741391,-66.280936,interseccion
INTER_7061283296,7061283296,Intersección 7061283296,-17.3683021,-66.2835568,interseccion
INTER_7061283326,7061283326,Intersección 7061283326,-17.3665679,-66.2744133,interseccion
INTER_7061283328,7061283328,Intersección 7061283328,-17.3663691,-66.2763937,interseccion
INTER_7061465190,7061465190,Intersección 7061465190,-17.3654106,-66.2701893,interseccion
INTER_7061465191,7061465191,Intersección 7061465191,-17.3650603,-66.2704283,interseccion
INTER_7061465206,7061465206,Intersección 7061465206,-17.3593522,-66.2702235,interseccion
INTER_7061465219,7061465219,Intersección 7061465219,-17.3536696,-66.2649945,interseccion
INTER_7061465223,7061465223,Intersección 7061465223,-17.3517625,-66.2642308,interseccion
INTER_7061465224,7061465224,Intersección 7061465224,-17.3522868,-66.2642524,interseccion
INTER_7061465225,7061465225,Intersección 7061465225,-17.3494647,-66.2691747,interseccion
INTER_7061465226,7061465226,Intersección 7061465226,-17.3501743,-66.2691301,interseccion
INTER_7061465235,7061465235,Intersección 7061465235,-17.3478784,-66.2726591,interseccion
INTER_7061465245,7061465245,Intersección 7061465245,-17.3473611,-66.2728089,interseccion
INTER_7061465254,7061465254,Intersección 7061465254,-17.3475037,-66.264935,interseccion
INTER_7061465255,7061465255,Intersección 7061465255,-17.347542,-66.2656027,interseccion
INTER_7068071175,7068071175,Intersección 7068071175,-17.3948583,-66.2914583,interseccion
INTER_7087085726,7087085726,Intersección 7087085726,-17.4146071,-66.3218896,interseccion
INTER_7087085728,7087085728,Intersección 7087085728,-17.4143835,-66.3229911,interseccion
INTER_7087085737,7087085737,Intersección 7087085737,-17.410262,-66.3200606,interseccion
INTER_7087085738,7087085738,Intersección 7087085738,-17.4110433,-66.3206061,interseccion
INTER_7087085739,7087085739,Intersección 7087085739,-17.4097669,-66.3223689,interseccion
INTER_7087085740,7087085740,Intersección 7087085740,-17.409929,-66.3219376,interseccion
INTER_7087085741,7087085741,Intersección 7087085741,-17.4079668,-66.3202037,interseccion
INTER_7147971291,7147971291,Intersección 7147971291,-17.3951107,-66.2656731,interseccion
INTER_7147971292,7147971292,Intersección 7147971292,-17.395164,-66.2646767,interseccion
INTER_7147971311,7147971311,Intersección 7147971311,-17.3965493,-66.2576273,interseccion
INTER_7147971359,7147971359,Intersección 7147971359,-17.3986553,-66.2553379,interseccion
INTER_7147971364,7147971364,Intersección 7147971364,-17.3815181,-66.2656886,interseccion
INTER_7147971366,7147971366,Intersección 7147971366,-17.3815155,-66.2655288,interseccion
INTER_7147971367,7147971367,Intersección 7147971367,-17.3824622,-66.2655017,interseccion
INTER_7147971388,7147971388,Intersección 7147971388,-17.382034,-66.2698245,interseccion
INTER_7147971389,7147971389,Intersección 7147971389,-17.3820152,-66.2690963,interseccion
INTER_7147971390,7147971390,Intersección 7147971390,-17.3802802,-66.271303,interseccion
INTER_7147971391,7147971391,Intersección 7147971391,-17.3803652,-66.27263,interseccion
INTER_7147971392,7147971392,Intersección 7147971392,-17.380327,-66.2720125,interseccion
INTER_7147971394,7147971394,Intersección 7147971394,-17.375813,-66.2685625,interseccion
INTER_7147971398,7147971398,Intersección 7147971398,-17.3769685,-66.2675762,interseccion
INTER_7147971412,7147971412,Intersección 7147971412,-17.3751878,-66.2725919,interseccion
INTER_7147971415,7147971415,Intersección 7147971415,-17.3878957,-66.2625499,interseccion
INTER_7147971416,7147971416,Intersección 7147971416,-17.3876804,-66.2631696,interseccion
INTER_7147971417,7147971417,Intersección 7147971417,-17.3893834,-66.2626946,interseccion
INTER_7147971418,7147971418,Intersección 7147971418,-17.386456,-66.2624271,interseccion
INTER_7147971491,7147971491,Intersección 7147971491,-17.3841596,-66.263264,interseccion
INTER_7147971492,7147971492,Intersección 7147971492,-17.3842845,-66.2634943,interseccion
INTER_7147971494,7147971494,Intersección 7147971494,-17.3844724,-66.263819,interseccion
INTER_7147971499,7147971499,Intersección 7147971499,-17.3848826,-66.2611731,interseccion
INTER_7147971501,7147971501,Intersección 7147971501,-17.3807982,-66.2658033,interseccion
INTER_7147971504,7147971504,Intersección 7147971504,-17.3700015,-66.2705844,interseccion
INTER_7147971508,7147971508,Intersección 7147971508,-17.3701054,-66.2730946,interseccion
INTER_7147971509,7147971509,Intersección 7147971509,-17.3717437,-66.2723492,interseccion
INTER_7147971517,7147971517,Intersección 7147971517,-17.3699769,-66.2702009,interseccion
INTER_7147971523,7147971523,Intersección 7147971523,-17.3659897,-66.2632228,interseccion
INTER_7147971528,7147971528,Intersección 7147971528,-17.3829842,-66.2723449,interseccion
INTER_7147971538,7147971538,Intersección 7147971538,-17.3761629,-66.2756016,interseccion
INTER_7147971545,7147971545,Intersección 7147971545,-17.3755743,-66.2812699,interseccion
INTER_7147971548,7147971548,Intersección 7147971548,-17.375605,-66.2795168,interseccion
INTER_7147971549,7147971549,Intersección 7147971549,-17.3756172,-66.2797232,interseccion
INTER_7147971550,7147971550,Intersección 7147971550,-17.3751717,-66.279764,interseccion
INTER_7147971560,7147971560,Intersección 7147971560,-17.366467,-66.2754188,interseccion
INTER_7147971561,7147971561,Intersección 7147971561,-17.3672031,-66.2754838,interseccion
INTER_7149699478,7149699478,Intersección 7149699478,-17.3914884,-66.253198,interseccion
INTER_7149699509,7149699509,Intersección 7149699509,-17.3914031,-66.2505902,interseccion
INTER_7149699514,7149699514,Intersección 7149699514,-17.3923885,-66.2507452,interseccion
INTER_7149699515,7149699515,Intersección 7149699515,-17.3923198,-66.2489615,interseccion
INTER_7150288214,7150288214,Intersección 7150288214,-17.3803455,-66.2498008,interseccion
INTER_7150288216,7150288216,Intersección 7150288216,-17.3908055,-66.2386987,interseccion
INTER_7150386203,7150386203,Intersección 7150386203,-17.3972344,-66.3010321,interseccion
INTER_7150386204,7150386204,Intersección 7150386204,-17.3972354,-66.3006681,interseccion
INTER_7150386231,7150386231,Intersección 7150386231,-17.3991604,-66.2947834,interseccion
INTER_7150386232,7150386232,Intersección 7150386232,-17.3998594,-66.295863,interseccion
INTER_7150386233,7150386233,Intersección 7150386233,-17.3998472,-66.29556,interseccion
INTER_7150386235,7150386235,Intersección 7150386235,-17.3960994,-66.3130029,interseccion
INTER_7150386256,7150386256,Intersección 7150386256,-17.3971022,-66.3069183,interseccion
INTER_7150386258,7150386258,Intersección 7150386258,-17.3981618,-66.3082918,interseccion
INTER_7150386259,7150386259,Intersección 7150386259,-17.3980961,-66.306916,interseccion
INTER_7150386260,7150386260,Intersección 7150386260,-17.3981251,-66.3076905,interseccion
INTER_7150386268,7150386268,Intersección 7150386268,-17.4045494,-66.3065106,interseccion
INTER_7150386269,7150386269,Intersección 7150386269,-17.4054561,-66.3025674,interseccion
INTER_7150386271,7150386271,Intersección 7150386271,-17.4059414,-66.2980566,interseccion
INTER_7150386274,7150386274,Intersección 7150386274,-17.4089213,-66.3019893,interseccion
INTER_7150386276,7150386276,Intersección 7150386276,-17.408861,-66.302725,interseccion
INTER_7150386277,7150386277,Intersección 7150386277,-17.4094681,-66.3021231,interseccion
INTER_7150386278,7150386278,Intersección 7150386278,-17.4095843,-66.3015316,interseccion
INTER_7150386280,7150386280,Intersección 7150386280,-17.4106203,-66.3024051,interseccion
INTER_7150386281,7150386281,Intersección 7150386281,-17.4107523,-66.3018174,interseccion
INTER_7150386282,7150386282,Intersección 7150386282,-17.410805,-66.3015996,interseccion
INTER_7150386294,7150386294,Intersección 7150386294,-17.4111331,-66.2990258,interseccion
INTER_7150386296,7150386296,Intersección 7150386296,-17.4141536,-66.3011334,interseccion
INTER_7150386297,7150386297,Intersección 7150386297,-17.4153169,-66.3014576,interseccion
INTER_7150386298,7150386298,Intersección 7150386298,-17.4152677,-66.2988176,interseccion
INTER_7150386299,7150386299,Intersección 7150386299,-17.4154788,-66.2982555,interseccion
INTER_7150386335,7150386335,Intersección 7150386335,-17.408214,-66.3074241,interseccion
INTER_7150386341,7150386341,Intersección 7150386341,-17.4055371,-66.3112088,interseccion
INTER_7150386342,7150386342,Intersección 7150386342,-17.4059056,-66.3096987,interseccion
INTER_7150386345,7150386345,Intersección 7150386345,-17.4029274,-66.3161118,interseccion
INTER_7150386348,7150386348,Intersección 7150386348,-17.4033014,-66.3209943,interseccion
INTER_7150386351,7150386351,Intersección 7150386351,-17.3928814,-66.3230852,interseccion
INTER_7150386352,7150386352,Intersección 7150386352,-17.370137,-66.2983283,interseccion
INTER_7150386353,7150386353,Intersección 7150386353,-17.3714292,-66.2981309,interseccion
INTER_7150386357,7150386357,Intersección 7150386357,-17.3725691,-66.2989928,interseccion
INTER_7150386358,7150386358,Intersección 7150386358,-17.369922,-66.3003946,interseccion
INTER_7150386363,7150386363,Intersección 7150386363,-17.3703984,-66.303038,interseccion
INTER_7150386373,7150386373,Intersección 7150386373,-17.3729197,-66.3024754,interseccion
INTER_7150386374,7150386374,Intersección 7150386374,-17.3718027,-66.3027408,interseccion
INTER_7150386376,7150386376,Intersección 7150386376,-17.3720518,-66.3038208,interseccion
INTER_7171091414,7171091414,Intersección 7171091414,-17.4116536,-66.2851096,interseccion
INTER_7171091415,7171091415,Intersección 7171091415,-17.411712,-66.2839965,interseccion
INTER_7171092796,7171092796,Intersección 7171092796,-17.3989052,-66.2680539,interseccion
INTER_7171092800,7171092800,Intersección 7171092800,-17.3970754,-66.270108,interseccion
INTER_7191862066,7191862066,Intersección 7191862066,-17.4189418,-66.2460721,interseccion
INTER_7191862068,7191862068,Intersección 7191862068,-17.419384,-66.2485204,interseccion
INTER_7191862072,7191862072,Intersección 7191862072,-17.4206567,-66.2448721,interseccion
INTER_7191862075,7191862075,Intersección 7191862075,-17.4204944,-66.2462311,interseccion
INTER_7191862076,7191862076,Intersección 7191862076,-17.4203987,-66.2448795,interseccion
INTER_7212977582,7212977582,Intersección 7212977582,-17.3674811,-66.3089336,interseccion
INTER_7212977587,7212977587,Intersección 7212977587,-17.3660475,-66.3090575,interseccion
INTER_7212977588,7212977588,Intersección 7212977588,-17.3659826,-66.3083461,interseccion
INTER_7212977741,7212977741,Intersección 7212977741,-17.3561833,-66.3050571,interseccion
INTER_7212977742,7212977742,Intersección 7212977742,-17.3525336,-66.3059672,interseccion
INTER_7212977743,7212977743,Intersección 7212977743,-17.3527652,-66.3069843,interseccion
INTER_7212977744,7212977744,Intersección 7212977744,-17.3522696,-66.3048951,interseccion
INTER_7212977745,7212977745,Intersección 7212977745,-17.3501505,-66.307534,interseccion
INTER_7212977747,7212977747,Intersección 7212977747,-17.3544151,-66.3045263,interseccion
INTER_7212977748,7212977748,Intersección 7212977748,-17.3519725,-66.3059787,interseccion
INTER_7212977749,7212977749,Intersección 7212977749,-17.3499089,-66.3064764,interseccion
INTER_7212977750,7212977750,Intersección 7212977750,-17.3540866,-66.3055799,interseccion
INTER_7212977751,7212977751,Intersección 7212977751,-17.3538636,-66.3046211,interseccion
INTER_7212977752,7212977752,Intersección 7212977752,-17.3511769,-66.3073092,interseccion
INTER_7212977753,7212977753,Intersección 7212977753,-17.350943,-66.306227,interseccion
INTER_7212977754,7212977754,Intersección 7212977754,-17.3506837,-66.3051385,interseccion
INTER_7212977755,7212977755,Intersección 7212977755,-17.3506501,-66.3074213,interseccion
INTER_7212977756,7212977756,Intersección 7212977756,-17.3504278,-66.3063513,interseccion
INTER_7212977757,7212977757,Intersección 7212977757,-17.3501648,-66.3052181,interseccion
INTER_7212977758,7212977758,Intersección 7212977758,-17.3517275,-66.3071966,interseccion
INTER_7212977759,7212977759,Intersección 7212977759,-17.3514625,-66.306101,interseccion
INTER_7212977760,7212977760,Intersección 7212977760,-17.3512102,-66.3050577,interseccion
INTER_7212977761,7212977761,Intersección 7212977761,-17.3522401,-66.3070917,interseccion
INTER_7212977762,7212977762,Intersección 7212977762,-17.3517383,-66.3049766,interseccion
INTER_7212977763,7212977763,Intersección 7212977763,-17.3532651,-66.306882,interseccion
INTER_7212977764,7212977764,Intersección 7212977764,-17.353032,-66.3058429,interseccion
INTER_7212977765,7212977765,Intersección 7212977765,-17.3528158,-66.3048012,interseccion
INTER_7212977766,7212977766,Intersección 7212977766,-17.3537967,-66.3067732,interseccion
INTER_7212977767,7212977767,Intersección 7212977767,-17.353562,-66.3057108,interseccion
INTER_7212977768,7212977768,Intersección 7212977768,-17.3533335,-66.3047122,interseccion
INTER_7212977782,7212977782,Intersección 7212977782,-17.3544744,-66.2888225,interseccion
INTER_7212977783,7212977783,Intersección 7212977783,-17.3490016,-66.2901051,interseccion
INTER_7212977801,7212977801,Intersección 7212977801,-17.3590928,-66.2796501,interseccion
INTER_7212977802,7212977802,Intersección 7212977802,-17.3590703,-66.2805198,interseccion
INTER_7212977804,7212977804,Intersección 7212977804,-17.3593582,-66.2808546,interseccion
INTER_7212977805,7212977805,Intersección 7212977805,-17.3531325,-66.2668774,interseccion
INTER_7212977806,7212977806,Intersección 7212977806,-17.3544688,-66.2667728,interseccion
INTER_7212977807,7212977807,Intersección 7212977807,-17.3548483,-66.3065732,interseccion
INTER_7212977808,7212977808,Intersección 7212977808,-17.3545972,-66.3054526,interseccion
INTER_7212977809,7212977809,Intersección 7212977809,-17.3553755,-66.3064535,interseccion
INTER_7212977810,7212977810,Intersección 7212977810,-17.35513,-66.3053198,interseccion
INTER_7212977811,7212977811,Intersección 7212977811,-17.3549065,-66.3043987,interseccion
INTER_7212977814,7212977814,Intersección 7212977814,-17.3558866,-66.3063374,interseccion
INTER_7212977815,7212977815,Intersección 7212977815,-17.3556381,-66.3051931,interseccion
INTER_7212977816,7212977816,Intersección 7212977816,-17.3554257,-66.3042639,interseccion
INTER_7212977817,7212977817,Intersección 7212977817,-17.3549475,-66.30302,interseccion
INTER_7212977818,7212977818,Intersección 7212977818,-17.3532297,-66.2982925,interseccion
INTER_7212977819,7212977819,Intersección 7212977819,-17.3506964,-66.2995737,interseccion
INTER_7212977822,7212977822,Intersección 7212977822,-17.348177,-66.2972515,interseccion
INTER_7212977823,7212977823,Intersección 7212977823,-17.3520138,-66.2956723,interseccion
INTER_7212977825,7212977825,Intersección 7212977825,-17.35032,-66.2988021,interseccion
INTER_7212977828,7212977828,Intersección 7212977828,-17.35275,-66.2972348,interseccion
INTER_7212977830,7212977830,Intersección 7212977830,-17.3480029,-66.2996558,interseccion
INTER_7212977831,7212977831,Intersección 7212977831,-17.3476964,-66.2974693,interseccion
INTER_7212977832,7212977832,Intersección 7212977832,-17.3484534,-66.2995016,interseccion
INTER_7212977833,7212977833,Intersección 7212977833,-17.3479567,-66.2966533,interseccion
INTER_7212977834,7212977834,Intersección 7212977834,-17.3489486,-66.2993201,interseccion
INTER_7212977835,7212977835,Intersección 7212977835,-17.3484568,-66.2964583,interseccion
INTER_7212977836,7212977836,Intersección 7212977836,-17.3486713,-66.2970575,interseccion
INTER_7212977837,7212977837,Intersección 7212977837,-17.3494611,-66.2991726,interseccion
INTER_7212977838,7212977838,Intersección 7212977838,-17.348919,-66.296271,interseccion
INTER_7212977839,7212977839,Intersección 7212977839,-17.3491438,-66.296872,interseccion
INTER_7212977840,7212977840,Intersección 7212977840,-17.3499488,-66.2989635,interseccion
INTER_7212977843,7212977843,Intersección 7212977843,-17.363927,-66.3100453,interseccion
INTER_7212977844,7212977844,Intersección 7212977844,-17.3638668,-66.3092632,interseccion
INTER_7212977845,7212977845,Intersección 7212977845,-17.3638029,-66.3085026,interseccion
INTER_7244074678,7244074678,Intersección 7244074678,-17.3863892,-66.2314386,interseccion
INTER_7245257580,7245257580,Intersección 7245257580,-17.3891873,-66.2381719,interseccion
INTER_7245348085,7245348085,Intersección 7245348085,-17.3926382,-66.234335,interseccion
INTER_7245348086,7245348086,Intersección 7245348086,-17.3926661,-66.2337317,interseccion
INTER_7245348090,7245348090,Intersección 7245348090,-17.3963982,-66.2487637,interseccion
INTER_7245348091,7245348091,Intersección 7245348091,-17.3960149,-66.2481847,interseccion
INTER_7245348097,7245348097,Intersección 7245348097,-17.3728696,-66.2566492,interseccion
INTER_7245348103,7245348103,Intersección 7245348103,-17.3592756,-66.2513864,interseccion
INTER_7245348104,7245348104,Intersección 7245348104,-17.3602259,-66.251301,interseccion
INTER_7245348111,7245348111,Intersección 7245348111,-17.35775,-66.2529913,interseccion
INTER_7245348112,7245348112,Intersección 7245348112,-17.3577026,-66.2535414,interseccion
INTER_7245348113,7245348113,Intersección 7245348113,-17.357694,-66.2538605,interseccion
INTER_7245348115,7245348115,Intersección 7245348115,-17.3576758,-66.2581424,interseccion
INTER_7245348119,7245348119,Intersección 7245348119,-17.3599684,-66.2590601,interseccion
INTER_7245348121,7245348121,Intersección 7245348121,-17.3574253,-66.256841,interseccion
INTER_7245348128,7245348128,Intersección 7245348128,-17.357742,-66.2558353,interseccion
INTER_7245348229,7245348229,Intersección 7245348229,-17.3479294,-66.286513,interseccion
INTER_7245348249,7245348249,Intersección 7245348249,-17.3637818,-66.2889344,interseccion
INTER_7245432147,7245432147,Intersección 7245432147,-17.3539659,-66.285133,interseccion
INTER_7245432155,7245432155,Intersección 7245432155,-17.3645293,-66.2876418,interseccion
INTER_7245432159,7245432159,Intersección 7245432159,-17.363705,-66.286356,interseccion
INTER_7245432166,7245432166,Intersección 7245432166,-17.3673807,-66.2953878,interseccion
INTER_7245432169,7245432169,Intersección 7245432169,-17.3707892,-66.2954784,interseccion
INTER_7245432176,7245432176,Intersección 7245432176,-17.3797028,-66.3048184,interseccion
INTER_7245432177,7245432177,Intersección 7245432177,-17.3786464,-66.3048114,interseccion
INTER_7245436012,7245436012,Intersección 7245436012,-17.3787873,-66.3085955,interseccion
INTER_7245436016,7245436016,Intersección 7245436016,-17.3719668,-66.303354,interseccion
INTER_7245436017,7245436017,Intersección 7245436017,-17.3710546,-66.3034237,interseccion
INTER_7245436026,7245436026,Intersección 7245436026,-17.3679603,-66.2994413,interseccion
INTER_7245436044,7245436044,Intersección 7245436044,-17.3485202,-66.2945992,interseccion
INTER_7245436047,7245436047,Intersección 7245436047,-17.3480064,-66.2966339,interseccion
INTER_7245436048,7245436048,Intersección 7245436048,-17.3474379,-66.2960498,interseccion
INTER_7245436049,7245436049,Intersección 7245436049,-17.3476991,-66.2967538,interseccion
INTER_7245471795,7245471795,Intersección 7245471795,-17.3721575,-66.2673208,interseccion
INTER_7245471800,7245471800,Intersección 7245471800,-17.3814347,-66.2616951,interseccion
INTER_7245471801,7245471801,Intersección 7245471801,-17.3815012,-66.2608257,interseccion
INTER_7245471804,7245471804,Intersección 7245471804,-17.3909042,-66.2668311,interseccion
INTER_7245471808,7245471808,Intersección 7245471808,-17.3876977,-66.2668253,interseccion
INTER_7245471809,7245471809,Intersección 7245471809,-17.3899549,-66.2711509,interseccion
INTER_7245471810,7245471810,Intersección 7245471810,-17.3888611,-66.2711005,interseccion
INTER_7300874174,7300874174,Intersección 7300874174,-17.4095643,-66.3171844,interseccion
INTER_7300874176,7300874176,Intersección 7300874176,-17.410621,-66.3174891,interseccion
INTER_7300874177,7300874177,Intersección 7300874177,-17.4112881,-66.3177252,interseccion
INTER_7300874178,7300874178,Intersección 7300874178,-17.4083731,-66.3160354,interseccion
INTER_7300874180,7300874180,Intersección 7300874180,-17.4088286,-66.3162499,interseccion
INTER_7300874181,7300874181,Intersección 7300874181,-17.4092862,-66.3164913,interseccion
INTER_7300874184,7300874184,Intersección 7300874184,-17.4083899,-66.3188674,interseccion
INTER_7300947586,7300947586,Intersección 7300947586,-17.4084514,-66.3171914,interseccion
INTER_7300947587,7300947587,Intersección 7300947587,-17.4072729,-66.3187873,interseccion
INTER_7300947588,7300947588,Intersección 7300947588,-17.4077461,-66.3190187,interseccion
INTER_7300947589,7300947589,Intersección 7300947589,-17.4069858,-66.3197423,interseccion
INTER_7300947591,7300947591,Intersección 7300947591,-17.4063287,-66.3203884,interseccion
INTER_7300947606,7300947606,Intersección 7300947606,-17.4072329,-66.3159078,interseccion
INTER_7300947615,7300947615,Intersección 7300947615,-17.4079434,-66.3157005,interseccion
INTER_7300947623,7300947623,Intersección 7300947623,-17.4167819,-66.3056513,interseccion
INTER_7300947626,7300947626,Intersección 7300947626,-17.4157114,-66.3045393,interseccion
INTER_7300947628,7300947628,Intersección 7300947628,-17.4188358,-66.3070891,interseccion
INTER_7300947629,7300947629,Intersección 7300947629,-17.4185462,-66.3063446,interseccion
INTER_7300947642,7300947642,Intersección 7300947642,-17.420649,-66.3056337,interseccion
INTER_7300947643,7300947643,Intersección 7300947643,-17.4179401,-66.3048665,interseccion
INTER_7300947645,7300947645,Intersección 7300947645,-17.41921,-66.3052367,interseccion
INTER_7300947649,7300947649,Intersección 7300947649,-17.4170978,-66.304094,interseccion
INTER_7300947652,7300947652,Intersección 7300947652,-17.4190624,-66.30442,interseccion
INTER_7300947654,7300947654,Intersección 7300947654,-17.4180791,-66.3041262,interseccion
INTER_7300947655,7300947655,Intersección 7300947655,-17.4181417,-66.3036219,interseccion
INTER_7300947657,7300947657,Intersección 7300947657,-17.41605,-66.3026169,interseccion
INTER_7300947658,7300947658,Intersección 7300947658,-17.4161066,-66.3027743,interseccion
INTER_7300947660,7300947660,Intersección 7300947660,-17.4174059,-66.3011759,interseccion
INTER_7300947662,7300947662,Intersección 7300947662,-17.4205374,-66.2994002,interseccion
INTER_7300947663,7300947663,Intersección 7300947663,-17.4202917,-66.2999796,interseccion
INTER_7300947664,7300947664,Intersección 7300947664,-17.4202303,-66.3002096,interseccion
INTER_7300947667,7300947667,Intersección 7300947667,-17.4215613,-66.2971202,interseccion
INTER_7300947668,7300947668,Intersección 7300947668,-17.4200497,-66.2991266,interseccion
INTER_7300947669,7300947669,Intersección 7300947669,-17.419635,-66.2997221,interseccion
INTER_7300947670,7300947670,Intersección 7300947670,-17.4188838,-66.2991802,interseccion
INTER_7300947671,7300947671,Intersección 7300947671,-17.4187405,-66.2984581,interseccion
INTER_7300947674,7300947674,Intersección 7300947674,-17.4211671,-66.3029498,interseccion
INTER_7300947675,7300947675,Intersección 7300947675,-17.4196173,-66.2981931,interseccion
INTER_7300947676,7300947676,Intersección 7300947676,-17.420054,-66.2985258,interseccion
INTER_7300947677,7300947677,Intersección 7300947677,-17.4206204,-66.2959297,interseccion
INTER_7300947678,7300947678,Intersección 7300947678,-17.4201185,-66.296214,interseccion
INTER_7300947679,7300947679,Intersección 7300947679,-17.4165501,-66.2987101,interseccion
INTER_7300947680,7300947680,Intersección 7300947680,-17.41633,-66.2992641,interseccion
INTER_7300947681,7300947681,Intersección 7300947681,-17.4161765,-66.2996802,interseccion
INTER_7300947682,7300947682,Intersección 7300947682,-17.4160076,-66.3000496,interseccion
INTER_7300947687,7300947687,Intersección 7300947687,-17.4142675,-66.3007116,interseccion
INTER_7300947688,7300947688,Intersección 7300947688,-17.4140423,-66.3015133,interseccion
INTER_7300947689,7300947689,Intersección 7300947689,-17.4138782,-66.3042979,interseccion
INTER_7300947691,7300947691,Intersección 7300947691,-17.4144921,-66.3044159,interseccion
INTER_7300947694,7300947694,Intersección 7300947694,-17.412841,-66.3070474,interseccion
INTER_7300947695,7300947695,Intersección 7300947695,-17.4122766,-66.3048291,interseccion
INTER_7300947697,7300947697,Intersección 7300947697,-17.4127736,-66.3054784,interseccion
INTER_7300947698,7300947698,Intersección 7300947698,-17.4129478,-66.304974,interseccion
INTER_7300947710,7300947710,Intersección 7300947710,-17.4169231,-66.3159817,interseccion
INTER_7300947715,7300947715,Intersección 7300947715,-17.414676,-66.3172155,interseccion
INTER_7300947717,7300947717,Intersección 7300947717,-17.4134147,-66.317594,interseccion
INTER_7300947723,7300947723,Intersección 7300947723,-17.4111717,-66.3182226,interseccion
INTER_7300947731,7300947731,Intersección 7300947731,-17.4105391,-66.3156723,interseccion
INTER_7300995476,7300995476,Intersección 7300995476,-17.4056039,-66.3206312,interseccion
INTER_7301005366,7301005366,Intersección 7301005366,-17.4144663,-66.316718,interseccion
INTER_7301005367,7301005367,Intersección 7301005367,-17.4144071,-66.3165489,interseccion
INTER_7301005369,7301005369,Intersección 7301005369,-17.4124896,-66.3162443,interseccion
INTER_7301005372,7301005372,Intersección 7301005372,-17.4164526,-66.3156063,interseccion
INTER_7301005375,7301005375,Intersección 7301005375,-17.4159914,-66.314955,interseccion
INTER_7301005376,7301005376,Intersección 7301005376,-17.4182948,-66.3149839,interseccion
INTER_7301005377,7301005377,Intersección 7301005377,-17.4180236,-66.3147318,interseccion
INTER_7301005378,7301005378,Intersección 7301005378,-17.4176507,-66.3143766,interseccion
INTER_7301005382,7301005382,Intersección 7301005382,-17.4190064,-66.3137018,interseccion
INTER_7301007291,7301007291,Intersección 7301007291,-17.4186071,-66.3162285,interseccion
INTER_7301007292,7301007292,Intersección 7301007292,-17.4191753,-66.3159173,interseccion
INTER_7301007293,7301007293,Intersección 7301007293,-17.4193976,-66.3158098,interseccion
INTER_7301007294,7301007294,Intersección 7301007294,-17.4197281,-66.3156277,interseccion
INTER_7301007295,7301007295,Intersección 7301007295,-17.420286,-66.3153165,interseccion
INTER_7301007296,7301007296,Intersección 7301007296,-17.4207365,-66.3150376,interseccion
INTER_7301007302,7301007302,Intersección 7301007302,-17.4201173,-66.3135988,interseccion
INTER_7301007304,7301007304,Intersección 7301007304,-17.4198513,-66.3131448,interseccion
INTER_7301007309,7301007309,Intersección 7301007309,-17.4224776,-66.3118194,interseccion
INTER_7301007310,7301007310,Intersección 7301007310,-17.4198839,-66.3132326,interseccion
INTER_7301007313,7301007313,Intersección 7301007313,-17.4185386,-66.3133016,interseccion
INTER_7301007316,7301007316,Intersección 7301007316,-17.4196592,-66.3169741,interseccion
INTER_7301007317,7301007317,Intersección 7301007317,-17.4202868,-66.3167329,interseccion
INTER_7301007319,7301007319,Intersección 7301007319,-17.4208192,-66.3164057,interseccion
INTER_7301007325,7301007325,Intersección 7301007325,-17.4206349,-66.3143832,interseccion
INTER_7301007326,7301007326,Intersección 7301007326,-17.420594,-66.3140238,interseccion
INTER_7301007330,7301007330,Intersección 7301007330,-17.4190627,-66.3171871,interseccion
INTER_7301007355,7301007355,Intersección 7301007355,-17.4173446,-66.3169155,interseccion
INTER_7301007361,7301007361,Intersección 7301007361,-17.4153624,-66.3168177,interseccion
INTER_7301007366,7301007366,Intersección 7301007366,-17.4142512,-66.3144625,interseccion
INTER_7301007374,7301007374,Intersección 7301007374,-17.4165146,-66.3214642,interseccion
INTER_7301007375,7301007375,Intersección 7301007375,-17.414257,-66.321816,interseccion
INTER_7301007377,7301007377,Intersección 7301007377,-17.4112165,-66.3212605,interseccion
INTER_7301007378,7301007378,Intersección 7301007378,-17.4086139,-66.3217676,interseccion
INTER_7301007379,7301007379,Intersección 7301007379,-17.4081217,-66.3215684,interseccion
INTER_7301007388,7301007388,Intersección 7301007388,-17.4064034,-66.3208156,interseccion
INTER_7301007402,7301007402,Intersección 7301007402,-17.4088463,-66.3119259,interseccion
INTER_7301007413,7301007413,Intersección 7301007413,-17.4082678,-66.307018,interseccion
INTER_7301007454,7301007454,Intersección 7301007454,-17.4082118,-66.3128638,interseccion
INTER_7301007460,7301007460,Intersección 7301007460,-17.4056969,-66.3079672,interseccion
INTER_7301007461,7301007461,Intersección 7301007461,-17.4058034,-66.3079726,interseccion
INTER_7301007471,7301007471,Intersección 7301007471,-17.4099271,-66.2961671,interseccion
INTER_7301007479,7301007479,Intersección 7301007479,-17.4102321,-66.292473,interseccion
INTER_7301007480,7301007480,Intersección 7301007480,-17.4080172,-66.316915,interseccion
INTER_7301007482,7301007482,Intersección 7301007482,-17.4075225,-66.3166444,interseccion
INTER_7301026202,7301026202,Intersección 7301026202,-17.4080773,-66.3150364,interseccion
INTER_7301026207,7301026207,Intersección 7301026207,-17.4079915,-66.3150017,interseccion
INTER_7304392616,7304392616,Intersección 7304392616,-17.4028276,-66.2993425,interseccion
INTER_7304392632,7304392632,Intersección 7304392632,-17.4036855,-66.315952,interseccion
INTER_7359194308,7359194308,Intersección 7359194308,-17.4067629,-66.3020362,interseccion
INTER_7527585416,7527585416,Intersección 7527585416,-17.3934607,-66.2749658,interseccion
INTER_7527591076,7527591076,Intersección 7527591076,-17.3937681,-66.2781476,interseccion
INTER_7527591077,7527591077,Intersección 7527591077,-17.3940285,-66.2780201,interseccion
INTER_7527591083,7527591083,Intersección 7527591083,-17.3940332,-66.2781689,interseccion
INTER_7527591091,7527591091,Intersección 7527591091,-17.393761,-66.2780498,interseccion
INTER_7528091638,7528091638,Intersección 7528091638,-17.3734008,-66.2694046,interseccion
INTER_7528091639,7528091639,Intersección 7528091639,-17.3786447,-66.2779506,interseccion
INTER_7528091640,7528091640,Intersección 7528091640,-17.3785067,-66.2762606,interseccion
INTER_7528091644,7528091644,Intersección 7528091644,-17.3781042,-66.2791692,interseccion
INTER_7528091659,7528091659,Intersección 7528091659,-17.3814528,-66.2718873,interseccion
INTER_7528091660,7528091660,Intersección 7528091660,-17.3830091,-66.2718168,interseccion
INTER_7528091661,7528091661,Intersección 7528091661,-17.381815,-66.2718709,interseccion
INTER_7528091662,7528091662,Intersección 7528091662,-17.3817719,-66.2711795,interseccion
INTER_7528091692,7528091692,Intersección 7528091692,-17.3672284,-66.272661,interseccion
INTER_7528091693,7528091693,Intersección 7528091693,-17.3650701,-66.2778858,interseccion
INTER_7528091739,7528091739,Intersección 7528091739,-17.3596192,-66.2719643,interseccion
INTER_7528091745,7528091745,Intersección 7528091745,-17.356856,-66.2745386,interseccion
INTER_7528091746,7528091746,Intersección 7528091746,-17.3568404,-66.2744211,interseccion
INTER_7528091765,7528091765,Intersección 7528091765,-17.352864,-66.2723701,interseccion
INTER_7528091779,7528091779,Intersección 7528091779,-17.3627374,-66.2834299,interseccion
INTER_7528091780,7528091780,Intersección 7528091780,-17.3619431,-66.2834712,interseccion
INTER_7528091783,7528091783,Intersección 7528091783,-17.3706857,-66.295774,interseccion
INTER_7528091785,7528091785,Intersección 7528091785,-17.3719671,-66.2958131,interseccion
INTER_7528091786,7528091786,Intersección 7528091786,-17.3735817,-66.2946753,interseccion
INTER_7528091787,7528091787,Intersección 7528091787,-17.3713434,-66.2932911,interseccion
INTER_7528091792,7528091792,Intersección 7528091792,-17.3594648,-66.298222,interseccion
INTER_7528091793,7528091793,Intersección 7528091793,-17.3570524,-66.2990841,interseccion
INTER_7528091794,7528091794,Intersección 7528091794,-17.3580831,-66.2993248,interseccion
INTER_7528091795,7528091795,Intersección 7528091795,-17.357906,-66.2987791,interseccion
INTER_7528091796,7528091796,Intersección 7528091796,-17.3576436,-66.2979706,interseccion
INTER_7528091797,7528091797,Intersección 7528091797,-17.3571706,-66.2996618,interseccion
INTER_7528091798,7528091798,Intersección 7528091798,-17.3596693,-66.2987798,interseccion
INTER_7528091799,7528091799,Intersección 7528091799,-17.3591068,-66.2989731,interseccion
INTER_7528091800,7528091800,Intersección 7528091800,-17.3594026,-66.2998888,interseccion
INTER_7528091801,7528091801,Intersección 7528091801,-17.3573864,-66.2989647,interseccion
INTER_7528091802,7528091802,Intersección 7528091802,-17.3571758,-66.2982367,interseccion
INTER_7528091804,7528091804,Intersección 7528091804,-17.3512034,-66.2977605,interseccion
INTER_7528091805,7528091805,Intersección 7528091805,-17.3510164,-66.297345,interseccion
INTER_7528091808,7528091808,Intersección 7528091808,-17.3508158,-66.30123,interseccion
INTER_7528091810,7528091810,Intersección 7528091810,-17.3497129,-66.3013676,interseccion
INTER_7528091813,7528091813,Intersección 7528091813,-17.3492008,-66.3014226,interseccion
INTER_7528091815,7528091815,Intersección 7528091815,-17.3487154,-66.3015095,interseccion
INTER_7528125742,7528125742,Intersección 7528125742,-17.4070476,-66.2861268,interseccion
INTER_7528125743,7528125743,Intersección 7528125743,-17.4070678,-66.2862663,interseccion
INTER_7539084629,7539084629,Intersección 7539084629,-17.3738576,-66.2376686,interseccion
INTER_7539084641,7539084641,Intersección 7539084641,-17.3736968,-66.2352408,interseccion
INTER_7539084646,7539084646,Intersección 7539084646,-17.3721782,-66.2346312,interseccion
INTER_7539084647,7539084647,Intersección 7539084647,-17.3710831,-66.2369603,interseccion
INTER_7539084648,7539084648,Intersección 7539084648,-17.3709802,-66.2383281,interseccion
INTER_7539084657,7539084657,Intersección 7539084657,-17.3709108,-66.2321759,interseccion
INTER_7539084662,7539084662,Intersección 7539084662,-17.3694204,-66.2349908,interseccion
INTER_7539084663,7539084663,Intersección 7539084663,-17.3699896,-66.2350462,interseccion
INTER_7539084676,7539084676,Intersección 7539084676,-17.3676739,-66.2365686,interseccion
INTER_7539084677,7539084677,Intersección 7539084677,-17.3676436,-66.2370058,interseccion
INTER_7539084679,7539084679,Intersección 7539084679,-17.3656907,-66.2363561,interseccion
INTER_7539251090,7539251090,Intersección 7539251090,-17.3824234,-66.2422179,interseccion
INTER_7539251091,7539251091,Intersección 7539251091,-17.3826785,-66.240139,interseccion
INTER_7539251092,7539251092,Intersección 7539251092,-17.3837962,-66.2419873,interseccion
INTER_7539254298,7539254298,Intersección 7539254298,-17.3715642,-66.255776,interseccion
INTER_7539254299,7539254299,Intersección 7539254299,-17.3717916,-66.2569063,interseccion
INTER_7539254332,7539254332,Intersección 7539254332,-17.3703308,-66.2558107,interseccion
INTER_7539254334,7539254334,Intersección 7539254334,-17.3703347,-66.2565329,interseccion
INTER_7547824810,7547824810,Intersección 7547824810,-17.3691799,-66.2499151,interseccion
INTER_7547824820,7547824820,Intersección 7547824820,-17.370593,-66.2448792,interseccion
INTER_7547824992,7547824992,Intersección 7547824992,-17.3695193,-66.2405583,interseccion
INTER_7547824996,7547824996,Intersección 7547824996,-17.3721844,-66.247172,interseccion
INTER_7547824997,7547824997,Intersección 7547824997,-17.3735518,-66.2473334,interseccion
INTER_7547824999,7547824999,Intersección 7547824999,-17.3730163,-66.2472591,interseccion
INTER_7547825000,7547825000,Intersección 7547825000,-17.3825605,-66.241349,interseccion
INTER_7547825001,7547825001,Intersección 7547825001,-17.3813225,-66.2411293,interseccion
INTER_7547825006,7547825006,Intersección 7547825006,-17.3581638,-66.2407532,interseccion
INTER_7547825007,7547825007,Intersección 7547825007,-17.3627327,-66.2420043,interseccion
INTER_7547825008,7547825008,Intersección 7547825008,-17.3640819,-66.2441865,interseccion
INTER_7547825009,7547825009,Intersección 7547825009,-17.3643319,-66.2427804,interseccion
INTER_7547825010,7547825010,Intersección 7547825010,-17.3632463,-66.244084,interseccion
INTER_7547825011,7547825011,Intersección 7547825011,-17.3636501,-66.2425687,interseccion
INTER_7547825012,7547825012,Intersección 7547825012,-17.3599218,-66.2351695,interseccion
INTER_7547825018,7547825018,Intersección 7547825018,-17.3688996,-66.2491134,interseccion
INTER_7547825020,7547825020,Intersección 7547825020,-17.3685529,-66.2484985,interseccion
INTER_7550328972,7550328972,Intersección 7550328972,-17.3856102,-66.2315055,interseccion
INTER_7550328974,7550328974,Intersección 7550328974,-17.3856244,-66.2312929,interseccion
INTER_7550328985,7550328985,Intersección 7550328985,-17.3875156,-66.2334783,interseccion
INTER_7550328986,7550328986,Intersección 7550328986,-17.3858476,-66.2329025,interseccion
INTER_7550328987,7550328987,Intersección 7550328987,-17.3855207,-66.2327996,interseccion
INTER_7553152235,7553152235,Intersección 7553152235,-17.3550863,-66.234802,interseccion
INTER_7553152291,7553152291,Intersección 7553152291,-17.3569512,-66.233672,interseccion
INTER_7553152430,7553152430,Intersección 7553152430,-17.3499566,-66.2479246,interseccion
INTER_7561460872,7561460872,Intersección 7561460872,-17.3602269,-66.251367,interseccion
INTER_7564607566,7564607566,Intersección 7564607566,-17.3552359,-66.2487187,interseccion
INTER_7564607813,7564607813,Intersección 7564607813,-17.360222,-66.2523257,interseccion
INTER_7564607834,7564607834,Intersección 7564607834,-17.3586307,-66.2533985,interseccion
INTER_7564608083,7564608083,Intersección 7564608083,-17.3624112,-66.2506528,interseccion
INTER_7571861100,7571861100,Intersección 7571861100,-17.356941,-66.2582804,interseccion
INTER_7571861101,7571861101,Intersección 7571861101,-17.3554145,-66.2584097,interseccion
INTER_7571861102,7571861102,Intersección 7571861102,-17.3531281,-66.2539422,interseccion
INTER_7571861110,7571861110,Intersección 7571861110,-17.3515904,-66.2539019,interseccion
INTER_7571861111,7571861111,Intersección 7571861111,-17.351218,-66.2541187,interseccion
INTER_7571861113,7571861113,Intersección 7571861113,-17.3515729,-66.2552138,interseccion
INTER_7571861114,7571861114,Intersección 7571861114,-17.3514781,-66.2532578,interseccion
INTER_7571861117,7571861117,Intersección 7571861117,-17.3521342,-66.2535303,interseccion
INTER_7571861127,7571861127,Intersección 7571861127,-17.356739,-66.2474488,interseccion
INTER_7571885151,7571885151,Intersección 7571885151,-17.3482579,-66.2560171,interseccion
INTER_7571885154,7571885154,Intersección 7571885154,-17.3494624,-66.2559456,interseccion
INTER_7571885155,7571885155,Intersección 7571885155,-17.3524771,-66.2584538,interseccion
INTER_7571885156,7571885156,Intersección 7571885156,-17.3535056,-66.2584538,interseccion
INTER_7571885157,7571885157,Intersección 7571885157,-17.3524653,-66.2581362,interseccion
INTER_7571885158,7571885158,Intersección 7571885158,-17.3530445,-66.2581357,interseccion
INTER_7571885159,7571885159,Intersección 7571885159,-17.3530386,-66.2584538,interseccion
INTER_7571885160,7571885160,Intersección 7571885160,-17.3530327,-66.2586767,interseccion
INTER_7571885161,7571885161,Intersección 7571885161,-17.3538859,-66.258135,interseccion
INTER_7571885163,7571885163,Intersección 7571885163,-17.3531071,-66.2659965,interseccion
INTER_7579068516,7579068516,Intersección 7579068516,-17.3672199,-66.2591222,interseccion
INTER_7579068520,7579068520,Intersección 7579068520,-17.369583,-66.2588511,interseccion
INTER_7579068521,7579068521,Intersección 7579068521,-17.3670132,-66.2601286,interseccion
INTER_7579068548,7579068548,Intersección 7579068548,-17.3613675,-66.2613537,interseccion
INTER_7579068550,7579068550,Intersección 7579068550,-17.361352,-66.2589471,interseccion
INTER_7579068559,7579068559,Intersección 7579068559,-17.3588394,-66.2616751,interseccion
INTER_7579068560,7579068560,Intersección 7579068560,-17.3563046,-66.2613989,interseccion
INTER_7579068565,7579068565,Intersección 7579068565,-17.3570262,-66.2637038,interseccion
INTER_7579095686,7579095686,Intersección 7579095686,-17.3633304,-66.2698104,interseccion
INTER_7579095695,7579095695,Intersección 7579095695,-17.3656951,-66.264089,interseccion
INTER_7579095888,7579095888,Intersección 7579095888,-17.3600289,-66.2615588,interseccion
INTER_7579095889,7579095889,Intersección 7579095889,-17.3599346,-66.2603776,interseccion
INTER_7579095908,7579095908,Intersección 7579095908,-17.3599396,-66.2714499,interseccion
INTER_7579095909,7579095909,Intersección 7579095909,-17.3601872,-66.2715641,interseccion
INTER_7611091895,7611091895,Intersección 7611091895,-17.3546322,-66.2350259,interseccion
INTER_7712119310,7712119310,Intersección 7712119310,-17.4194315,-66.2486324,interseccion
INTER_7712119311,7712119311,Intersección 7712119311,-17.4198328,-66.2497351,interseccion
INTER_7712119312,7712119312,Intersección 7712119312,-17.4200221,-66.2505825,interseccion
INTER_7712119314,7712119314,Intersección 7712119314,-17.4200413,-66.2531465,interseccion
INTER_7735246388,7735246388,Intersección 7735246388,-17.4146445,-66.3197233,interseccion
INTER_7735246394,7735246394,Intersección 7735246394,-17.4158982,-66.3204028,interseccion
INTER_7735246411,7735246411,Intersección 7735246411,-17.4256651,-66.3198047,interseccion
INTER_7735246764,7735246764,Intersección 7735246764,-17.4167859,-66.3220929,interseccion
INTER_7735246913,7735246913,Intersección 7735246913,-17.3912887,-66.3219472,interseccion
INTER_7735246938,7735246938,Intersección 7735246938,-17.3867213,-66.3237084,interseccion
INTER_7735246942,7735246942,Intersección 7735246942,-17.3878796,-66.3233493,interseccion
INTER_7735246969,7735246969,Intersección 7735246969,-17.3961859,-66.3162063,interseccion
INTER_7735246970,7735246970,Intersección 7735246970,-17.3959253,-66.316247,interseccion
INTER_7735246983,7735246983,Intersección 7735246983,-17.4058516,-66.3066041,interseccion
INTER_7735246984,7735246984,Intersección 7735246984,-17.4058432,-66.3075198,interseccion
INTER_7735246985,7735246985,Intersección 7735246985,-17.4057531,-66.3076202,interseccion
INTER_7735246998,7735246998,Intersección 7735246998,-17.4082009,-66.3150539,interseccion
INTER_7735260366,7735260366,Intersección 7735260366,-17.4015738,-66.3042446,interseccion
INTER_7735260367,7735260367,Intersección 7735260367,-17.4015489,-66.3043825,interseccion
INTER_7762559548,7762559548,Intersección 7762559548,-17.3874412,-66.3112748,interseccion
INTER_7924888261,7924888261,Intersección 7924888261,-17.3933167,-66.269968,interseccion
INTER_7924888262,7924888262,Intersección 7924888262,-17.3931526,-66.2682726,interseccion
INTER_7924888263,7924888263,Intersección 7924888263,-17.3988691,-66.2700985,interseccion
INTER_7924888276,7924888276,Intersección 7924888276,-17.3988228,-66.2488541,interseccion
INTER_7929674682,7929674682,Intersección 7929674682,-17.4300648,-66.3186314,interseccion
INTER_7929674701,7929674701,Intersección 7929674701,-17.4192315,-66.3252367,interseccion
INTER_7929674870,7929674870,Intersección 7929674870,-17.4018197,-66.2917418,interseccion
INTER_7929674871,7929674871,Intersección 7929674871,-17.4017997,-66.2920415,interseccion
INTER_7929674872,7929674872,Intersección 7929674872,-17.4017713,-66.2929561,interseccion
INTER_7929674874,7929674874,Intersección 7929674874,-17.4017723,-66.2942164,interseccion
INTER_7929674877,7929674877,Intersección 7929674877,-17.4017674,-66.2951073,interseccion
INTER_7929849788,7929849788,Intersección 7929849788,-17.3987311,-66.2720575,interseccion
INTER_7929856310,7929856310,Intersección 7929856310,-17.3983845,-66.2597121,interseccion
INTER_7929856321,7929856321,Intersección 7929856321,-17.3983628,-66.2602585,interseccion
INTER_7929856333,7929856333,Intersección 7929856333,-17.3980795,-66.2513414,interseccion
INTER_7929856335,7929856335,Intersección 7929856335,-17.399452,-66.2509661,interseccion
INTER_7929856347,7929856347,Intersección 7929856347,-17.3979392,-66.2495264,interseccion
INTER_7930298474,7930298474,Intersección 7930298474,-17.4020458,-66.2511933,interseccion
INTER_7930298487,7930298487,Intersección 7930298487,-17.3953526,-66.2383675,interseccion
INTER_7930298508,7930298508,Intersección 7930298508,-17.3940772,-66.2349834,interseccion
INTER_7930298509,7930298509,Intersección 7930298509,-17.3940468,-66.2344429,interseccion
INTER_7930298510,7930298510,Intersección 7930298510,-17.3947712,-66.2368895,interseccion
INTER_7930298545,7930298545,Intersección 7930298545,-17.3937145,-66.2338309,interseccion
INTER_7931982483,7931982483,Intersección 7931982483,-17.3934613,-66.2655179,interseccion
INTER_7931999285,7931999285,Intersección 7931999285,-17.3926642,-66.2662909,interseccion
INTER_7933924035,7933924035,Intersección 7933924035,-17.3949984,-66.2331427,interseccion
INTER_7933924037,7933924037,Intersección 7933924037,-17.3932045,-66.2350927,interseccion
INTER_7933924071,7933924071,Intersección 7933924071,-17.3909571,-66.2480066,interseccion
INTER_7933924072,7933924072,Intersección 7933924072,-17.3912674,-66.2489295,interseccion
INTER_7940246220,7940246220,Intersección 7940246220,-17.4132526,-66.320478,interseccion
INTER_7940246221,7940246221,Intersección 7940246221,-17.4153415,-66.3200055,interseccion
INTER_7940246225,7940246225,Intersección 7940246225,-17.413824,-66.3183819,interseccion
INTER_7940246226,7940246226,Intersección 7940246226,-17.4143708,-66.316088,interseccion
INTER_7940246231,7940246231,Intersección 7940246231,-17.4148368,-66.3158266,interseccion
INTER_7940246232,7940246232,Intersección 7940246232,-17.4161138,-66.3151065,interseccion
INTER_7940246237,7940246237,Intersección 7940246237,-17.4170739,-66.3163705,interseccion
INTER_7940246241,7940246241,Intersección 7940246241,-17.4183953,-66.3157802,interseccion
INTER_7940246244,7940246244,Intersección 7940246244,-17.4209603,-66.3129855,interseccion
INTER_7940246245,7940246245,Intersección 7940246245,-17.4212841,-66.3129123,interseccion
INTER_7940246247,7940246247,Intersección 7940246247,-17.4170184,-66.3131318,interseccion
INTER_7940246248,7940246248,Intersección 7940246248,-17.4163913,-66.3126766,interseccion
INTER_7940246249,7940246249,Intersección 7940246249,-17.4151274,-66.3078448,interseccion
INTER_7940246252,7940246252,Intersección 7940246252,-17.4158735,-66.3040059,interseccion
INTER_7940246253,7940246253,Intersección 7940246253,-17.4159375,-66.3036878,interseccion
INTER_7943415823,7943415823,Intersección 7943415823,-17.3857489,-66.2813006,interseccion
INTER_7943415825,7943415825,Intersección 7943415825,-17.3852372,-66.2777012,interseccion
INTER_7943415826,7943415826,Intersección 7943415826,-17.3853011,-66.2785513,interseccion
INTER_7943415848,7943415848,Intersección 7943415848,-17.3711709,-66.2822356,interseccion
INTER_7943415849,7943415849,Intersección 7943415849,-17.3708031,-66.282213,interseccion
INTER_7943415876,7943415876,Intersección 7943415876,-17.3857762,-66.2853648,interseccion
INTER_7943415877,7943415877,Intersección 7943415877,-17.3848404,-66.2856996,interseccion
INTER_7943415881,7943415881,Intersección 7943415881,-17.3811831,-66.2796132,interseccion
INTER_7943419786,7943419786,Intersección 7943419786,-17.3815309,-66.2765876,interseccion
INTER_7943419788,7943419788,Intersección 7943419788,-17.3780513,-66.2793103,interseccion
INTER_8048387329,8048387329,Intersección 8048387329,-17.3932388,-66.2726698,interseccion
INTER_8048387332,8048387332,Intersección 8048387332,-17.393536,-66.2727267,interseccion
INTER_8048482131,8048482131,Intersección 8048482131,-17.3958205,-66.3144446,interseccion
INTER_8061859856,8061859856,Intersección 8061859856,-17.3982546,-66.2378432,interseccion
INTER_8061859858,8061859858,Intersección 8061859858,-17.398499,-66.236652,interseccion
INTER_8061859876,8061859876,Intersección 8061859876,-17.3998505,-66.2367037,interseccion
INTER_8061859877,8061859877,Intersección 8061859877,-17.3991656,-66.2367851,interseccion
INTER_8061859878,8061859878,Intersección 8061859878,-17.3998593,-66.236801,interseccion
INTER_8061859879,8061859879,Intersección 8061859879,-17.3992552,-66.2383159,interseccion
INTER_8061869785,8061869785,Intersección 8061869785,-17.399288,-66.2322798,interseccion
INTER_8082619547,8082619547,Intersección 8082619547,-17.3912848,-66.2838587,interseccion
INTER_8087263675,8087263675,Intersección 8087263675,-17.3938738,-66.2683549,interseccion
INTER_8087263676,8087263676,Intersección 8087263676,-17.3937744,-66.2683615,interseccion
INTER_8108974820,8108974820,Intersección 8108974820,-17.3773227,-66.2819712,interseccion
INTER_8109550180,8109550180,Intersección 8109550180,-17.4228119,-66.2492026,interseccion
INTER_8110173764,8110173764,Intersección 8110173764,-17.3786478,-66.2860356,interseccion
INTER_8110179821,8110179821,Intersección 8110179821,-17.3781618,-66.2901448,interseccion
INTER_8110179822,8110179822,Intersección 8110179822,-17.3781761,-66.2906638,interseccion
INTER_8110179895,8110179895,Intersección 8110179895,-17.3749145,-66.2911368,interseccion
INTER_8110179928,8110179928,Intersección 8110179928,-17.376097,-66.2901681,interseccion
INTER_8110179931,8110179931,Intersección 8110179931,-17.3755035,-66.2896792,interseccion
INTER_8110179957,8110179957,Intersección 8110179957,-17.3801517,-66.2956147,interseccion
INTER_8110179958,8110179958,Intersección 8110179958,-17.3799145,-66.2950042,interseccion
INTER_8117846147,8117846147,Intersección 8117846147,-17.3897038,-66.2895761,interseccion
INTER_8117846152,8117846152,Intersección 8117846152,-17.3873516,-66.2895937,interseccion
INTER_8117846153,8117846153,Intersección 8117846153,-17.3874345,-66.2914716,interseccion
INTER_8117846155,8117846155,Intersección 8117846155,-17.3870056,-66.2914503,interseccion
INTER_8117846168,8117846168,Intersección 8117846168,-17.3894489,-66.292899,interseccion
INTER_8117846179,8117846179,Intersección 8117846179,-17.3900188,-66.2953961,interseccion
INTER_8117846180,8117846180,Intersección 8117846180,-17.3897223,-66.2953328,interseccion
INTER_8117846204,8117846204,Intersección 8117846204,-17.3845473,-66.3037423,interseccion
INTER_8117851246,8117851246,Intersección 8117851246,-17.3860133,-66.3061841,interseccion
INTER_8117851247,8117851247,Intersección 8117851247,-17.3842485,-66.3067706,interseccion
INTER_8117851250,8117851250,Intersección 8117851250,-17.3854816,-66.3065142,interseccion
INTER_8117851251,8117851251,Intersección 8117851251,-17.3848383,-66.3080118,interseccion
INTER_8117851252,8117851252,Intersección 8117851252,-17.3847826,-66.3086017,interseccion
INTER_8199855405,8199855405,Intersección 8199855405,-17.3853456,-66.2592289,interseccion
INTER_8199855407,8199855407,Intersección 8199855407,-17.3860463,-66.2576167,interseccion
INTER_8211260426,8211260426,Intersección 8211260426,-17.3988409,-66.2483461,interseccion
INTER_8211260428,8211260428,Intersección 8211260428,-17.3996467,-66.2483455,interseccion
INTER_8211260488,8211260488,Intersección 8211260488,-17.3998831,-66.2437788,interseccion
INTER_8211260541,8211260541,Intersección 8211260541,-17.3964171,-66.2335252,interseccion
INTER_8221419851,8221419851,Intersección 8221419851,-17.3943251,-66.2862733,interseccion
INTER_8221420007,8221420007,Intersección 8221420007,-17.3946134,-66.2914228,interseccion
INTER_8235791973,8235791973,Intersección 8235791973,-17.4119315,-66.2602109,interseccion
INTER_8235792027,8235792027,Intersección 8235792027,-17.4107385,-66.2588334,interseccion
INTER_8258971941,8258971941,Intersección 8258971941,-17.4087456,-66.2895391,interseccion
INTER_8258971942,8258971942,Intersección 8258971942,-17.4096881,-66.2901076,interseccion
INTER_8258971944,8258971944,Intersección 8258971944,-17.4114506,-66.2906517,interseccion
INTER_8258971958,8258971958,Intersección 8258971958,-17.4097947,-66.2882248,interseccion
INTER_8258971959,8258971959,Intersección 8258971959,-17.4096665,-66.2890571,interseccion
INTER_8258971960,8258971960,Intersección 8258971960,-17.4074029,-66.2942968,interseccion
INTER_8258971961,8258971961,Intersección 8258971961,-17.4073797,-66.2949665,interseccion
INTER_8259939724,8259939724,Intersección 8259939724,-17.3891414,-66.3187828,interseccion
INTER_8261112238,8261112238,Intersección 8261112238,-17.388413,-66.3163945,interseccion
INTER_8261112265,8261112265,Intersección 8261112265,-17.3897125,-66.3170868,interseccion
INTER_8261112266,8261112266,Intersección 8261112266,-17.3895933,-66.3166684,interseccion
INTER_8261112314,8261112314,Intersección 8261112314,-17.3923856,-66.3221017,interseccion
INTER_8261112315,8261112315,Intersección 8261112315,-17.3925962,-66.3226377,interseccion
INTER_8261112316,8261112316,Intersección 8261112316,-17.392787,-66.323123,interseccion
INTER_8261112422,8261112422,Intersección 8261112422,-17.3862444,-66.3220972,interseccion
INTER_8298143446,8298143446,Intersección 8298143446,-17.3500855,-66.2634066,interseccion
INTER_8310400087,8310400087,Intersección 8310400087,-17.3909967,-66.2496194,interseccion
INTER_8316478480,8316478480,Intersección 8316478480,-17.3881856,-66.2488537,interseccion
INTER_8316478481,8316478481,Intersección 8316478481,-17.3879232,-66.2498246,interseccion
INTER_8316478482,8316478482,Intersección 8316478482,-17.3875481,-66.2507153,interseccion
INTER_8334857392,8334857392,Intersección 8334857392,-17.4057867,-66.2379838,interseccion
INTER_8397464495,8397464495,Intersección 8397464495,-17.3623294,-66.2961451,interseccion
INTER_8397464497,8397464497,Intersección 8397464497,-17.3621348,-66.2968571,interseccion
INTER_8397633819,8397633819,Intersección 8397633819,-17.3485044,-66.2945487,interseccion
INTER_8397633865,8397633865,Intersección 8397633865,-17.3482124,-66.3016526,interseccion
INTER_8397633866,8397633866,Intersección 8397633866,-17.3522207,-66.2961271,interseccion
INTER_8417356545,8417356545,Intersección 8417356545,-17.3574655,-66.3045603,interseccion
INTER_8630411911,8630411911,Intersección 8630411911,-17.3912641,-66.2507894,interseccion
INTER_8637057803,8637057803,Intersección 8637057803,-17.415015,-66.30027,interseccion
INTER_8637057807,8637057807,Intersección 8637057807,-17.4147028,-66.3008339,interseccion
INTER_8637057808,8637057808,Intersección 8637057808,-17.4163152,-66.3018682,interseccion
INTER_8637057833,8637057833,Intersección 8637057833,-17.4031894,-66.306509,interseccion
INTER_8637057845,8637057845,Intersección 8637057845,-17.3903017,-66.3052331,interseccion
INTER_8637057846,8637057846,Intersección 8637057846,-17.3904161,-66.3065032,interseccion
INTER_8759217816,8759217816,Intersección 8759217816,-17.4206594,-66.3073657,interseccion
INTER_8759252618,8759252618,Intersección 8759252618,-17.4153701,-66.3019034,interseccion
INTER_8766421759,8766421759,Intersección 8766421759,-17.362072,-66.2341854,interseccion
INTER_8766421760,8766421760,Intersección 8766421760,-17.3608853,-66.2358188,interseccion
INTER_8797027674,8797027674,Intersección 8797027674,-17.3823036,-66.3101291,interseccion
INTER_8797027676,8797027676,Intersección 8797027676,-17.3805789,-66.309877,interseccion
INTER_8797027688,8797027688,Intersección 8797027688,-17.3868268,-66.3011349,interseccion
INTER_8939440195,8939440195,Intersección 8939440195,-17.3914187,-66.2770199,interseccion
INTER_8939440214,8939440214,Intersección 8939440214,-17.386596,-66.2729104,interseccion
INTER_8939446133,8939446133,Intersección 8939446133,-17.3819983,-66.2779377,interseccion
INTER_8939446134,8939446134,Intersección 8939446134,-17.3822409,-66.2779008,interseccion
INTER_8939446155,8939446155,Intersección 8939446155,-17.3764292,-66.2763994,interseccion
INTER_8939446156,8939446156,Intersección 8939446156,-17.37627,-66.2755949,interseccion
INTER_9007657040,9007657040,Intersección 9007657040,-17.3891674,-66.2444746,interseccion
INTER_9008269144,9008269144,Intersección 9008269144,-17.3831086,-66.2372882,interseccion
INTER_9008269151,9008269151,Intersección 9008269151,-17.383668,-66.2363991,interseccion
INTER_9008269153,9008269153,Intersección 9008269153,-17.3834593,-66.2373015,interseccion
INTER_9008315516,9008315516,Intersección 9008315516,-17.3972559,-66.2472183,interseccion
INTER_9008315630,9008315630,Intersección 9008315630,-17.3779947,-66.2478741,interseccion
INTER_9008315634,9008315634,Intersección 9008315634,-17.3778313,-66.2474642,interseccion
INTER_9008315637,9008315637,Intersección 9008315637,-17.3760556,-66.2473183,interseccion
INTER_9008315671,9008315671,Intersección 9008315671,-17.3986682,-66.2499113,interseccion
INTER_9008315674,9008315674,Intersección 9008315674,-17.3988036,-66.2499967,interseccion
INTER_9008315707,9008315707,Intersección 9008315707,-17.396715,-66.242777,interseccion
INTER_9008315708,9008315708,Intersección 9008315708,-17.3965809,-66.2434977,interseccion
INTER_9008315766,9008315766,Intersección 9008315766,-17.3908101,-66.2461576,interseccion
INTER_9008315771,9008315771,Intersección 9008315771,-17.3909533,-66.2499687,interseccion
INTER_9012683073,9012683073,Intersección 9012683073,-17.4036522,-66.323646,interseccion
INTER_9012683074,9012683074,Intersección 9012683074,-17.4029588,-66.3233192,interseccion
INTER_9025874016,9025874016,Intersección 9025874016,-17.3953863,-66.2375737,interseccion
INTER_9028297181,9028297181,Intersección 9028297181,-17.3948384,-66.2379209,interseccion
INTER_9155426270,9155426270,Intersección 9155426270,-17.3723752,-66.2415747,interseccion
INTER_9155426271,9155426271,Intersección 9155426271,-17.3726537,-66.2407632,interseccion
INTER_9155426273,9155426273,Intersección 9155426273,-17.3731629,-66.2409049,interseccion
INTER_9155530478,9155530478,Intersección 9155530478,-17.4333949,-66.3192421,interseccion
INTER_9155628114,9155628114,Intersección 9155628114,-17.3873361,-66.3093475,interseccion
INTER_9155629527,9155629527,Intersección 9155629527,-17.3878179,-66.3079974,interseccion
INTER_9181753350,9181753350,Intersección 9181753350,-17.4006369,-66.2726108,interseccion
INTER_9234509625,9234509625,Intersección 9234509625,-17.4031506,-66.2313598,interseccion
INTER_9234509641,9234509641,Intersección 9234509641,-17.3989974,-66.2367666,interseccion
INTER_9234509642,9234509642,Intersección 9234509642,-17.3990002,-66.23666,interseccion
INTER_9242220756,9242220756,Intersección 9242220756,-17.4332111,-66.3124305,interseccion
INTER_9246672008,9246672008,Intersección 9246672008,-17.3505506,-66.2553209,interseccion
INTER_9246680297,9246680297,Intersección 9246680297,-17.3507815,-66.2872165,interseccion
INTER_9246680299,9246680299,Intersección 9246680299,-17.3513959,-66.2878615,interseccion
INTER_9246690550,9246690550,Intersección 9246690550,-17.357271,-66.2824544,interseccion
INTER_9246690551,9246690551,Intersección 9246690551,-17.3601129,-66.282119,interseccion
INTER_9246690553,9246690553,Intersección 9246690553,-17.3592967,-66.282697,interseccion
INTER_9254623447,9254623447,Intersección 9254623447,-17.3957861,-66.2504731,interseccion
INTER_9261457791,9261457791,Intersección 9261457791,-17.4070258,-66.3133062,interseccion
INTER_9261457794,9261457794,Intersección 9261457794,-17.4045633,-66.3135875,interseccion
INTER_9262044068,9262044068,Intersección 9262044068,-17.3998766,-66.2701421,interseccion
INTER_9262757138,9262757138,Intersección 9262757138,-17.3874299,-66.2640417,interseccion
INTER_9262757159,9262757159,Intersección 9262757159,-17.3855472,-66.2639024,interseccion
INTER_9262757160,9262757160,Intersección 9262757160,-17.3865731,-66.2640064,interseccion
INTER_9262757161,9262757161,Intersección 9262757161,-17.386685,-66.2635742,interseccion
INTER_9281030975,9281030975,Intersección 9281030975,-17.397009,-66.2626856,interseccion
INTER_9281030996,9281030996,Intersección 9281030996,-17.3941535,-66.2637354,interseccion
INTER_9281071520,9281071520,Intersección 9281071520,-17.3990438,-66.2668568,interseccion
INTER_9281071521,9281071521,Intersección 9281071521,-17.3991075,-66.2671875,interseccion
INTER_9281071523,9281071523,Intersección 9281071523,-17.3992956,-66.2679098,interseccion
INTER_9281071524,9281071524,Intersección 9281071524,-17.3994826,-66.2678631,interseccion
INTER_9281071525,9281071525,Intersección 9281071525,-17.3993204,-66.2671988,interseccion
INTER_9281071549,9281071549,Intersección 9281071549,-17.403649,-66.2677686,interseccion
INTER_9281071571,9281071571,Intersección 9281071571,-17.4042303,-66.2667711,interseccion
INTER_9311536320,9311536320,Intersección 9311536320,-17.374179,-66.2728263,interseccion
INTER_9319862547,9319862547,Intersección 9319862547,-17.4032185,-66.2868497,interseccion
INTER_9319862548,9319862548,Intersección 9319862548,-17.4036608,-66.2868893,interseccion
INTER_9319862588,9319862588,Intersección 9319862588,-17.4006036,-66.295194,interseccion
INTER_9319862595,9319862595,Intersección 9319862595,-17.3895244,-66.297366,interseccion
INTER_9343567707,9343567707,Intersección 9343567707,-17.3597222,-66.2814822,interseccion
INTER_9343588408,9343588408,Intersección 9343588408,-17.3526617,-66.2858124,interseccion
INTER_9352870501,9352870501,Intersección 9352870501,-17.3945867,-66.2863414,interseccion
INTER_9354911916,9354911916,Intersección 9354911916,-17.3932003,-66.2727854,interseccion
INTER_9363452941,9363452941,Intersección 9363452941,-17.3689166,-66.2999787,interseccion
INTER_9393644118,9393644118,Intersección 9393644118,-17.3911255,-66.3157006,interseccion
INTER_9393644130,9393644130,Intersección 9393644130,-17.3895607,-66.3127024,interseccion
INTER_9393644132,9393644132,Intersección 9393644132,-17.3895983,-66.3129812,interseccion
INTER_9393644133,9393644133,Intersección 9393644133,-17.3895155,-66.314511,interseccion
INTER_9393644135,9393644135,Intersección 9393644135,-17.390093,-66.3144441,interseccion
INTER_9393644141,9393644141,Intersección 9393644141,-17.3900274,-66.312723,interseccion
INTER_9393644142,9393644142,Intersección 9393644142,-17.3903051,-66.3135209,interseccion
INTER_9393644164,9393644164,Intersección 9393644164,-17.392989,-66.3134174,interseccion
INTER_9393644165,9393644165,Intersección 9393644165,-17.3913477,-66.3133013,interseccion
INTER_9393644175,9393644175,Intersección 9393644175,-17.3948943,-66.3121274,interseccion
INTER_9435210852,9435210852,Intersección 9435210852,-17.3523221,-66.2438046,interseccion
INTER_9435210860,9435210860,Intersección 9435210860,-17.3507002,-66.2412846,interseccion
INTER_9435210866,9435210866,Intersección 9435210866,-17.3512295,-66.2398069,interseccion
INTER_9501868366,9501868366,Intersección 9501868366,-17.4120623,-66.3102233,interseccion
INTER_9515510488,9515510488,Intersección 9515510488,-17.4179782,-66.278077,interseccion
INTER_9515510492,9515510492,Intersección 9515510492,-17.4140567,-66.2758699,interseccion
INTER_9515510493,9515510493,Intersección 9515510493,-17.4135869,-66.2758334,interseccion
INTER_9518416357,9518416357,Intersección 9518416357,-17.3825812,-66.2857422,interseccion
INTER_9518416363,9518416363,Intersección 9518416363,-17.3806152,-66.2901585,interseccion
INTER_9518416364,9518416364,Intersección 9518416364,-17.3805897,-66.2914602,interseccion
INTER_9579310771,9579310771,Intersección 9579310771,-17.3923181,-66.2488901,interseccion
INTER_9773871287,9773871287,Intersección 9773871287,-17.363159,-66.281468,interseccion
INTER_9773871291,9773871291,Intersección 9773871291,-17.3609822,-66.2795816,interseccion
INTER_9773871294,9773871294,Intersección 9773871294,-17.3608859,-66.2784544,interseccion
INTER_9950424768,9950424768,Intersección 9950424768,-17.3944817,-66.2915986,interseccion
INTER_10082895373,10082895373,Intersección 10082895373,-17.3977683,-66.2331586,interseccion
INTER_10085983806,10085983806,Intersección 10085983806,-17.4030801,-66.2318511,interseccion
INTER_10085983808,10085983808,Intersección 10085983808,-17.405579,-66.2326936,interseccion
INTER_10091222422,10091222422,Intersección 10091222422,-17.3989463,-66.241494,interseccion
INTER_10093691312,10093691312,Intersección 10093691312,-17.3981061,-66.2510157,interseccion
INTER_10093709381,10093709381,Intersección 10093709381,-17.4024017,-66.252435,interseccion
INTER_10093709392,10093709392,Intersección 10093709392,-17.4028612,-66.2528319,interseccion
INTER_10093709393,10093709393,Intersección 10093709393,-17.4029486,-66.2463444,interseccion
INTER_10093822724,10093822724,Intersección 10093822724,-17.3833671,-66.2414925,interseccion
INTER_10113341150,10113341150,Intersección 10113341150,-17.4098942,-66.2421623,interseccion
INTER_10113341151,10113341151,Intersección 10113341151,-17.4076005,-66.2408838,interseccion
INTER_10113341152,10113341152,Intersección 10113341152,-17.4056176,-66.2404455,interseccion
INTER_10113341153,10113341153,Intersección 10113341153,-17.4057193,-66.2416484,interseccion
INTER_10113341154,10113341154,Intersección 10113341154,-17.4056655,-66.2423977,interseccion
INTER_10113341155,10113341155,Intersección 10113341155,-17.4050316,-66.2435533,interseccion
INTER_10113341157,10113341157,Intersección 10113341157,-17.405321,-66.2424344,interseccion
INTER_10215727425,10215727425,Intersección 10215727425,-17.3773305,-66.2802918,interseccion
INTER_10215727428,10215727428,Intersección 10215727428,-17.3710072,-66.2771797,interseccion
INTER_10215727430,10215727430,Intersección 10215727430,-17.3711172,-66.2761691,interseccion
INTER_10243990728,10243990728,Intersección 10243990728,-17.4040809,-66.2864298,interseccion
INTER_10268699715,10268699715,Intersección 10268699715,-17.4036842,-66.2667838,interseccion
INTER_10268806954,10268806954,Intersección 10268806954,-17.3972109,-66.2681018,interseccion
INTER_10268806955,10268806955,Intersección 10268806955,-17.3978578,-66.2681119,interseccion
INTER_10276920557,10276920557,Intersección 10276920557,-17.4034902,-66.2751182,interseccion
INTER_10283483442,10283483442,Intersección 10283483442,-17.402006,-66.2894397,interseccion
INTER_10283483443,10283483443,Intersección 10283483443,-17.4031953,-66.2894318,interseccion
INTER_10283935616,10283935616,Intersección 10283935616,-17.4037824,-66.3002114,interseccion
INTER_10283935625,10283935625,Intersección 10283935625,-17.401732,-66.3014049,interseccion
INTER_10283935633,10283935633,Intersección 10283935633,-17.4018253,-66.2972367,interseccion
INTER_10290549810,10290549810,Intersección 10290549810,-17.3965747,-66.3002962,interseccion
INTER_10290626067,10290626067,Intersección 10290626067,-17.4001257,-66.3014054,interseccion
INTER_10290626068,10290626068,Intersección 10290626068,-17.4001117,-66.3020586,interseccion
INTER_10290705422,10290705422,Intersección 10290705422,-17.407352,-66.3048827,interseccion
INTER_10290705473,10290705473,Intersección 10290705473,-17.4086325,-66.3050202,interseccion
INTER_10290705477,10290705477,Intersección 10290705477,-17.4088355,-66.3058029,interseccion
INTER_10290705620,10290705620,Intersección 10290705620,-17.3987554,-66.3114547,interseccion
INTER_10290705621,10290705621,Intersección 10290705621,-17.3986969,-66.312299,interseccion
INTER_10292497291,10292497291,Intersección 10292497291,-17.3903611,-66.3057848,interseccion
INTER_10292497292,10292497292,Intersección 10292497292,-17.3899771,-66.3058453,interseccion
INTER_10292529755,10292529755,Intersección 10292529755,-17.3988115,-66.3067866,interseccion
INTER_10292575555,10292575555,Intersección 10292575555,-17.3990998,-66.3147264,interseccion
INTER_10299797154,10299797154,Intersección 10299797154,-17.3994593,-66.3159376,interseccion
INTER_10553813120,10553813120,Intersección 10553813120,-17.3876125,-66.2474033,interseccion
INTER_10553813122,10553813122,Intersección 10553813122,-17.3859137,-66.2471818,interseccion
INTER_10553813158,10553813158,Intersección 10553813158,-17.3856985,-66.2541708,interseccion
INTER_10569478827,10569478827,Intersección 10569478827,-17.4071382,-66.2420584,interseccion
INTER_10569478831,10569478831,Intersección 10569478831,-17.4038788,-66.2431586,interseccion
INTER_10569478833,10569478833,Intersección 10569478833,-17.4036939,-66.2439213,interseccion
INTER_10572209945,10572209945,Intersección 10572209945,-17.3910036,-66.2463515,interseccion
INTER_10577863984,10577863984,Intersección 10577863984,-17.3854623,-66.2321511,interseccion
INTER_10577863985,10577863985,Intersección 10577863985,-17.3855114,-66.2324297,interseccion
INTER_10577863997,10577863997,Intersección 10577863997,-17.3842876,-66.2344312,interseccion
INTER_10577864000,10577864000,Intersección 10577864000,-17.3851314,-66.2323485,interseccion
INTER_10577864003,10577864003,Intersección 10577864003,-17.3849782,-66.2327115,interseccion
INTER_10577864004,10577864004,Intersección 10577864004,-17.385341,-66.2328785,interseccion
INTER_10583691383,10583691383,Intersección 10583691383,-17.3969488,-66.3181908,interseccion
INTER_10583709323,10583709323,Intersección 10583709323,-17.3961631,-66.3209651,interseccion
INTER_10583709333,10583709333,Intersección 10583709333,-17.3963241,-66.3211098,interseccion
INTER_10583709339,10583709339,Intersección 10583709339,-17.3962783,-66.3207955,interseccion
INTER_10583709358,10583709358,Intersección 10583709358,-17.3991115,-66.3203009,interseccion
INTER_10583709368,10583709368,Intersección 10583709368,-17.4020068,-66.3212681,interseccion
INTER_10583709373,10583709373,Intersección 10583709373,-17.4025258,-66.3223615,interseccion
INTER_10583709374,10583709374,Intersección 10583709374,-17.4028912,-66.3223676,interseccion
INTER_10608801964,10608801964,Intersección 10608801964,-17.4216787,-66.2438237,interseccion
INTER_10608801968,10608801968,Intersección 10608801968,-17.4224635,-66.2449702,interseccion
INTER_10608801979,10608801979,Intersección 10608801979,-17.4220809,-66.247138,interseccion
INTER_10608801980,10608801980,Intersección 10608801980,-17.4219002,-66.2438338,interseccion
INTER_10608801983,10608801983,Intersección 10608801983,-17.4115812,-66.2708982,interseccion
INTER_10608801993,10608801993,Intersección 10608801993,-17.4079302,-66.2628363,interseccion
INTER_10608801994,10608801994,Intersección 10608801994,-17.4075826,-66.2628498,interseccion
INTER_10613336139,10613336139,Intersección 10613336139,-17.407438,-66.321964,interseccion
INTER_10634809672,10634809672,Intersección 10634809672,-17.3970044,-66.3226706,interseccion
INTER_10634809677,10634809677,Intersección 10634809677,-17.3976565,-66.3248048,interseccion
INTER_10635128235,10635128235,Intersección 10635128235,-17.3883885,-66.3224207,interseccion
INTER_10635128236,10635128236,Intersección 10635128236,-17.3881376,-66.3229708,interseccion
INTER_10679580539,10679580539,Intersección 10679580539,-17.3775132,-66.2546618,interseccion
INTER_10679580540,10679580540,Intersección 10679580540,-17.3765253,-66.2541534,interseccion
INTER_10679580581,10679580581,Intersección 10679580581,-17.3777982,-66.2475452,interseccion
INTER_10686057058,10686057058,Intersección 10686057058,-17.385881,-66.2522708,interseccion
INTER_10687066440,10687066440,Intersección 10687066440,-17.3864016,-66.2536438,interseccion
INTER_10687066441,10687066441,Intersección 10687066441,-17.3864016,-66.2527821,interseccion
INTER_10783290471,10783290471,Intersección 10783290471,-17.388923,-66.2321168,interseccion
INTER_10783305821,10783305821,Intersección 10783305821,-17.3873861,-66.2318929,interseccion
INTER_10783305823,10783305823,Intersección 10783305823,-17.3874999,-66.2333295,interseccion
INTER_10783741643,10783741643,Intersección 10783741643,-17.3875421,-66.2340044,interseccion
INTER_10783741651,10783741651,Intersección 10783741651,-17.3874858,-66.2345771,interseccion
INTER_10783741653,10783741653,Intersección 10783741653,-17.38713,-66.2349861,interseccion
INTER_10783741667,10783741667,Intersección 10783741667,-17.3903256,-66.2368895,interseccion
INTER_10783741679,10783741679,Intersección 10783741679,-17.385673,-66.2339628,interseccion
INTER_10786530861,10786530861,Intersección 10786530861,-17.3678455,-66.238096,interseccion
INTER_10786530873,10786530873,Intersección 10786530873,-17.3717169,-66.2384295,interseccion
INTER_10786530878,10786530878,Intersección 10786530878,-17.3724931,-66.2424581,interseccion
INTER_10786530900,10786530900,Intersección 10786530900,-17.3705762,-66.2441723,interseccion
INTER_10786530903,10786530903,Intersección 10786530903,-17.3698338,-66.2447997,interseccion
INTER_10786531315,10786531315,Intersección 10786531315,-17.3624243,-66.2319075,interseccion
INTER_10786531318,10786531318,Intersección 10786531318,-17.3667241,-66.2327666,interseccion
INTER_10800978228,10800978228,Intersección 10800978228,-17.3499737,-66.2978506,interseccion
INTER_10830438650,10830438650,Intersección 10830438650,-17.3479278,-66.2552973,interseccion
INTER_10830438661,10830438661,Intersección 10830438661,-17.3482625,-66.2508644,interseccion
INTER_10837314853,10837314853,Intersección 10837314853,-17.3963849,-66.2368038,interseccion
INTER_10837372438,10837372438,Intersección 10837372438,-17.3998986,-66.2428362,interseccion
INTER_10837430537,10837430537,Intersección 10837430537,-17.3909659,-66.2336205,interseccion
INTER_10837430538,10837430538,Intersección 10837430538,-17.3911146,-66.2336249,interseccion
INTER_10837513367,10837513367,Intersección 10837513367,-17.3907345,-66.2444481,interseccion
INTER_10837513369,10837513369,Intersección 10837513369,-17.3907743,-66.2437193,interseccion
INTER_10837513370,10837513370,Intersección 10837513370,-17.3910438,-66.2440073,interseccion
INTER_10964150523,10964150523,Intersección 10964150523,-17.389882,-66.2931045,interseccion
INTER_10989668260,10989668260,Intersección 10989668260,-17.3872631,-66.2487527,interseccion
INTER_10989668289,10989668289,Intersección 10989668289,-17.3819171,-66.2502265,interseccion
INTER_10989676420,10989676420,Intersección 10989676420,-17.3781365,-66.2443377,interseccion
INTER_10989676422,10989676422,Intersección 10989676422,-17.3766249,-66.2442853,interseccion
INTER_10990344035,10990344035,Intersección 10990344035,-17.4050686,-66.2877988,interseccion
INTER_10990344036,10990344036,Intersección 10990344036,-17.4044108,-66.2878375,interseccion
INTER_10991478189,10991478189,Intersección 10991478189,-17.3914844,-66.2514928,interseccion
INTER_11031871495,11031871495,Intersección 11031871495,-17.391844,-66.2579393,interseccion
INTER_11067775788,11067775788,Intersección 11067775788,-17.3718116,-66.2772054,interseccion
INTER_11067775792,11067775792,Intersección 11067775792,-17.3717889,-66.2773147,interseccion
INTER_11067843725,11067843725,Intersección 11067843725,-17.3607866,-66.2752615,interseccion
INTER_11067853355,11067853355,Intersección 11067853355,-17.3501845,-66.2720613,interseccion
INTER_11067853358,11067853358,Intersección 11067853358,-17.3505795,-66.2720391,interseccion
INTER_11069410050,11069410050,Intersección 11069410050,-17.3500614,-66.2681016,interseccion
INTER_11069410051,11069410051,Intersección 11069410051,-17.350074,-66.2678507,interseccion
INTER_11069727144,11069727144,Intersección 11069727144,-17.3973439,-66.3236027,interseccion
INTER_11069825468,11069825468,Intersección 11069825468,-17.3478911,-66.2681614,interseccion
INTER_11069825469,11069825469,Intersección 11069825469,-17.3478619,-66.2675437,interseccion
INTER_11069825478,11069825478,Intersección 11069825478,-17.3482215,-66.268145,interseccion
INTER_11071380853,11071380853,Intersección 11071380853,-17.394877,-66.2952782,interseccion
INTER_11071380854,11071380854,Intersección 11071380854,-17.3949955,-66.295275,interseccion
INTER_11071808431,11071808431,Intersección 11071808431,-17.3945087,-66.2914941,interseccion
INTER_11071879029,11071879029,Intersección 11071879029,-17.3763252,-66.2495863,interseccion
INTER_11071936834,11071936834,Intersección 11071936834,-17.4181716,-66.2872745,interseccion
INTER_11071936836,11071936836,Intersección 11071936836,-17.414013,-66.2863335,interseccion
INTER_11071989481,11071989481,Intersección 11071989481,-17.3876843,-66.250712,interseccion
INTER_11071994759,11071994759,Intersección 11071994759,-17.3760566,-66.2632389,interseccion
INTER_11071994760,11071994760,Intersección 11071994760,-17.3755471,-66.2632817,interseccion
INTER_11072008760,11072008760,Intersección 11072008760,-17.4194055,-66.283667,interseccion
INTER_11073473498,11073473498,Intersección 11073473498,-17.3940395,-66.2781445,interseccion
INTER_11073549703,11073549703,Intersección 11073549703,-17.4179944,-66.2870022,interseccion
INTER_11073549704,11073549704,Intersección 11073549704,-17.4178223,-66.2871429,interseccion
INTER_11073578856,11073578856,Intersección 11073578856,-17.4158275,-66.2866758,interseccion
INTER_11073578857,11073578857,Intersección 11073578857,-17.4157938,-66.2867536,interseccion
INTER_11073590505,11073590505,Intersección 11073590505,-17.4172303,-66.2871209,interseccion
INTER_11073616021,11073616021,Intersección 11073616021,-17.4132783,-66.2719785,interseccion
INTER_11073616022,11073616022,Intersección 11073616022,-17.4147658,-66.2735962,interseccion
INTER_11073616023,11073616023,Intersección 11073616023,-17.4142063,-66.2743145,interseccion
INTER_11073616024,11073616024,Intersección 11073616024,-17.4148864,-66.274415,interseccion
INTER_11073616025,11073616025,Intersección 11073616025,-17.415132,-66.2788759,interseccion
INTER_11073616026,11073616026,Intersección 11073616026,-17.4150553,-66.2788652,interseccion
INTER_11073616027,11073616027,Intersección 11073616027,-17.4152219,-66.2788669,interseccion
INTER_11073638698,11073638698,Intersección 11073638698,-17.4013504,-66.2764114,interseccion
INTER_11073638699,11073638699,Intersección 11073638699,-17.401436,-66.2764544,interseccion
INTER_11079137601,11079137601,Intersección 11079137601,-17.3763164,-66.2361391,interseccion
INTER_11079137602,11079137602,Intersección 11079137602,-17.3763515,-66.2340999,interseccion
INTER_11079184210,11079184210,Intersección 11079184210,-17.3892184,-66.2380707,interseccion
INTER_11084165255,11084165255,Intersección 11084165255,-17.3926666,-66.2675623,interseccion
INTER_11084165256,11084165256,Intersección 11084165256,-17.3927929,-66.2675492,interseccion
INTER_11084165259,11084165259,Intersección 11084165259,-17.391967,-66.2608141,interseccion
INTER_11084165260,11084165260,Intersección 11084165260,-17.3921143,-66.2608025,interseccion
INTER_11084165269,11084165269,Intersección 11084165269,-17.3917803,-66.2573333,interseccion
INTER_11084165270,11084165270,Intersección 11084165270,-17.3916201,-66.2573472,interseccion
INTER_11094613734,11094613734,Intersección 11094613734,-17.3973945,-66.2735523,interseccion
INTER_11094613735,11094613735,Intersección 11094613735,-17.3975085,-66.2734886,interseccion
INTER_11094613737,11094613737,Intersección 11094613737,-17.3971219,-66.2694343,interseccion
INTER_11094613751,11094613751,Intersección 11094613751,-17.3928362,-66.2701003,interseccion
INTER_11094613752,11094613752,Intersección 11094613752,-17.3928298,-66.2699479,interseccion
INTER_11104017597,11104017597,Intersección 11104017597,-17.4002257,-66.236807,interseccion
INTER_11104073626,11104073626,Intersección 11104073626,-17.3990373,-66.2415096,interseccion
INTER_11104073636,11104073636,Intersección 11104073636,-17.3988152,-66.2437801,interseccion
INTER_11104073637,11104073637,Intersección 11104073637,-17.3988331,-66.2427106,interseccion
INTER_11104073640,11104073640,Intersección 11104073640,-17.3976963,-66.2472833,interseccion
INTER_11115143394,11115143394,Intersección 11115143394,-17.3993379,-66.2899677,interseccion
INTER_11115178872,11115178872,Intersección 11115178872,-17.4068193,-66.3032612,interseccion
INTER_11115180201,11115180201,Intersección 11115180201,-17.4010813,-66.3172186,interseccion
INTER_11115180203,11115180203,Intersección 11115180203,-17.4009861,-66.3167419,interseccion
INTER_11160107337,11160107337,Intersección 11160107337,-17.4003446,-66.3200213,interseccion
INTER_11160107371,11160107371,Intersección 11160107371,-17.3989343,-66.3159874,interseccion
INTER_11160143717,11160143717,Intersección 11160143717,-17.4025871,-66.3230185,interseccion
INTER_11335354965,11335354965,Intersección 11335354965,-17.3979837,-66.2728934,interseccion
INTER_11335354966,11335354966,Intersección 11335354966,-17.3974859,-66.2728191,interseccion
INTER_11335354967,11335354967,Intersección 11335354967,-17.3997505,-66.2743875,interseccion
INTER_11335354968,11335354968,Intersección 11335354968,-17.3994567,-66.2743874,interseccion
INTER_11339403834,11339403834,Intersección 11339403834,-17.3650264,-66.309917,interseccion
INTER_11339403835,11339403835,Intersección 11339403835,-17.3649473,-66.309174,interseccion
INTER_11339403836,11339403836,Intersección 11339403836,-17.3648845,-66.3084177,interseccion
INTER_11339403837,11339403837,Intersección 11339403837,-17.3654658,-66.3091191,interseccion
INTER_11339403838,11339403838,Intersección 11339403838,-17.36543,-66.3083775,interseccion
INTER_11339403840,11339403840,Intersección 11339403840,-17.3658176,-66.3103128,interseccion
INTER_11339403841,11339403841,Intersección 11339403841,-17.3633888,-66.3100599,interseccion
INTER_11339403842,11339403842,Intersección 11339403842,-17.3632553,-66.3085289,interseccion
INTER_11339403844,11339403844,Intersección 11339403844,-17.3627228,-66.308549,interseccion
INTER_11339403845,11339403845,Intersección 11339403845,-17.3623033,-66.3101636,interseccion
INTER_11339403846,11339403846,Intersección 11339403846,-17.3621765,-66.3085745,interseccion
INTER_11339403847,11339403847,Intersección 11339403847,-17.3616275,-66.3086002,interseccion
INTER_11339403851,11339403851,Intersección 11339403851,-17.3611009,-66.3086247,interseccion
INTER_11339403852,11339403852,Intersección 11339403852,-17.3612247,-66.3103281,interseccion
INTER_11339403853,11339403853,Intersección 11339403853,-17.3605275,-66.3086603,interseccion
INTER_11339403854,11339403854,Intersección 11339403854,-17.3606752,-66.3103854,interseccion
INTER_11339403855,11339403855,Intersección 11339403855,-17.3600064,-66.3086877,interseccion
INTER_11339403856,11339403856,Intersección 11339403856,-17.3601632,-66.3104605,interseccion
INTER_11339403857,11339403857,Intersección 11339403857,-17.3594664,-66.3086915,interseccion
INTER_11339403858,11339403858,Intersección 11339403858,-17.3596119,-66.3104891,interseccion
INTER_11339403859,11339403859,Intersección 11339403859,-17.3589206,-66.3087086,interseccion
INTER_11339403860,11339403860,Intersección 11339403860,-17.3590709,-66.3105856,interseccion
INTER_11339403861,11339403861,Intersección 11339403861,-17.3585316,-66.3106679,interseccion
INTER_11339403862,11339403862,Intersección 11339403862,-17.3578539,-66.3087575,interseccion
INTER_11339403863,11339403863,Intersección 11339403863,-17.3579849,-66.3107465,interseccion
INTER_11339403864,11339403864,Intersección 11339403864,-17.3573054,-66.3087914,interseccion
INTER_11339403865,11339403865,Intersección 11339403865,-17.3574555,-66.3108286,interseccion
INTER_11339403866,11339403866,Intersección 11339403866,-17.3567253,-66.3088275,interseccion
INTER_11339403867,11339403867,Intersección 11339403867,-17.356887,-66.3109149,interseccion
INTER_11339403868,11339403868,Intersección 11339403868,-17.356212,-66.3088477,interseccion
INTER_11339407969,11339407969,Intersección 11339407969,-17.3563773,-66.310993,interseccion
INTER_11339407970,11339407970,Intersección 11339407970,-17.3529806,-66.3102215,interseccion
INTER_11339407971,11339407971,Intersección 11339407971,-17.3556829,-66.3088655,interseccion
INTER_11339407972,11339407972,Intersección 11339407972,-17.3557756,-66.3099913,interseccion
INTER_11339407973,11339407973,Intersección 11339407973,-17.35514,-66.3088839,interseccion
INTER_11339407974,11339407974,Intersección 11339407974,-17.3553147,-66.311102,interseccion
INTER_11339407975,11339407975,Intersección 11339407975,-17.3545978,-66.3088883,interseccion
INTER_11339407976,11339407976,Intersección 11339407976,-17.3547924,-66.3112057,interseccion
INTER_11339407977,11339407977,Intersección 11339407977,-17.3526385,-66.3114131,interseccion
INTER_11339407978,11339407978,Intersección 11339407978,-17.3546229,-66.3091873,interseccion
INTER_11339407979,11339407979,Intersección 11339407979,-17.3537342,-66.3112593,interseccion
INTER_11339407980,11339407980,Intersección 11339407980,-17.3536373,-66.3102928,interseccion
INTER_11339407981,11339407981,Intersección 11339407981,-17.3541702,-66.3101235,interseccion
INTER_11339407982,11339407982,Intersección 11339407982,-17.3542565,-66.3112379,interseccion
INTER_11339407984,11339407984,Intersección 11339407984,-17.3558472,-66.3110197,interseccion
INTER_11339407985,11339407985,Intersección 11339407985,-17.3635504,-66.3100979,interseccion
INTER_11339407986,11339407986,Intersección 11339407986,-17.3639897,-66.3119109,interseccion
INTER_11339407989,11339407989,Intersección 11339407989,-17.3643192,-66.3084621,interseccion
INTER_11339407990,11339407990,Intersección 11339407990,-17.3644789,-66.3098919,interseccion
INTER_11339407991,11339407991,Intersección 11339407991,-17.3520766,-66.3112513,interseccion
INTER_11339407994,11339407994,Intersección 11339407994,-17.3515509,-66.3116718,interseccion
INTER_11339407995,11339407995,Intersección 11339407995,-17.35103,-66.3117378,interseccion
INTER_11339407996,11339407996,Intersección 11339407996,-17.350917,-66.3103923,interseccion
INTER_11339407997,11339407997,Intersección 11339407997,-17.3504954,-66.3118097,interseccion
INTER_11339408085,11339408085,Intersección 11339408085,-17.3519888,-66.3103036,interseccion
INTER_11339408086,11339408086,Intersección 11339408086,-17.353758,-66.3101574,interseccion
INTER_11339408087,11339408087,Intersección 11339408087,-17.3546979,-66.3100801,interseccion
INTER_11339408088,11339408088,Intersección 11339408088,-17.3552307,-66.3100362,interseccion
INTER_11339408089,11339408089,Intersección 11339408089,-17.3562968,-66.3099484,interseccion
INTER_11339408090,11339408090,Intersección 11339408090,-17.3568089,-66.3099062,interseccion
INTER_11339408091,11339408091,Intersección 11339408091,-17.3573839,-66.309856,interseccion
INTER_11339408092,11339408092,Intersección 11339408092,-17.357923,-66.3098067,interseccion
INTER_11339408093,11339408093,Intersección 11339408093,-17.3590006,-66.3097081,interseccion
INTER_11339408094,11339408094,Intersección 11339408094,-17.3606046,-66.3095615,interseccion
INTER_11339408095,11339408095,Intersección 11339408095,-17.3611653,-66.3095102,interseccion
INTER_11339408096,11339408096,Intersección 11339408096,-17.3622433,-66.3094116,interseccion
INTER_11339408097,11339408097,Intersección 11339408097,-17.3627757,-66.309363,interseccion
INTER_11339408098,11339408098,Intersección 11339408098,-17.3633236,-66.3093129,interseccion
INTER_11339408099,11339408099,Intersección 11339408099,-17.3644037,-66.3092189,interseccion
INTER_11339408100,11339408100,Intersección 11339408100,-17.3660081,-66.3097556,interseccion
INTER_11339408101,11339408101,Intersección 11339408101,-17.3600879,-66.3096087,interseccion
INTER_11339408102,11339408102,Intersección 11339408102,-17.3595446,-66.3096584,interseccion
INTER_11339408103,11339408103,Intersección 11339408103,-17.3584659,-66.309757,interseccion
INTER_11339408104,11339408104,Intersección 11339408104,-17.3616999,-66.309458,interseccion
INTER_11339408105,11339408105,Intersección 11339408105,-17.3514336,-66.3103496,interseccion
INTER_11340745719,11340745719,Intersección 11340745719,-17.4026918,-66.2443843,interseccion
INTER_11340745765,11340745765,Intersección 11340745765,-17.4031059,-66.251554,interseccion
INTER_11340745766,11340745766,Intersección 11340745766,-17.4032706,-66.2503196,interseccion
INTER_11353252568,11353252568,Intersección 11353252568,-17.382779,-66.2734561,interseccion
INTER_11353309042,11353309042,Intersección 11353309042,-17.3942066,-66.2798815,interseccion
INTER_11353309043,11353309043,Intersección 11353309043,-17.3944915,-66.2798595,interseccion
INTER_11353342871,11353342871,Intersección 11353342871,-17.382213,-66.2815854,interseccion
INTER_11353342881,11353342881,Intersección 11353342881,-17.375336,-66.2741035,interseccion
INTER_11353342890,11353342890,Intersección 11353342890,-17.3679126,-66.2766525,interseccion
INTER_11353342891,11353342891,Intersección 11353342891,-17.3677429,-66.2778119,interseccion
INTER_11353342892,11353342892,Intersección 11353342892,-17.3674033,-66.2777532,interseccion
INTER_11353342893,11353342893,Intersección 11353342893,-17.3681796,-66.2778745,interseccion
INTER_11353342894,11353342894,Intersección 11353342894,-17.3680639,-66.2786566,interseccion
INTER_11353342895,11353342895,Intersección 11353342895,-17.3683421,-66.2767232,interseccion
INTER_11383159324,11383159324,Intersección 11383159324,-17.3619103,-66.3039515,interseccion
INTER_11383159326,11383159326,Intersección 11383159326,-17.3628284,-66.3100649,interseccion
INTER_11393314241,11393314241,Intersección 11393314241,-17.3944357,-66.3068205,interseccion
INTER_11393314242,11393314242,Intersección 11393314242,-17.3945188,-66.3053278,interseccion
INTER_11399040633,11399040633,Intersección 11399040633,-17.4325772,-66.3041036,interseccion
INTER_11809064676,11809064676,Intersección 11809064676,-17.356984,-66.2394562,interseccion
INTER_11817834790,11817834790,Intersección 11817834790,-17.3539567,-66.2845711,interseccion
INTER_11817834791,11817834791,Intersección 11817834791,-17.3539978,-66.2851298,interseccion
INTER_11834312619,11834312619,Intersección 11834312619,-17.4091307,-66.2917892,interseccion
INTER_11834312620,11834312620,Intersección 11834312620,-17.4097026,-66.2932598,interseccion
INTER_11834312621,11834312621,Intersección 11834312621,-17.4098354,-66.2942746,interseccion
INTER_11834312622,11834312622,Intersección 11834312622,-17.4100093,-66.2956032,interseccion
INTER_11834312628,11834312628,Intersección 11834312628,-17.4103453,-66.2941193,interseccion
INTER_11834312632,11834312632,Intersección 11834312632,-17.4138928,-66.3014706,interseccion
INTER_11871081536,11871081536,Intersección 11871081536,-17.3966721,-66.2998883,interseccion
INTER_11871141799,11871141799,Intersección 11871141799,-17.3926556,-66.30032,interseccion
INTER_11871165761,11871165761,Intersección 11871165761,-17.3897804,-66.2989203,interseccion
INTER_11871165763,11871165763,Intersección 11871165763,-17.3880689,-66.2996755,interseccion
INTER_11871165764,11871165764,Intersección 11871165764,-17.388069,-66.3003042,interseccion
INTER_11877737962,11877737962,Intersección 11877737962,-17.395865,-66.3133959,interseccion
INTER_11909492541,11909492541,Intersección 11909492541,-17.3616637,-66.3103886,interseccion
INTER_11927959069,11927959069,Intersección 11927959069,-17.3882971,-66.3203266,interseccion
INTER_11927959083,11927959083,Intersección 11927959083,-17.3884548,-66.3208542,interseccion
INTER_11927959084,11927959084,Intersección 11927959084,-17.3873355,-66.3211115,interseccion
INTER_11927959096,11927959096,Intersección 11927959096,-17.3865194,-66.3230698,interseccion
INTER_11927959097,11927959097,Intersección 11927959097,-17.3877274,-66.3226832,interseccion
INTER_12027825875,12027825875,Intersección 12027825875,-17.3818074,-66.26175,interseccion
INTER_12044882774,12044882774,Intersección 12044882774,-17.4008504,-66.3245595,interseccion
INTER_12044882775,12044882775,Intersección 12044882775,-17.4005073,-66.3240617,interseccion
INTER_12044882776,12044882776,Intersección 12044882776,-17.4010398,-66.3244602,interseccion
INTER_12044882777,12044882777,Intersección 12044882777,-17.4006781,-66.3239484,interseccion
INTER_12292661263,12292661263,Intersección 12292661263,-17.3672246,-66.2445478,interseccion
INTER_12292661265,12292661265,Intersección 12292661265,-17.367363,-66.2455414,interseccion
INTER_12292661268,12292661268,Intersección 12292661268,-17.3660311,-66.2452295,interseccion
INTER_12292661269,12292661269,Intersección 12292661269,-17.3664771,-66.245366,interseccion
INTER_12438871537,12438871537,Intersección 12438871537,-17.4059318,-66.313148,interseccion
INTER_12438911924,12438911924,Intersección 12438911924,-17.4056747,-66.310505,interseccion
INTER_12438911925,12438911925,Intersección 12438911925,-17.4062278,-66.3105217,interseccion
INTER_12438911930,12438911930,Intersección 12438911930,-17.4047819,-66.308773,interseccion
INTER_12438911946,12438911946,Intersección 12438911946,-17.4099669,-66.3108707,interseccion
INTER_12438912054,12438912054,Intersección 12438912054,-17.41182,-66.3083338,interseccion
INTER_12438912096,12438912096,Intersección 12438912096,-17.4143887,-66.306443,interseccion
INTER_12438912100,12438912100,Intersección 12438912100,-17.4148075,-66.306877,interseccion
INTER_12438912184,12438912184,Intersección 12438912184,-17.4169293,-66.3094683,interseccion
INTER_12441889969,12441889969,Intersección 12441889969,-17.4031859,-66.292115,interseccion
INTER_12441889975,12441889975,Intersección 12441889975,-17.4059562,-66.2896583,interseccion
INTER_12441889982,12441889982,Intersección 12441889982,-17.407498,-66.2916218,interseccion
INTER_12441890000,12441890000,Intersección 12441890000,-17.409147,-66.2916673,interseccion
INTER_12441969515,12441969515,Intersección 12441969515,-17.4186216,-66.2873541,interseccion
INTER_12441969545,12441969545,Intersección 12441969545,-17.4054014,-66.2923486,interseccion
INTER_12501362757,12501362757,Intersección 12501362757,-17.3886025,-66.2399433,interseccion
INTER_12706776941,12706776941,Intersección 12706776941,-17.3912725,-66.2896195,interseccion
INTER_12706776942,12706776942,Intersección 12706776942,-17.3923439,-66.2905405,interseccion
INTER_12706776944,12706776944,Intersección 12706776944,-17.3924134,-66.2907098,interseccion
INTER_12706776945,12706776945,Intersección 12706776945,-17.3924685,-66.2906508,interseccion
INTER_12706776949,12706776949,Intersección 12706776949,-17.3933122,-66.2915076,interseccion
INTER_12706776952,12706776952,Intersección 12706776952,-17.3933728,-66.2914381,interseccion
INTER_12706842520,12706842520,Intersección 12706842520,-17.3949649,-66.2917149,interseccion
INTER_12708178748,12708178748,Intersección 12708178748,-17.4134226,-66.2497785,interseccion
INTER_12708178749,12708178749,Intersección 12708178749,-17.4109833,-66.2522224,interseccion
INTER_12708178765,12708178765,Intersección 12708178765,-17.4043502,-66.2460888,interseccion
INTER_12720835526,12720835526,Intersección 12720835526,-17.3996899,-66.2917443,interseccion
INTER_12769491235,12769491235,Intersección 12769491235,-17.4198097,-66.2472247,interseccion
INTER_12769491237,12769491237,Intersección 12769491237,-17.4188445,-66.2472798,interseccion
INTER_12769496651,12769496651,Intersección 12769496651,-17.4215469,-66.2384511,interseccion
INTER_12770599758,12770599758,Intersección 12770599758,-17.417393,-66.2458276,interseccion
INTER_12770621246,12770621246,Intersección 12770621246,-17.4238699,-66.2478236,interseccion
INTER_12991005972,12991005972,Intersección 12991005972,-17.4172792,-66.2420019,interseccion
INTER_12991005973,12991005973,Intersección 12991005973,-17.4198161,-66.240463,interseccion
INTER_12991005974,12991005974,Intersección 12991005974,-17.4227584,-66.2347913,interseccion
INTER_12991005975,12991005975,Intersección 12991005975,-17.4251779,-66.2319169,interseccion
INTER_12991055505,12991055505,Intersección 12991055505,-17.4229272,-66.2357185,interseccion
INTER_13025810254,13025810254,Intersección 13025810254,-17.4079551,-66.2635609,interseccion
INTER_13025810255,13025810255,Intersección 13025810255,-17.4074263,-66.2635798,interseccion
INTER_13036311186,13036311186,Intersección 13036311186,-17.3662185,-66.2753674,interseccion
INTER_13240102300,13240102300,Intersección 13240102300,-17.4012507,-66.2480458,interseccion
INTER_13240121801,13240121801,Intersección 13240121801,-17.4022533,-66.248062,interseccion
INTER_13240121802,13240121802,Intersección 13240121802,-17.4022801,-66.2487632,interseccion
INTER_13240121803,13240121803,Intersección 13240121803,-17.4022335,-66.2475435,interseccion
INTER_13240121880,13240121880,Intersección 13240121880,-17.4058374,-66.2431939,interseccion
INTER_13278004157,13278004157,Intersección 13278004157,-17.4372337,-66.2936817,interseccion
INTER_13278027831,13278027831,Intersección 13278027831,-17.4237226,-66.2934944,interseccion
INTER_13302988052,13302988052,Intersección 13302988052,-17.4222805,-66.2366555,interseccion
